-- MySQL dump 10.13  Distrib 5.7.17, for Win64 (x86_64)
--
-- Host: 127.0.0.1    Database: shop
-- ------------------------------------------------------
-- Server version	5.7.19-log

/*!40101 SET @OLD_CHARACTER_SET_CLIENT=@@CHARACTER_SET_CLIENT */;
/*!40101 SET @OLD_CHARACTER_SET_RESULTS=@@CHARACTER_SET_RESULTS */;
/*!40101 SET @OLD_COLLATION_CONNECTION=@@COLLATION_CONNECTION */;
/*!40101 SET NAMES utf8 */;
/*!40103 SET @OLD_TIME_ZONE=@@TIME_ZONE */;
/*!40103 SET TIME_ZONE='+00:00' */;
/*!40014 SET @OLD_UNIQUE_CHECKS=@@UNIQUE_CHECKS, UNIQUE_CHECKS=0 */;
/*!40014 SET @OLD_FOREIGN_KEY_CHECKS=@@FOREIGN_KEY_CHECKS, FOREIGN_KEY_CHECKS=0 */;
/*!40101 SET @OLD_SQL_MODE=@@SQL_MODE, SQL_MODE='NO_AUTO_VALUE_ON_ZERO' */;
/*!40111 SET @OLD_SQL_NOTES=@@SQL_NOTES, SQL_NOTES=0 */;

--
-- Table structure for table `announ_t`
--

DROP TABLE IF EXISTS `announ_t`;
/*!40101 SET @saved_cs_client     = @@character_set_client */;
/*!40101 SET character_set_client = utf8 */;
CREATE TABLE `announ_t` (
  `announ_id` int(11) NOT NULL,
  `announ_title` varchar(45) DEFAULT NULL,
  `announ_time` datetime DEFAULT NULL,
  `announ_anchor` varchar(45) DEFAULT NULL,
  `announ_content` text,
  `display_status` int(11) DEFAULT NULL,
  PRIMARY KEY (`announ_id`)
) ENGINE=InnoDB DEFAULT CHARSET=utf8;
/*!40101 SET character_set_client = @saved_cs_client */;

--
-- Dumping data for table `announ_t`
--

LOCK TABLES `announ_t` WRITE;
/*!40000 ALTER TABLE `announ_t` DISABLE KEYS */;
INSERT INTO `announ_t` VALUES (1,'暑期促销，教科书2折出售','2016-07-24 14:10:38','http://www.dangdang.com',NULL,1),(2,'家电满200元，送插座','2016-07-24 14:10:44','http://www.jd.com',NULL,1),(3,'2016新款夏季服装，等你来试穿','2016-07-13 00:00:00',NULL,NULL,1),(4,'夏季促销，电器一律九折','2016-07-15 00:00:00',NULL,NULL,1),(5,'关于商品退货相关通知','2016-07-15 00:00:00',NULL,NULL,1),(6,'现在购买特价书籍，即可领取20元优惠券','2016-07-15 00:00:00',NULL,NULL,1),(7,'新到避雨用品，先到先得','2016-07-30 08:52:46','',NULL,1);
/*!40000 ALTER TABLE `announ_t` ENABLE KEYS */;
UNLOCK TABLES;

--
-- Table structure for table `cart_product_t`
--

DROP TABLE IF EXISTS `cart_product_t`;
/*!40101 SET @saved_cs_client     = @@character_set_client */;
/*!40101 SET character_set_client = utf8 */;
CREATE TABLE `cart_product_t` (
  `cart_product_id` int(11) NOT NULL AUTO_INCREMENT,
  `cart_id` int(11) DEFAULT NULL,
  `prt_id` int(11) DEFAULT NULL,
  `quantity` int(11) DEFAULT NULL,
  `order_id` int(11) DEFAULT NULL,
  `deal_price` decimal(6,2) DEFAULT NULL,
  `comment_id` int(11) DEFAULT NULL,
  PRIMARY KEY (`cart_product_id`)
) ENGINE=InnoDB AUTO_INCREMENT=124 DEFAULT CHARSET=utf8;
/*!40101 SET character_set_client = @saved_cs_client */;

--
-- Dumping data for table `cart_product_t`
--

LOCK TABLES `cart_product_t` WRITE;
/*!40000 ALTER TABLE `cart_product_t` DISABLE KEYS */;
INSERT INTO `cart_product_t` VALUES (2,NULL,3,1,1,1580.00,NULL),(19,NULL,10,1,3,698.00,NULL),(20,NULL,12,3,3,1790.00,NULL),(21,NULL,5,1,1,598.00,NULL),(22,NULL,16,2,4,1290.00,NULL),(23,NULL,1,1,1,600.00,1),(24,NULL,2,3,1,87.20,NULL),(26,NULL,3,1,4,1580.00,NULL),(27,NULL,4,1,4,1780.00,NULL),(29,NULL,5,1,5,598.00,NULL),(30,NULL,7,1,5,798.00,NULL),(31,NULL,3,2,6,1580.00,NULL),(35,NULL,2,1,6,87.20,NULL),(36,NULL,3,1,7,1580.00,NULL),(37,NULL,4,1,7,1780.00,NULL),(38,NULL,4,1,8,1780.00,NULL),(39,NULL,4,1,9,1780.00,NULL),(40,NULL,2,1,10,87.20,NULL),(41,NULL,3,1,10,1580.00,NULL),(42,NULL,2,1,11,87.20,NULL),(43,NULL,3,1,11,1580.00,NULL),(45,NULL,2,2,12,87.20,NULL),(51,NULL,2,3,13,87.20,NULL),(52,NULL,3,3,14,1580.00,NULL),(53,NULL,3,4,17,1580.00,NULL),(54,NULL,4,1,17,1780.00,NULL),(55,NULL,7,1,16,798.00,NULL),(56,NULL,10,1,15,698.00,NULL),(57,NULL,2,3,16,87.20,NULL),(61,NULL,47,3,19,1495.00,NULL),(62,NULL,34,4,18,1180.00,NULL),(65,NULL,13,1,20,1790.00,NULL),(68,NULL,45,1,21,1998.00,NULL),(70,NULL,18,1,22,999.00,NULL),(71,NULL,30,1,23,680.00,NULL),(72,NULL,11,2,29,2890.00,NULL),(73,NULL,54,1,24,488.00,NULL),(74,NULL,45,1,2,1998.00,NULL),(75,NULL,82,1,26,1235.00,NULL),(76,NULL,6,1,25,1780.00,NULL),(77,NULL,55,1,26,329.00,NULL),(78,NULL,29,1,30,680.00,11),(79,NULL,44,1,28,2398.00,NULL),(80,NULL,22,1,27,2980.00,NULL),(81,NULL,28,1,28,999.00,NULL),(86,NULL,17,1,31,1190.00,NULL),(87,NULL,19,1,31,699.00,NULL),(88,NULL,1,1,32,600.00,1),(89,NULL,17,1,33,1190.00,NULL),(90,NULL,7,2,38,798.00,NULL),(91,NULL,3,1,34,1580.00,NULL),(92,NULL,34,1,35,1180.00,10),(93,NULL,9,1,37,698.00,NULL),(94,NULL,8,2,36,998.00,NULL),(97,NULL,34,1,39,1180.00,NULL),(98,NULL,1,1,40,600.00,NULL),(100,NULL,16,1,42,1290.00,NULL),(101,NULL,46,1,41,448.00,NULL),(102,NULL,56,2,43,399.00,NULL),(103,NULL,23,1,44,NULL,NULL),(104,NULL,14,1,45,NULL,NULL),(105,NULL,12,1,46,NULL,NULL),(106,NULL,45,1,47,NULL,NULL),(107,NULL,40,1,50,519.00,NULL),(108,NULL,26,1,48,1390.00,NULL),(109,NULL,52,1,49,469.00,NULL),(110,NULL,20,1,51,899.00,NULL),(111,NULL,10,1,52,698.00,NULL),(112,NULL,56,2,53,399.00,NULL),(114,NULL,37,1,56,299.00,NULL),(115,NULL,17,1,54,1190.00,NULL),(116,NULL,1,1,56,600.10,NULL),(117,NULL,50,1,55,1468.00,NULL),(118,NULL,333,2,56,229.00,NULL),(119,NULL,242,1,59,NULL,NULL),(120,NULL,21,1,57,2580.00,NULL),(121,5,216,1,NULL,NULL,NULL),(122,NULL,237,1,58,800.00,NULL),(123,NULL,1,1,58,600.10,NULL);
/*!40000 ALTER TABLE `cart_product_t` ENABLE KEYS */;
UNLOCK TABLES;

--
-- Table structure for table `category_t`
--

DROP TABLE IF EXISTS `category_t`;
/*!40101 SET @saved_cs_client     = @@character_set_client */;
/*!40101 SET character_set_client = utf8 */;
CREATE TABLE `category_t` (
  `id` int(11) NOT NULL AUTO_INCREMENT,
  `name` varchar(45) DEFAULT NULL,
  `des` varchar(45) DEFAULT NULL,
  PRIMARY KEY (`id`)
) ENGINE=InnoDB AUTO_INCREMENT=15 DEFAULT CHARSET=utf8;
/*!40101 SET character_set_client = @saved_cs_client */;

--
-- Dumping data for table `category_t`
--

LOCK TABLES `category_t` WRITE;
/*!40000 ALTER TABLE `category_t` DISABLE KEYS */;
INSERT INTO `category_t` VALUES (1,'女装、男装、童装',''),(2,'手机、数码、家电',NULL),(3,'图书、音像、eBook',NULL),(4,'化妆、清洁',NULL),(5,'游戏、动漫、影视',NULL),(6,'珠宝、手表、奢侈品',NULL),(7,'零食、水果、干货',NULL),(8,'运动、户外、乐器',NULL),(9,'78ghhjgh',NULL),(10,'1212',NULL),(12,'879879',NULL),(13,'1232','1323'),(14,'1232','1323');
/*!40000 ALTER TABLE `category_t` ENABLE KEYS */;
UNLOCK TABLES;

--
-- Table structure for table `headline_t`
--

DROP TABLE IF EXISTS `headline_t`;
/*!40101 SET @saved_cs_client     = @@character_set_client */;
/*!40101 SET character_set_client = utf8 */;
CREATE TABLE `headline_t` (
  `headline_id` int(11) NOT NULL AUTO_INCREMENT,
  `title` varchar(45) DEFAULT NULL,
  `content` varchar(255) DEFAULT NULL,
  `page_link` varchar(45) DEFAULT NULL,
  `display_time` datetime DEFAULT NULL,
  `show_status` int(11) DEFAULT '0',
  PRIMARY KEY (`headline_id`)
) ENGINE=InnoDB AUTO_INCREMENT=13 DEFAULT CHARSET=utf8 COMMENT='公告';
/*!40101 SET character_set_client = @saved_cs_client */;

--
-- Dumping data for table `headline_t`
--

LOCK TABLES `headline_t` WRITE;
/*!40000 ALTER TABLE `headline_t` DISABLE KEYS */;
INSERT INTO `headline_t` VALUES (1,'好消息！','暑假开始了，为了让消费者能够在炎炎夏日结束前买到一台真正价廉物美的Vivo智能机，Vivo在7月9号到7月31号期间举行 “ 购PRO 6 赢豪礼” 的活动。该活动遍布30多个省份，100多个城市，并且还有近千场路演活动。','www.taobao.com','2016-08-02 17:41:06',1),(2,'劲爆促销!','暑假开始了，为了让消费者能够在炎炎夏日结束前买到一台真正价廉物美的魅族智能机，魅族在7月9号到7月31号期间举行 “ 购PRO 6 赢豪礼” 的活动。该活动遍布30多个省份，100多个城市，并且还有近千场路演活动。','#','2016-07-14 00:00:00',0),(3,'劲爆促销!','暑假开始了，为了让消费者能够在炎炎夏日结束前买到一台真正价廉物美的Vivo智能机，Vivo在7月9号到7月31号期间举行 “ 购PRO 6 赢豪礼” 的活动。该活动遍布30多个省份，100多个城市，并且还有近千场路演活动。','#','2016-07-20 11:29:38',0),(4,'号外!号外！','暑假开始了，为了让消费者能够在炎炎夏日结束前买到一台真正价廉物美的Vivo智能机，Vivo在7月9号到7月31号期间举行 “ 购PRO 6 赢豪礼” 的活动。该活动遍布30多个省份，100多个城市，并且还有近千场路演活动。','#','2016-07-20 11:36:26',0),(5,'号外!号外！','暑假开始了，为了让消费者能够在炎炎夏日结束前买到一台真正价廉物美的Vivo智能机，Vivo在7月9号到7月31号期间举行 “ 购PRO 6 赢豪礼” 的活动。该活动遍布30多个省份，100多个城市，并且还有近千场路演活动。','#','2016-07-20 17:24:45',0),(6,'号外!号外','暑假开始了，为了让消费者能够在炎炎夏日结束前买到一台真正价廉物美的Vivo智能机，Vivo在7月9号到7月31号期间举行 “ 购PRO 6 赢豪礼” 的活动。该活动遍布30多个省份，100多个城市，并且还有近千场路演活动。','#','2016-07-20 17:25:21',0),(7,'号外!号外!','暑假开始了，为了让消费者能够在炎炎夏日结束前买到一台真正价廉物美的Vivo智能机，Vivo在7月9号到7月31号期间举行 “ 购PRO 6 赢豪礼” 的活动。该活动遍布30多个省份，100多个城市，并且还有近千场路演活动。','#','2016-07-20 21:03:16',0),(8,'号外!号外!','暑假开始了，为了让消费者能够在炎炎夏日结束前买到一台真正价廉物美的Vivo智能机，Vivo在7月9号到7月31号期间举行 “ 购PRO 6 赢豪礼” 的活动。该活动遍布30多个省份，100多个城市，并且还有近千场路演活动。','#','2016-07-21 19:37:54',0),(9,'号外!号外!','暑假开始了，为了让消费者能够在炎炎夏日结束前买到一台真正价廉物美的Vivo智能机，Vivo在7月9号到7月31号期间举行 “ 购PRO 6 赢豪礼” 的活动。该活动遍布30多个省份，100多个城市，并且还有近千场路演活动。','www.taobao.com','2016-07-22 13:52:01',0),(10,'好消息！','暑假开始了，为了让消费者能够在炎炎夏日结束前买到一台真正价廉物美的Vivo智能机，Vivo在7月9号到7月31号期间举行 “ 购PRO 6 赢豪礼” 的活动。该活动遍布30多个省份，100多个城市，并且还有近千场路演活动。','www.taobao.com','2016-07-22 13:52:14',0),(11,'好消息！','暑假开始了，为了让消费者能够在炎炎夏日结束前买到一台真正价廉物美的Vivo智能机，Vivo在7月9号到7月31号期间举行 “ 购PRO 6 赢豪礼” 的活动。该活动遍布30多个省份，100多个城市，并且还有近千场路演活动。','www.taobao.com','2016-07-22 15:59:02',0),(12,'好消息！','暑假开始了，为了让消费者能够在炎炎夏日结束前买到一台真正价廉物美的Vivo智能机，Vivo在7月9号到7月31号期间举行 “ 购PRO 6 赢豪礼” 的活动。该活动遍布30多个省份，100多个城市，并且还有近千场路演活动。','www.taobao.com','2016-08-02 17:34:18',0);
/*!40000 ALTER TABLE `headline_t` ENABLE KEYS */;
UNLOCK TABLES;

--
-- Table structure for table `key_word_t`
--

DROP TABLE IF EXISTS `key_word_t`;
/*!40101 SET @saved_cs_client     = @@character_set_client */;
/*!40101 SET character_set_client = utf8 */;
CREATE TABLE `key_word_t` (
  `key_word` varchar(45) DEFAULT NULL,
  `prt_id` int(11) DEFAULT NULL
) ENGINE=InnoDB DEFAULT CHARSET=utf8;
/*!40101 SET character_set_client = @saved_cs_client */;

--
-- Dumping data for table `key_word_t`
--

LOCK TABLES `key_word_t` WRITE;
/*!40000 ALTER TABLE `key_word_t` DISABLE KEYS */;
INSERT INTO `key_word_t` VALUES ('服装',1),('服装',2),('服装',3),('服装',4),('服装',5),('服装',6),('服装',7),('服装',8),('服装',9),('女装',1),('女装',1),('女装',2);
/*!40000 ALTER TABLE `key_word_t` ENABLE KEYS */;
UNLOCK TABLES;

--
-- Table structure for table `nav_t`
--

DROP TABLE IF EXISTS `nav_t`;
/*!40101 SET @saved_cs_client     = @@character_set_client */;
/*!40101 SET character_set_client = utf8 */;
CREATE TABLE `nav_t` (
  `nav_id` int(11) NOT NULL AUTO_INCREMENT,
  `nav_name` varchar(45) DEFAULT NULL,
  `nav_link` varchar(45) DEFAULT NULL,
  `nav_status` varchar(45) DEFAULT NULL,
  `create_time` datetime DEFAULT NULL,
  PRIMARY KEY (`nav_id`)
) ENGINE=InnoDB AUTO_INCREMENT=8 DEFAULT CHARSET=utf8;
/*!40101 SET character_set_client = @saved_cs_client */;

--
-- Dumping data for table `nav_t`
--

LOCK TABLES `nav_t` WRITE;
/*!40000 ALTER TABLE `nav_t` DISABLE KEYS */;
INSERT INTO `nav_t` VALUES (0,'首页','/index',NULL,NULL),(1,'服装城','/front/topCategory/1',NULL,NULL),(2,'食品汇','/front/topCategory/2',NULL,NULL),(3,'图书馆','/front/topCategory/3',NULL,NULL),(4,'电器城','/front/topCategory/4',NULL,NULL),(5,'珠宝馆','/front/topCategory/5',NULL,NULL),(7,'家居生活','/front/topCategory/7',NULL,NULL);
/*!40000 ALTER TABLE `nav_t` ENABLE KEYS */;
UNLOCK TABLES;

--
-- Table structure for table `order_t`
--

DROP TABLE IF EXISTS `order_t`;
/*!40101 SET @saved_cs_client     = @@character_set_client */;
/*!40101 SET character_set_client = utf8 */;
CREATE TABLE `order_t` (
  `order_id` int(11) NOT NULL AUTO_INCREMENT,
  `user_id` int(11) DEFAULT NULL,
  `name` varchar(45) DEFAULT NULL,
  `contact` varchar(45) DEFAULT NULL,
  `address` varchar(45) DEFAULT NULL,
  `order_status` varchar(45) DEFAULT NULL,
  `pay_method` varchar(45) DEFAULT NULL,
  `total_price` decimal(6,2) DEFAULT NULL,
  `delivery` varchar(45) DEFAULT NULL,
  `pack_count` int(11) DEFAULT NULL,
  `complete_time` datetime DEFAULT NULL,
  `create_time` datetime DEFAULT NULL,
  PRIMARY KEY (`order_id`)
) ENGINE=InnoDB AUTO_INCREMENT=60 DEFAULT CHARSET=utf8;
/*!40101 SET character_set_client = @saved_cs_client */;

--
-- Dumping data for table `order_t`
--

LOCK TABLES `order_t` WRITE;
/*!40000 ALTER TABLE `order_t` DISABLE KEYS */;
INSERT INTO `order_t` VALUES (1,1,'张三','18713500000','山东省莱芜市','已发货','支付宝',2000.00,'顺丰快递',1,NULL,NULL),(2,1,'张三','18713500000','山东省莱芜市','已发货','微信',323.00,NULL,NULL,NULL,NULL),(4,1,'张三','18713500000','山东省莱芜市','未付款','支付宝',NULL,'顺丰快递',3,NULL,'2016-07-12 00:00:00'),(5,1,'张三','18713500000','山东省莱芜市','未付款','支付宝',NULL,'顺丰快递',3,NULL,'2016-07-12 00:00:00'),(6,1,'张三','18713500000','山东省莱芜市','已发货','网银',NULL,'顺丰快递',2,NULL,'2016-07-12 00:00:00'),(7,1,'张三','18713500000','山东省莱芜市','已发货','支付宝',NULL,'顺丰快递',2,NULL,'2016-07-12 00:00:00'),(8,1,'张三','18713500000','山东省莱芜市','未付款','网银',NULL,'顺丰快递',1,NULL,'2016-07-12 00:00:00'),(9,1,'张三','18713500000','山东省莱芜市','已发货','支付宝',NULL,'顺丰快递',1,NULL,'2016-07-12 00:00:00'),(10,1,'张三','18713500000','山东省莱芜市','未付款','支付宝',NULL,'顺丰快递',2,NULL,'2016-07-12 00:00:00'),(11,1,'张三','18713500000','山东省莱芜市','已发货','支付宝',NULL,'顺丰快递',2,NULL,'2016-07-12 00:00:00'),(12,1,'张三','18713500000','山东省莱芜市','已发货','网银',NULL,'顺丰快递',1,NULL,'2016-07-12 00:00:00'),(13,1,'张三','18713500000','山东省莱芜市','已发货','支付宝',NULL,'顺丰快递',1,NULL,'2016-07-12 00:00:00'),(14,1,'张三','18713500000','山东省莱芜市','已发货','支付宝',NULL,'中国邮政',1,NULL,'2016-07-12 00:00:00'),(15,1,'张三','18713500000','山东省莱芜市','完成付款','支付宝',NULL,'顺丰快递',1,NULL,'2016-07-12 00:00:00'),(16,1,'张三','18713500000','山东省莱芜市','完成付款','网银',NULL,'中国邮政',2,NULL,'2016-07-12 00:00:00'),(17,1,'张三','18713500000','山东省莱芜市','未付款','支付宝',NULL,'顺丰快递',2,NULL,'2016-07-12 00:00:00'),(18,1,'张三','18713500000','山东省莱芜市','完成付款','网银',NULL,'顺丰快递',1,NULL,'2016-07-13 00:00:00'),(19,1,'张三','18713500000','山东省莱芜市','未付款','支付宝',NULL,'顺丰快递',1,NULL,'2016-07-14 00:00:00'),(20,1,'张三','18713500000','山东省莱芜市','完成付款','网银',NULL,'顺丰快递',1,NULL,'2016-07-14 00:00:00'),(21,1,'张三','18713500000','山东省莱芜市','已发货','微信',NULL,'顺丰快递',1,NULL,'2016-07-14 00:00:00'),(22,1,'张三','18713500000','山东省莱芜市','已发货','网银',NULL,'顺丰快递',1,NULL,'2016-07-14 00:00:00'),(23,1,'张三','18713500000','山东省莱芜市','完成付款','支付宝',NULL,'顺丰快递',1,NULL,'2016-07-14 00:00:00'),(24,1,'张三','18713500000','山东省莱芜市','完成付款','支付宝',NULL,'顺丰快递',1,NULL,'2016-07-14 17:02:58'),(25,1,'张三','18713500000','山东省莱芜市','完成付款','支付宝',NULL,'中国邮政',1,NULL,'2016-07-15 14:26:21'),(26,1,'张三','18713500000','山东省莱芜市','完成付款','支付宝',NULL,'顺丰快递',2,NULL,'2016-07-15 14:26:32'),(27,1,'张三','18713500000','山东省莱芜市','完成付款','支付宝',NULL,'中国邮政',1,NULL,'2016-07-15 14:27:01'),(28,1,'张三','18713500000','山东省莱芜市','未付款','支付宝',NULL,'顺丰快递',2,NULL,'2016-07-15 14:27:08'),(29,1,'张三','18713500000','山东省莱芜市','完成付款','支付宝',NULL,'顺丰快递',1,NULL,'2016-07-15 14:27:16'),(30,1,'张三','18713500000','山东省莱芜市','已完成','支付宝',NULL,'顺丰快递',1,NULL,'2016-07-15 14:27:25'),(31,1,'张三','18713500000','山东省莱芜市','已发货','网银',NULL,'顺丰快递',2,NULL,'2016-07-17 19:39:14'),(32,1,'张三','18713500000','山东省莱芜市','已完成','支付宝',NULL,'顺丰快递',1,NULL,'2016-07-18 07:35:10'),(33,1,'张三','18713500000','山东省莱芜市','完成付款','网银',NULL,'顺丰快递',1,NULL,'2016-07-18 19:14:55'),(34,1,'张三','18713500000','山东省莱芜市','完成付款','支付宝',NULL,'顺丰快递',1,NULL,'2016-07-19 07:43:34'),(35,1,'张三','18713500000','山东省莱芜市','已完成','网银',NULL,'顺丰快递',1,NULL,'2016-07-20 18:08:39'),(36,1,'张三','18713500000','山东省莱芜市','未付款','支付宝',NULL,'顺丰快递',1,NULL,'2016-07-21 17:09:32'),(37,1,'张三','18713500000','山东省莱芜市','已发货','支付宝',NULL,'顺丰快递',1,NULL,'2016-07-21 17:10:20'),(38,1,'张三','18713500000','山东省莱芜市','完成付款','支付宝',1596.00,'顺丰快递',1,NULL,'2016-07-21 17:10:35'),(39,1,'张三','18713500000','山东省莱芜市','已发货','网银',NULL,'顺丰快递',1,NULL,'2016-07-24 14:05:19'),(40,1,'张三','18713500000','山东省莱芜市','已发货','网银',NULL,'顺丰快递',1,NULL,'2016-07-24 18:59:56'),(41,1,'张三','18713500000','山东省莱芜市','已发货','支付宝',NULL,'顺丰快递',1,NULL,'2016-07-28 08:05:26'),(42,1,'张三','18713500000','山东省莱芜市','完成付款','支付宝',NULL,'顺丰快递',1,NULL,'2016-07-28 09:03:22'),(43,1,'张三','18713500000','山东省莱芜市','未付款','支付宝',NULL,'顺丰快递',1,NULL,'2016-07-30 15:24:33'),(44,1,'张三','18713500000','山东省莱芜市','完成付款','网银',NULL,'中国邮政',1,NULL,'2016-07-30 17:58:59'),(45,1,'张三','18713500000','山东省莱芜市','完成付款','网银',0.00,'中国邮政',1,NULL,'2016-07-30 18:02:37'),(46,1,'张三','18713500000','山东省莱芜市','完成付款','支付宝',0.00,'顺丰快递',1,NULL,'2016-07-30 18:09:11'),(47,1,'张三','18713500000','山东省莱芜市','完成付款','网银',0.00,'顺丰快递',1,NULL,'2016-07-30 18:13:50'),(48,1,'张三','18713500000','山东省莱芜市','已发货','支付宝',0.00,'顺丰快递',1,NULL,'2016-07-30 18:25:17'),(49,1,'张三','18713500000','山东省莱芜市','完成付款','支付宝',0.00,'顺丰快递',1,NULL,'2016-07-30 18:30:47'),(50,1,'张三','18713500000','山东省莱芜市','完成付款','支付宝',0.00,'顺丰快递',1,NULL,'2016-07-30 18:33:07'),(51,1,'张三','18713500000','山东省莱芜市','已发货','支付宝',0.00,'顺丰快递',1,NULL,'2016-07-30 18:35:34'),(52,1,'张三','18713500000','山东省莱芜市','完成付款','支付宝',698.00,'顺丰快递',1,NULL,'2016-07-30 18:39:11'),(53,1,'张三','18713500000','山东省莱芜市','已发货','支付宝',798.00,'顺丰快递',1,NULL,'2016-07-30 22:04:41'),(54,3,'张三','18713500000','山东省莱芜市','完成付款','网银',1190.00,'顺丰快递',1,NULL,'2016-07-31 10:54:45'),(55,1,'张三','18713500000','山东省莱芜市','完成付款','支付宝',1468.00,'顺丰快递',1,NULL,'2016-08-03 15:58:49'),(56,1,'张三','18713500000','山东省莱芜市','完成付款','支付宝',1357.10,'顺丰快递',3,NULL,'2016-08-03 16:22:13'),(57,1,'张三','18713500000','山东省莱芜市','完成付款','网银',2580.00,'顺丰快递',1,NULL,'2016-08-08 17:52:03'),(58,1,'张三','18713500000','山东省莱芜市','完成付款','支付宝',1400.10,'顺丰快递',2,NULL,'2017-01-22 11:30:20'),(59,1,'张三','18713500000','山东省莱芜市','未付款','微信',NULL,'顺丰快递',1,NULL,'2017-03-21 22:24:21');
/*!40000 ALTER TABLE `order_t` ENABLE KEYS */;
UNLOCK TABLES;

--
-- Table structure for table `product_t`
--

DROP TABLE IF EXISTS `product_t`;
/*!40101 SET @saved_cs_client     = @@character_set_client */;
/*!40101 SET character_set_client = utf8 */;
CREATE TABLE `product_t` (
  `prt_id` int(11) NOT NULL AUTO_INCREMENT,
  `prt_name` varchar(45) DEFAULT NULL,
  `intro` text,
  `describ` varchar(512) DEFAULT NULL,
  `third_id` int(11) DEFAULT NULL,
  `price` decimal(8,2) DEFAULT NULL,
  `num` int(11) DEFAULT NULL,
  `sell_count` int(11) DEFAULT NULL,
  `click_count` int(11) DEFAULT NULL,
  `create_time` date DEFAULT NULL,
  `off_shelf` int(11) DEFAULT '1',
  `prim_Img_id` int(11) DEFAULT NULL,
  PRIMARY KEY (`prt_id`)
) ENGINE=InnoDB AUTO_INCREMENT=334 DEFAULT CHARSET=utf8;
/*!40101 SET character_set_client = @saved_cs_client */;

--
-- Dumping data for table `product_t`
--

LOCK TABLES `product_t` WRITE;
/*!40000 ALTER TABLE `product_t` DISABLE KEYS */;
INSERT INTO `product_t` VALUES (1,'女装圆领百褶雪纺花朵A字连衣裙F-29','<div class=\"content\" id=\"J_DivItemDesc\"><div><a name=\"hlg_list_1_14164684_start\"></a></div><table cellspacing=\"0\" cellpadding=\"0\" border=\"0\" style=\"margin: 0.0px auto;\"><tbody><tr><td><div class=\"hlg_list_14164684\"><div align=\"center\"> <div align=\"center\"> <table width=\"700\" height=\"234\" cellspacing=\"0\" cellpadding=\"0\" border=\"0\" background=\"https://img.alicdn.com/imgextra/i3/54951170/TB29zvbpFXXXXXtXXXXXXXXXXXX_!!54951170.jpg\">  <tbody><tr> <td width=\"308\" height=\"234\"> <img width=\"693\" height=\"199\" border=\"0\" align=\"\" src=\"https://img.alicdn.com/imgextra/i4/54951170/T2yuFXX0VaXXXXXXXX-54951170.png\" alt=\"\"> </td> <td width=\"392\">   </td> </tr>  </tbody></table> <table width=\"700\" height=\"72\" cellspacing=\"0\" cellpadding=\"0\" border=\"0\" background=\"https://img.alicdn.com/imgextra/i4/54951170/TB2e1BYtXXXXXarXXXXXXXXXXXX_!!54951170.jpg\">  <tbody><tr> <td width=\"103\"> <br> </td> <td width=\"189\"> <a target=\"_blank\" href=\"https://taoquan.taobao.com/coupon/unify_apply.htm?sellerId=54951170&activityId=118399ef0db44d188d00f5b858852f1e\"><img width=\"189\" height=\"54\" border=\"0\" align=\"\" src=\"https://img.alicdn.com/imgextra/i4/54951170/T2yuFXX0VaXXXXXXXX-54951170.png\" alt=\"\"></a> </td> <td width=\"197\"> <a target=\"_blank\" href=\"https://taoquan.taobao.com/coupon/unify_apply.htm?sellerId=54951170&activityId=8652875196e947c88b4c8e02b757f761\"><img width=\"197\" height=\"55\" border=\"0\" src=\"https://img.alicdn.com/imgextra/i4/54951170/T2yuFXX0VaXXXXXXXX-54951170.png\" alt=\"alt\"></a> </td> <td width=\"211\"> <a target=\"_blank\" href=\"https://taoquan.taobao.com/coupon/unify_apply.htm?sellerId=54951170&activityId=57cdb034f822407695403b6dc1a29753\"><img width=\"195\" height=\"59\" border=\"0\" src=\"https://img.alicdn.com/imgextra/i4/54951170/T2yuFXX0VaXXXXXXXX-54951170.png\" alt=\"alt\"></a> </td> </tr>  </tbody></table> </div> <table width=\"700\" height=\"553\" cellspacing=\"0\" cellpadding=\"0\" border=\"0\" background=\"https://img.alicdn.com/imgextra/i2/54951170/TB2kxJCtXXXXXcNXXXXXXXXXXXX_!!54951170.jpg\" align=\"center\">  <tbody><tr> <td width=\"171\" height=\"186\"> <a target=\"_blank\" href=\"https://item.taobao.com/item.htm?spm=a1z10.1-c.w5003-8456640536.12.FOGmEN&id=534394895541&scene=taobao_shop\"><img width=\"164\" height=\"169\" border=\"0\" alt=\"alt\" class=\"\" src=\"https://img.alicdn.com/imgextra/i4/54951170/T2yuFXX0VaXXXXXXXX-54951170.png\"></a> </td> <td width=\"181\"> <div align=\"center\"> <a href=\"https://item.taobao.com/item.htm?spm=a1z10.1-c.w5003-8456640536.12.FOGmEN&id=534785654715&scene=taobao_shop\" target=\"_blank\"><img width=\"164\" height=\"164\" border=\"0\" alt=\"alt\" class=\"\" src=\"https://img.alicdn.com/imgextra/i4/54951170/T2yuFXX0VaXXXXXXXX-54951170.png\"></a> </div> </td> <td width=\"173\"> <div align=\"center\"> <a target=\"_blank\" href=\"https://item.taobao.com/item.htm?spm=a1z10.1-c.w5003-8456640536.12.FOGmEN&id=534732453524&scene=taobao_shop\"><img width=\"164\" height=\"163\" border=\"0\" alt=\"alt\" class=\"\" src=\"https://img.alicdn.com/imgextra/i4/54951170/T2yuFXX0VaXXXXXXXX-54951170.png\"></a> </div> </td> <td width=\"175\"> <div align=\"center\"> <a target=\"_blank\" href=\"https://item.taobao.com/item.htm?spm=a1z10.1-c.w5003-8456640536.12.FOGmEN&id=534130798443&scene=taobao_shop\"><img width=\"168\" height=\"169\" border=\"0\" alt=\"alt\" class=\"\" src=\"https://img.alicdn.com/imgextra/i4/54951170/T2yuFXX0VaXXXXXXXX-54951170.png\"></a> </div> </td> </tr> <tr> <td height=\"180\"> <a target=\"_blank\" href=\"https://item.taobao.com/item.htm?spm=a1z10.1-c.w5003-8456640536.12.FOGmEN&id=535280899579&scene=taobao_shop\"><img width=\"164\" height=\"169\" border=\"0\" alt=\"alt\" class=\"\" src=\"https://img.alicdn.com/imgextra/i4/54951170/T2yuFXX0VaXXXXXXXX-54951170.png\"></a> </td> <td> <div align=\"center\"> <a target=\"_blank\" href=\"https://item.taobao.com/item.htm?id=535479325058\"><img width=\"164\" height=\"169\" border=\"0\" alt=\"alt\" class=\"\" src=\"https://img.alicdn.com/imgextra/i4/54951170/T2yuFXX0VaXXXXXXXX-54951170.png\"></a> </div> </td> <td> <div align=\"center\"> <a target=\"_blank\" href=\"https://item.taobao.com/item.htm?spm=a1z10.1-c.w5003-8456640536.12.FOGmEN&id=534161693553&scene=taobao_shop\"><img width=\"164\" height=\"169\" border=\"0\" alt=\"alt\" class=\"\" src=\"https://img.alicdn.com/imgextra/i4/54951170/T2yuFXX0VaXXXXXXXX-54951170.png\"></a> </div> </td> <td> <div align=\"center\"> <a target=\"_blank\" href=\"https://item.taobao.com/item.htm?spm=a1z10.1-c.w5003-8456640536.12.FOGmEN&id=534818769634&scene=taobao_shop\"><img width=\"164\" height=\"169\" border=\"0\" alt=\"alt\" class=\"\" src=\"https://img.alicdn.com/imgextra/i4/54951170/T2yuFXX0VaXXXXXXXX-54951170.png\"></a> </div> </td> </tr> <tr> <td> <a href=\"http://item.taobao.com/item.htm?spm=a1z10.1-c.w7484663-10132002926.8.sN4z2m&id=43852171478\" target=\"_blank\"></a><a target=\"_blank\" href=\"https://item.taobao.com/item.htm?id=535582711100\"><img width=\"164\" height=\"169\" border=\"0\" alt=\"alt\" class=\"\" src=\"https://img.alicdn.com/imgextra/i4/54951170/T2yuFXX0VaXXXXXXXX-54951170.png\"></a> </td> <td> <a target=\"_blank\" href=\"https://item.taobao.com/item.htm?spm=a1z10.1-c.w5003-8456640536.12.FOGmEN&id=534862372479&scene=taobao_shop\"><img width=\"164\" height=\"164\" border=\"0\" alt=\"alt\" class=\"\" src=\"https://img.alicdn.com/imgextra/i4/54951170/T2yuFXX0VaXXXXXXXX-54951170.png\"></a> </td> <td> <a target=\"_blank\" href=\"https://item.taobao.com/item.htm?spm=a1z10.1-c.w5003-8456640536.13.FOGmEN&id=533719303678&scene=taobao_shop\"><img width=\"164\" height=\"163\" border=\"0\" alt=\"alt\" class=\"\" src=\"https://img.alicdn.com/imgextra/i4/54951170/T2yuFXX0VaXXXXXXXX-54951170.png\"></a> </td> <td> <a target=\"_blank\" href=\"https://item.taobao.com/item.htm?spm=a1z10.1-c.w5003-8456640536.12.FOGmEN&id=533969363098&scene=taobao_shop\"><img width=\"164\" height=\"163\" border=\"0\" alt=\"alt\" class=\"\" src=\"https://img.alicdn.com/imgextra/i4/54951170/T2yuFXX0VaXXXXXXXX-54951170.png\"></a> </td> </tr>  </tbody></table> </div> <div align=\"center\"> <br> </div> <map name=\"Map\"> <area href=\"https://item.taobao.com/item.htm?spm=a1z10.1-c.w5003-8456640536.7.3HY6XK&id=524003386852&scene=taobao_shop\" coords=\"2,6,337,231\" shape=\"rect\"> <area href=\"https://item.taobao.com/item.htm?spm=a1z10.1-c.w5003-8456640536.8.3HY6XK&id=524475977815&scene=taobao_shop\" coords=\"358,7,688,229\" shape=\"rect\"> </map></div></td></tr></tbody></table><div><a name=\"hlg_list_1_14164684_end\"></a></div><p><img align=\"absmiddle\" class=\"\" src=\"https://img.alicdn.com/imgextra/i4/54951170/TB2FaKKsVXXXXXVXpXXXXXXXXXX_!!54951170.jpg\"><img align=\"absmiddle\" class=\"\" src=\"https://img.alicdn.com/imgextra/i2/54951170/TB2UoZHsFXXXXbYXpXXXXXXXXXX_!!54951170.jpg\"><img align=\"absmiddle\" class=\"\" src=\"https://img.alicdn.com/imgextra/i3/54951170/TB2JbOWsVXXXXcyXXXXXXXXXXXX_!!54951170.jpg\"><img align=\"absmiddle\" class=\"\" src=\"https://img.alicdn.com/imgextra/i4/54951170/TB2uRWOsVXXXXXJXpXXXXXXXXXX_!!54951170.jpg\"><img align=\"absmiddle\" class=\"\" src=\"https://img.alicdn.com/imgextra/i3/54951170/TB2vAC7sVXXXXa_XXXXXXXXXXXX_!!54951170.jpg\"><img align=\"absmiddle\" class=\"\" src=\"https://img.alicdn.com/imgextra/i4/54951170/TB2b4YesVXXXXanXXXXXXXXXXXX_!!54951170.jpg\"><img align=\"absmiddle\" class=\"\" src=\"https://img.alicdn.com/imgextra/i3/54951170/TB2umGNsVXXXXXcXpXXXXXXXXXX_!!54951170.jpg\"><img align=\"absmiddle\" class=\"\" src=\"https://img.alicdn.com/imgextra/i3/54951170/TB24Q5RsVXXXXXoXpXXXXXXXXXX_!!54951170.jpg\"><img align=\"absmiddle\" class=\"\" src=\"https://img.alicdn.com/imgextra/i1/54951170/TB2Gm2msVXXXXXkXXXXXXXXXXXX_!!54951170.jpg\"><img align=\"absmiddle\" class=\"\" src=\"https://img.alicdn.com/imgextra/i4/54951170/TB22weEsVXXXXaUXpXXXXXXXXXX_!!54951170.jpg\"><img align=\"absmiddle\" class=\"\" src=\"https://img.alicdn.com/imgextra/i4/54951170/TB2T6OysVXXXXb5XpXXXXXXXXXX_!!54951170.jpg\"><img align=\"absmiddle\" class=\"\" src=\"https://img.alicdn.com/imgextra/i3/54951170/TB2edWHsVXXXXavXpXXXXXXXXXX_!!54951170.jpg\"><img align=\"absmiddle\" class=\"\" src=\"https://img.alicdn.com/imgextra/i4/54951170/TB2iNHXsVXXXXa1XXXXXXXXXXXX_!!54951170.jpg\"><img align=\"absmiddle\" class=\"\" src=\"https://img.alicdn.com/imgextra/i2/54951170/TB2NCYXsVXXXXaYXXXXXXXXXXXX_!!54951170.jpg\"><img align=\"absmiddle\" class=\"\" src=\"https://img.alicdn.com/imgextra/i1/54951170/TB2YVe3sVXXXXb7XXXXXXXXXXXX_!!54951170.jpg\"><img align=\"absmiddle\" class=\"\" src=\"https://img.alicdn.com/imgextra/i3/54951170/TB2qwu6sVXXXXbqXXXXXXXXXXXX_!!54951170.jpg\"><img align=\"absmiddle\" class=\"\" src=\"https://img.alicdn.com/imgextra/i1/54951170/TB23c1FsVXXXXa9XpXXXXXXXXXX_!!54951170.jpg\"><img align=\"absmiddle\" class=\"\" src=\"https://img.alicdn.com/imgextra/i4/54951170/TB2KZaMsVXXXXX9XpXXXXXXXXXX_!!54951170.jpg\"></p><p><a href=\"https://item.taobao.com/item.htm?spm=a1z10.5-c.w4002-6411856261.36.jf2yH5&id=533782542465\" target=\"_blank\"><img width=\"180\" height=\"874\" align=\"absmiddle\" data-ks-lazyload=\"https://img.alicdn.com/imgextra/i2/54951170/TB2cSuYsVXXXXb8XXXXXXXXXXXX_!!54951170.jpg\" class=\"\" src=\"//img.alicdn.com/tps/i4/T10B2IXb4cXXcHmcPq-85-85.gif\" style=\"float: none;margin: 0.0px;\"></a><img width=\"195\" height=\"874\" align=\"absmiddle\" data-ks-lazyload=\"https://img.alicdn.com/imgextra/i2/54951170/TB2WUm9sVXXXXaWXXXXXXXXXXXX_!!54951170.jpg\" class=\"\" src=\"//img.alicdn.com/tps/i4/T10B2IXb4cXXcHmcPq-85-85.gif\"><a href=\"https://item.taobao.com/item.htm?spm=a1z10.5-c.w4002-6411856261.41.cJGUUv&id=534408012089\" target=\"_blank\"><img width=\"375\" height=\"874\" align=\"absmiddle\" data-ks-lazyload=\"https://img.alicdn.com/imgextra/i1/54951170/TB2rjq4sVXXXXbNXXXXXXXXXXXX_!!54951170.jpg\" class=\"\" src=\"//img.alicdn.com/tps/i4/T10B2IXb4cXXcHmcPq-85-85.gif\" style=\"float: none;margin: 0.0px;\"></a></p></div>','厚度薄，优质的雪纺面 料，有内衬，圆领A字版型，时尚优雅的圆领大小 适中，衬托得脖子尤显优雅 修长',3,600.10,98,4,88,'2016-07-13',1,1),(2,'2016夏季裤子套装K956','<div class=\"content\" id=\"J_DivItemDesc\"><div><a name=\"hlg_list_1_14164684_start\"></a></div><table cellspacing=\"0\" cellpadding=\"0\" border=\"0\" style=\"margin: 0.0px auto;\"><tbody><tr><td><div class=\"hlg_list_14164684\"><div align=\"center\"> <div align=\"center\"> <table width=\"700\" height=\"234\" cellspacing=\"0\" cellpadding=\"0\" border=\"0\" background=\"https://img.alicdn.com/imgextra/i3/54951170/TB29zvbpFXXXXXtXXXXXXXXXXXX_!!54951170.jpg\">  <tbody><tr> <td width=\"308\" height=\"234\"> <img width=\"693\" height=\"199\" border=\"0\" align=\"\" src=\"https://img.alicdn.com/imgextra/i4/54951170/T2yuFXX0VaXXXXXXXX-54951170.png\" alt=\"\"> </td> <td width=\"392\">   </td> </tr>  </tbody></table> <table width=\"700\" height=\"72\" cellspacing=\"0\" cellpadding=\"0\" border=\"0\" background=\"https://img.alicdn.com/imgextra/i4/54951170/TB2e1BYtXXXXXarXXXXXXXXXXXX_!!54951170.jpg\">  <tbody><tr> <td width=\"103\"> <br> </td> <td width=\"189\"> <a target=\"_blank\" href=\"https://taoquan.taobao.com/coupon/unify_apply.htm?sellerId=54951170&activityId=118399ef0db44d188d00f5b858852f1e\"><img width=\"189\" height=\"54\" border=\"0\" align=\"\" src=\"https://img.alicdn.com/imgextra/i4/54951170/T2yuFXX0VaXXXXXXXX-54951170.png\" alt=\"\"></a> </td> <td width=\"197\"> <a target=\"_blank\" href=\"https://taoquan.taobao.com/coupon/unify_apply.htm?sellerId=54951170&activityId=8652875196e947c88b4c8e02b757f761\"><img width=\"197\" height=\"55\" border=\"0\" src=\"https://img.alicdn.com/imgextra/i4/54951170/T2yuFXX0VaXXXXXXXX-54951170.png\" alt=\"alt\"></a> </td> <td width=\"211\"> <a target=\"_blank\" href=\"https://taoquan.taobao.com/coupon/unify_apply.htm?sellerId=54951170&activityId=57cdb034f822407695403b6dc1a29753\"><img width=\"195\" height=\"59\" border=\"0\" src=\"https://img.alicdn.com/imgextra/i4/54951170/T2yuFXX0VaXXXXXXXX-54951170.png\" alt=\"alt\"></a> </td> </tr>  </tbody></table> </div> <table width=\"700\" height=\"553\" cellspacing=\"0\" cellpadding=\"0\" border=\"0\" background=\"https://img.alicdn.com/imgextra/i2/54951170/TB2kxJCtXXXXXcNXXXXXXXXXXXX_!!54951170.jpg\" align=\"center\">  <tbody><tr> <td width=\"171\" height=\"186\"> <a target=\"_blank\" href=\"https://item.taobao.com/item.htm?spm=a1z10.1-c.w5003-8456640536.12.FOGmEN&id=534394895541&scene=taobao_shop\"><img width=\"164\" height=\"169\" border=\"0\" alt=\"alt\" class=\"\" src=\"https://img.alicdn.com/imgextra/i4/54951170/T2yuFXX0VaXXXXXXXX-54951170.png\"></a> </td> <td width=\"181\"> <div align=\"center\"> <a href=\"https://item.taobao.com/item.htm?spm=a1z10.1-c.w5003-8456640536.12.FOGmEN&id=534785654715&scene=taobao_shop\" target=\"_blank\"><img width=\"164\" height=\"164\" border=\"0\" alt=\"alt\" class=\"\" src=\"https://img.alicdn.com/imgextra/i4/54951170/T2yuFXX0VaXXXXXXXX-54951170.png\"></a> </div> </td> <td width=\"173\"> <div align=\"center\"> <a target=\"_blank\" href=\"https://item.taobao.com/item.htm?spm=a1z10.1-c.w5003-8456640536.12.FOGmEN&id=534732453524&scene=taobao_shop\"><img width=\"164\" height=\"163\" border=\"0\" alt=\"alt\" class=\"\" src=\"https://img.alicdn.com/imgextra/i4/54951170/T2yuFXX0VaXXXXXXXX-54951170.png\"></a> </div> </td> <td width=\"175\"> <div align=\"center\"> <a target=\"_blank\" href=\"https://item.taobao.com/item.htm?spm=a1z10.1-c.w5003-8456640536.12.FOGmEN&id=534130798443&scene=taobao_shop\"><img width=\"168\" height=\"169\" border=\"0\" alt=\"alt\" class=\"\" src=\"https://img.alicdn.com/imgextra/i4/54951170/T2yuFXX0VaXXXXXXXX-54951170.png\"></a> </div> </td> </tr> <tr> <td height=\"180\"> <a target=\"_blank\" href=\"https://item.taobao.com/item.htm?spm=a1z10.1-c.w5003-8456640536.12.FOGmEN&id=535280899579&scene=taobao_shop\"><img width=\"164\" height=\"169\" border=\"0\" alt=\"alt\" class=\"\" src=\"https://img.alicdn.com/imgextra/i4/54951170/T2yuFXX0VaXXXXXXXX-54951170.png\"></a> </td> <td> <div align=\"center\"> <a target=\"_blank\" href=\"https://item.taobao.com/item.htm?id=535479325058\"><img width=\"164\" height=\"169\" border=\"0\" alt=\"alt\" class=\"\" src=\"https://img.alicdn.com/imgextra/i4/54951170/T2yuFXX0VaXXXXXXXX-54951170.png\"></a> </div> </td> <td> <div align=\"center\"> <a target=\"_blank\" href=\"https://item.taobao.com/item.htm?spm=a1z10.1-c.w5003-8456640536.12.FOGmEN&id=534161693553&scene=taobao_shop\"><img width=\"164\" height=\"169\" border=\"0\" alt=\"alt\" class=\"\" src=\"https://img.alicdn.com/imgextra/i4/54951170/T2yuFXX0VaXXXXXXXX-54951170.png\"></a> </div> </td> <td> <div align=\"center\"> <a target=\"_blank\" href=\"https://item.taobao.com/item.htm?spm=a1z10.1-c.w5003-8456640536.12.FOGmEN&id=534818769634&scene=taobao_shop\"><img width=\"164\" height=\"169\" border=\"0\" alt=\"alt\" class=\"\" src=\"https://img.alicdn.com/imgextra/i4/54951170/T2yuFXX0VaXXXXXXXX-54951170.png\"></a> </div> </td> </tr> <tr> <td> <a href=\"http://item.taobao.com/item.htm?spm=a1z10.1-c.w7484663-10132002926.8.sN4z2m&id=43852171478\" target=\"_blank\"></a><a target=\"_blank\" href=\"https://item.taobao.com/item.htm?id=535582711100\"><img width=\"164\" height=\"169\" border=\"0\" alt=\"alt\" class=\"\" src=\"https://img.alicdn.com/imgextra/i4/54951170/T2yuFXX0VaXXXXXXXX-54951170.png\"></a> </td> <td> <a target=\"_blank\" href=\"https://item.taobao.com/item.htm?spm=a1z10.1-c.w5003-8456640536.12.FOGmEN&id=534862372479&scene=taobao_shop\"><img width=\"164\" height=\"164\" border=\"0\" alt=\"alt\" class=\"\" src=\"https://img.alicdn.com/imgextra/i4/54951170/T2yuFXX0VaXXXXXXXX-54951170.png\"></a> </td> <td> <a target=\"_blank\" href=\"https://item.taobao.com/item.htm?spm=a1z10.1-c.w5003-8456640536.13.FOGmEN&id=533719303678&scene=taobao_shop\"><img width=\"164\" height=\"163\" border=\"0\" alt=\"alt\" class=\"\" src=\"https://img.alicdn.com/imgextra/i4/54951170/T2yuFXX0VaXXXXXXXX-54951170.png\"></a> </td> <td> <a target=\"_blank\" href=\"https://item.taobao.com/item.htm?spm=a1z10.1-c.w5003-8456640536.12.FOGmEN&id=533969363098&scene=taobao_shop\"><img width=\"164\" height=\"163\" border=\"0\" alt=\"alt\" class=\"\" src=\"https://img.alicdn.com/imgextra/i4/54951170/T2yuFXX0VaXXXXXXXX-54951170.png\"></a> </td> </tr>  </tbody></table> </div> <div align=\"center\"> <br> </div> <map name=\"Map\"> <area href=\"https://item.taobao.com/item.htm?spm=a1z10.1-c.w5003-8456640536.7.3HY6XK&id=524003386852&scene=taobao_shop\" coords=\"2,6,337,231\" shape=\"rect\"> <area href=\"https://item.taobao.com/item.htm?spm=a1z10.1-c.w5003-8456640536.8.3HY6XK&id=524475977815&scene=taobao_shop\" coords=\"358,7,688,229\" shape=\"rect\"> </map></div></td></tr></tbody></table><div><a name=\"hlg_list_1_14164684_end\"></a></div><p><img align=\"absmiddle\" class=\"\" src=\"https://img.alicdn.com/imgextra/i4/54951170/TB2FaKKsVXXXXXVXpXXXXXXXXXX_!!54951170.jpg\"><img align=\"absmiddle\" class=\"\" src=\"https://img.alicdn.com/imgextra/i2/54951170/TB2UoZHsFXXXXbYXpXXXXXXXXXX_!!54951170.jpg\"><img align=\"absmiddle\" class=\"\" src=\"https://img.alicdn.com/imgextra/i3/54951170/TB2JbOWsVXXXXcyXXXXXXXXXXXX_!!54951170.jpg\"><img align=\"absmiddle\" class=\"\" src=\"https://img.alicdn.com/imgextra/i4/54951170/TB2uRWOsVXXXXXJXpXXXXXXXXXX_!!54951170.jpg\"><img align=\"absmiddle\" class=\"\" src=\"https://img.alicdn.com/imgextra/i3/54951170/TB2vAC7sVXXXXa_XXXXXXXXXXXX_!!54951170.jpg\"><img align=\"absmiddle\" class=\"\" src=\"https://img.alicdn.com/imgextra/i4/54951170/TB2b4YesVXXXXanXXXXXXXXXXXX_!!54951170.jpg\"><img align=\"absmiddle\" class=\"\" src=\"https://img.alicdn.com/imgextra/i3/54951170/TB2umGNsVXXXXXcXpXXXXXXXXXX_!!54951170.jpg\"><img align=\"absmiddle\" class=\"\" src=\"https://img.alicdn.com/imgextra/i3/54951170/TB24Q5RsVXXXXXoXpXXXXXXXXXX_!!54951170.jpg\"><img align=\"absmiddle\" class=\"\" src=\"https://img.alicdn.com/imgextra/i1/54951170/TB2Gm2msVXXXXXkXXXXXXXXXXXX_!!54951170.jpg\"><img align=\"absmiddle\" class=\"\" src=\"https://img.alicdn.com/imgextra/i4/54951170/TB22weEsVXXXXaUXpXXXXXXXXXX_!!54951170.jpg\"><img align=\"absmiddle\" class=\"\" src=\"https://img.alicdn.com/imgextra/i4/54951170/TB2T6OysVXXXXb5XpXXXXXXXXXX_!!54951170.jpg\"><img align=\"absmiddle\" class=\"\" src=\"https://img.alicdn.com/imgextra/i3/54951170/TB2edWHsVXXXXavXpXXXXXXXXXX_!!54951170.jpg\"><img align=\"absmiddle\" class=\"\" src=\"https://img.alicdn.com/imgextra/i4/54951170/TB2iNHXsVXXXXa1XXXXXXXXXXXX_!!54951170.jpg\"><img align=\"absmiddle\" class=\"\" src=\"https://img.alicdn.com/imgextra/i2/54951170/TB2NCYXsVXXXXaYXXXXXXXXXXXX_!!54951170.jpg\"><img align=\"absmiddle\" class=\"\" src=\"https://img.alicdn.com/imgextra/i1/54951170/TB2YVe3sVXXXXb7XXXXXXXXXXXX_!!54951170.jpg\"><img align=\"absmiddle\" class=\"\" src=\"https://img.alicdn.com/imgextra/i3/54951170/TB2qwu6sVXXXXbqXXXXXXXXXXXX_!!54951170.jpg\"><img align=\"absmiddle\" class=\"\" src=\"https://img.alicdn.com/imgextra/i1/54951170/TB23c1FsVXXXXa9XpXXXXXXXXXX_!!54951170.jpg\"><img align=\"absmiddle\" class=\"\" src=\"https://img.alicdn.com/imgextra/i4/54951170/TB2KZaMsVXXXXX9XpXXXXXXXXXX_!!54951170.jpg\"></p><p><a href=\"https://item.taobao.com/item.htm?spm=a1z10.5-c.w4002-6411856261.36.jf2yH5&id=533782542465\" target=\"_blank\"><img width=\"180\" height=\"874\" align=\"absmiddle\" data-ks-lazyload=\"https://img.alicdn.com/imgextra/i2/54951170/TB2cSuYsVXXXXb8XXXXXXXXXXXX_!!54951170.jpg\" class=\"\" src=\"//img.alicdn.com/tps/i4/T10B2IXb4cXXcHmcPq-85-85.gif\" style=\"float: none;margin: 0.0px;\"></a><img width=\"195\" height=\"874\" align=\"absmiddle\" data-ks-lazyload=\"https://img.alicdn.com/imgextra/i2/54951170/TB2WUm9sVXXXXaWXXXXXXXXXXXX_!!54951170.jpg\" class=\"\" src=\"//img.alicdn.com/tps/i4/T10B2IXb4cXXcHmcPq-85-85.gif\"><a href=\"https://item.taobao.com/item.htm?spm=a1z10.5-c.w4002-6411856261.41.cJGUUv&id=534408012089\" target=\"_blank\"><img width=\"375\" height=\"874\" align=\"absmiddle\" data-ks-lazyload=\"https://img.alicdn.com/imgextra/i1/54951170/TB2rjq4sVXXXXbNXXXXXXXXXXXX_!!54951170.jpg\" class=\"\" src=\"//img.alicdn.com/tps/i4/T10B2IXb4cXXcHmcPq-85-85.gif\" style=\"float: none;margin: 0.0px;\"></a></p></div>','特别显气质的一款套装~ 黑色与白色一直是衣柜里不可缺少的一个颜色， 因为ta们炒鸡的百搭！ 这套也是一点都不挑人~ 露肩上衣+高腰的搭配无疑是显瘦又显高的最佳搭',3,87.10,200,0,15,'2016-07-13',1,7),(3,'毛呢大衣：百家好韩版羊毛拼接机车毛呢外套','1311','2014专柜新品 羊毛毛呢大衣 两用领型 拼色点缀 廓形剪裁',1,1580.00,6000,0,38,'2016-07-13',1,499),(4,'棉服：百家好韩版狐狸毛领短外套',NULL,'明星同款 狐狸毛领',1,1780.00,1000,0,15,'2016-07-13',1,505),(5,'毛衣：百家好韩版蝙蝠长袖羊毛针织衫',NULL,'手工亮片 含羊毛 修身短款',1,598.00,500,133,6,'2016-07-13',1,511),(6,'棉服：百家好韩版加厚连帽中长棉衣',NULL,'廓形加厚棉服 羊羔绒内胆',1,1780.00,600,0,8,'2016-07-13',1,517),(7,'毛衣：Mind Bridge假两件拼色直筒针织衫外套',NULL,'个性拼接  含羊毛 中长款百搭',1,798.00,799,1,6,'2016-07-13',1,523),(8,'连衣裙：Mind Bridge波点假两件蛋糕高腰连衣裙',NULL,'雪纺拼接 修身百搭',1,998.00,1000,123,6,'2016-07-13',1,529),(9,'毛衣：Mind Bridge马海毛套头毛衣针织衫',NULL,'马海毛 星星图案 甜美风必备',1,698.00,500,0,6,'2016-07-13',1,535),(10,'毛衣：Mind Bridge五角星星针织衫套头毛衣',NULL,'星星图案 含羊毛 修身百搭',1,698.00,599,47,1,'2016-07-13',1,541),(11,'羽绒：Five Plus连帽羽绒服',NULL,'秋冬皮草元素必不可少，以小面积点缀帽檐，华美又不失可爱；装饰皮毛选用高档貉子毛，兼顾舒适度与美观度；选用优质鸭绒填充夹层，轻柔松软，带来贴心温暖',1,2890.00,2883,0,11,'2016-07-13',1,547),(12,'羽绒：Five Plus立领短款连帽羽绒服',NULL,'竹节式车缝效果，降低蓬松度，避免臃肿；小面积仿皮草细节点缀帽檐，华美又不失可爱；风衣材质面料，柔韧细致，有效阻挡冷风侵袭；优质鸭绒夹层，带来贴心温暖',1,1790.00,1721,1,1,'2016-07-13',1,553),(13,'毛呢大衣：Five Plus双排扣宽松毛呢大衣',NULL,'廓形感大衣是本季不可错过的单品之一，以极简线条凸显知性利落美感；宽松A字型轮廓设计，相当修饰身材；高档羊毛呢料，含有丰富羊毛成分，温暖又不失挺括感',1,1790.00,2209,55,5,'2016-07-13',1,559),(14,'羽绒：Five Plus中长款宽松立领羽绒服',NULL,'顺滑风衣料，柔韧细腻，有效阻挡冷风侵袭；选用优质鸭绒填充，轻柔保暖；竹节式车缝效果，降低蓬松度，避免臃肿',1,1590.00,1224,15,2,'2016-07-13',1,565),(15,'羽绒：Five Plus立领高腰宽松羽绒服',NULL,'将peplum装饰衣摆融入羽绒设计，赋予衣衫雅致柔美之感；顺滑风衣面料，柔韧顺滑，有效阻挡冷风侵袭；夹层以优质鸭绒填充，轻柔温暖，穿着舒适自在',1,1390.00,3298,0,2,'2016-07-13',1,571),(16,'毛呢大衣：Five Plus蝴蝶结宽松夹棉外套',NULL,'高腰立体剪裁，巧妙包容和修饰身材；简单设计因后腰蝴蝶结的加入而变得柔美；柔软面料配合亲肤内衬层，穿着舒适自在；加入夹棉层，温暖贴心',1,1290.00,1273,15,3,'2016-07-13',1,577),(17,'连衣裙：Five Plus拼接钉珠毛呢连衣裙',NULL,'以经典花呢套装为灵感，重新演绎连衣裙型，绽放独特优雅韵味；A字裙型，既有俏皮感，又能修饰身材；含羊毛混纺毛呢面料，配合顺滑内衬层，兼具舒适性与美观性',1,1190.00,1698,1,1,'2016-07-13',1,583),(18,'连衣裙：Five Plus钉珠娃娃领连衣裙',NULL,'仿真珍珠拼凑成花，将彼得潘领点缀得分外浪漫精致；假领子设计，可配以其他衣衫呈现更多搭配新意；柔软细洁面料，配合顺滑内衬材质，带来贴心舒适穿着感受',1,999.00,1554,0,4,'2016-07-13',1,589),(19,'毛衣：Five Plus拼接针织夹棉套头衫',NULL,'卫衣式剪裁，轮廓线条干净、流畅，打造自在舒适着装；面料选用间棉材质，配合针织衣袖，温暖又美观；内衬含丰富棉材质，贴身穿着舒适自在',1,699.00,1742,0,4,'2016-07-13',1,595),(20,'连衣裙：Five Plus棉麻两件套斗篷连衣裙',NULL,'两件套设计，可分开与其他服饰搭配，一物多用物超所值 简单搭配浅色连裤袜或者legging，清新优雅，通勤、约会或者聚会等场合皆适宜',1,899.00,170,1,0,'2016-07-13',1,601),(21,'针织衫：JORYA高领针织衫',NULL,'款式应季 性价比高 库存足 有调性',1,2580.00,225,1,3,'2016-07-13',1,607),(22,'连衣裙：JORYA复古宫廷秋冬连衣裙',NULL,'款式应季 性价比高 库存足 有调性',1,2980.00,190,0,2,'2016-07-13',1,613),(23,'毛呢大衣：JORYA毛呢大衣',NULL,'款式应季 性价比高 库存足 有调性',1,4580.00,643,0,4,'2016-07-13',1,619),(24,'Levi\'s 男士牛仔裤',NULL,'舒适款式，从腰腹至膝盖作出猫须磨白，层次分明。',4,799.00,3800,0,3,'2016-07-13',1,625),(25,'速写堆领长袖羊毛衫',NULL,'设计师推荐，双11专供款，修身舒适，设计感强，纯羊毛材质。',4,980.00,1300,0,10,'2016-07-13',1,631),(26,'速写修身纯色羽绒服',NULL,'设计师推荐，双11专供款，修身舒适，多粒扣门襟，设计感强。',4,1390.00,2999,1,2,'2016-07-13',1,637),(27,'LAL羊羔毛牛角扣连帽棉服',NULL,'天猫独家',4,649.00,1500,0,1,'2016-07-13',1,643),(28,'CLOTtee短款加厚棉衣',NULL,'明星设计款',4,999.00,1200,0,2,'2016-07-13',1,649),(29,'雅戈尔纯棉免烫商务长袖衬衫',NULL,'-',4,680.00,4300,0,5,'2016-07-13',1,655),(30,'雅戈尔纯棉条纹长袖衬衫',NULL,'-',4,680.00,5000,0,3,'2016-07-13',1,661),(31,'Aape男士卫衣',NULL,'Aape卫衣不管男女穿着都能张扬出不同个性的街头Style',4,839.00,10000,0,1,'2016-07-13',1,667),(32,'C&A男式羽绒外套',NULL,'不同面料相拼接的羽绒外套是当下流行，高充绒量体现超高性价比。',4,899.00,1200,0,6,'2016-07-13',1,673),(33,'太平鸟皮质拼接羽绒服',NULL,'撞色皮质拼接 高档毛质翻领',4,1480.00,4000,0,0,'2016-07-13',1,679),(34,'太平鸟时尚棉服',NULL,'撞色拼皮 时尚保暖',4,1180.00,6000,0,5,'2016-07-13',1,685),(35,'杰克琼斯修身针织衫',NULL,'11%羊毛 彩点纱线 纯色设计',4,499.00,4000,0,1,'2016-07-13',1,691),(36,'Gap纯色经典拉链连帽卫衣',NULL,'连帽卫衣动感十足，全棉面料透气舒适，多色可选经典百搭。',4,349.00,1293,0,2,'2016-07-13',1,697),(37,'Gap条纹圆领针织衫',NULL,'套头圆领适合秋冬温暖配搭，经典条纹设计休闲商务风格两相宜。',4,299.00,872,1,6,'2016-07-13',1,703),(38,'优衣库轻型羽绒便携式开衫',NULL,'主力羽绒商品',4,499.00,5000,0,2,'2016-07-13',1,709),(39,'优衣库灯芯绒衬衫',NULL,'明星同款，深库存',4,199.00,18000,0,1,'2016-07-13',1,715),(40,'ASOS欧美修身牛仔裤',NULL,'时尚黑色修身，国际大牌品质',4,519.00,331,1,4,'2016-07-13',1,721),(41,'ASOS男士针织绞花套头衫',NULL,'针织绞花淡褐色，国际大牌品质',4,415.00,315,0,7,'2016-07-13',1,727),(42,'七匹狼纯棉翻领POLO衫',NULL,'-',4,389.00,10000,0,11,'2016-07-13',1,733),(43,'七匹狼圆领拼接羊毛衫',NULL,'-',4,759.00,2000,0,3,'2016-07-13',1,739),(44,'Gstar牛仔连帽夹克外套',NULL,'热销原色丹宁外套',4,2398.00,551,0,7,'2016-07-13',1,745),(45,'Gstar窄腿破洞牛仔裤',NULL,'经典破洞磨白猫须工艺与一身的人气ARC系列',4,1998.00,769,1,3,'2016-07-13',1,751),(46,'杉杉商务休闲长袖衬衫',NULL,'-',4,448.00,10000,0,4,'2016-07-13',1,757),(47,'马克华菲中长款立领羊毛呢大衣',NULL,'热销爆款',4,1495.00,2500,0,2,'2016-07-13',1,763),(48,'马克华菲撞色拼接羽绒服',NULL,'热销爆款',4,1495.00,16000,0,1,'2016-07-13',1,769),(49,'YYK直筒修身男士牛仔裤',NULL,'【经典热卖50万件】简约、百搭、经典、柔软、舒适、时尚、休闲',4,336.00,100000,0,2,'2016-07-13',1,775),(50,'恒源祥长袖羊毛衫',NULL,'独具一格的渐变式喷绘提花设计，如水花四溅，如烟花绽放！',4,1468.00,4999,1,4,'2016-07-13',1,781),(51,'Dickies男式加厚棒球服','的是的发送到发送到 nul','Dickies经典款式棒球服，内里充棉更适合秋冬穿着',4,999.00,1000,0,11,'2016-07-13',1,787),(52,'柒牌男装翻领休闲长袖',NULL,'-',4,469.00,13999,1,1,'2016-07-13',1,793),(53,'九牧王直筒多色休闲裤',NULL,'-',4,499.00,30000,0,4,'2016-07-13',1,799),(54,'深海商务丝光棉男士长袖衬衫',NULL,'-',4,488.00,12000,0,0,'2016-07-13',1,805),(55,'唐狮圆领套头拼接针织衫',NULL,'冬季热销爆款,保暖性好,重量轻,手感细腻',4,329.00,7000,0,3,'2016-07-13',1,811),(56,'唐狮男士加绒修身牛仔裤','Test图片为空','冬季热销爆款，加绒牛仔裤在不失潮流的基础上增加了保暖性，',4,399.00,11999,1,9,'2016-07-13',1,817),(104,'女鞋：UGG雪地靴',NULL,'这个冬天，UGG全力备战，万众一心，众志成城，势要将最好最Ing的货带给大家。在这个即将到来的初冬，请用最温暖的羊皮毛一体“战靴”呵护你美丽的小脚，千万不要让它受冻哦。这个冬天，有UGG陪着你，美丽不“冻”人！',2,1800.00,1,0,1,'2016-08-02',0,1157),(105,'女鞋：Yellow Earth雪地靴',NULL,'我出生在澳洲，血统纯正，外表简单、干净（羊皮毛一体），内心纯正（16-18mm厚厚的羊毛），我能好好的呵护爱美的mm们，用我的心包裹着mm们的双脚，这就是心的呵护，让你有种踏上云端的赶脚，软软绵绵的YellowEarth整个冬天都陪伴在你们的身边，暖暖的，才有爱！',2,1680.00,6,0,0,'2016-08-02',0,1163),(106,'女鞋：Clarks Desert Boot女靴',NULL,'一直以为Clarks只是卖男鞋的，看到身边的男粉齐赞如何之舒服，偷偷猫了一下，原来还有女鞋哇！抵挡不住败了一双。没有愧对百年制鞋专家称号，上脚后爱到无法脱下，既时尚又舒服，鞋柜小姐妹们对不住了，从此要封存你们，果断为今年双11的Clarks腾出闺阁，不是我不恋旧，而是现实太出彩了，原谅我吧！',2,1380.00,33,0,0,'2016-08-02',0,1169),(107,'女鞋：马克·雅可布平底单鞋',NULL,'不用再飞去意大利、法国、香港购买国际一、二线进口品牌美鞋啦，他们家拥有Marc By Marc Jacobs、Calvin Klein 、John Galliano等众多国际品牌，满足你的时尚大牌欲。首次登录天猫，将在11月刮起折扣风，还在等什么？释放按捺已久的血拼欲，用便宜一半的预算，速度收容那双渴望已久的美丽鞋子吧。',2,3090.00,136,0,0,'2016-08-02',0,1175),(108,'女鞋：ecco高跟女靴',NULL,'说起ECCO这个牌子，小二首先想到的关键词就是“舒适”。作为世界三大休闲鞋类品牌之一，把鞋做得舒适合脚是他们的看家本领。说实话，ECCO家的鞋子不酷炫也不妖娆，hold不住奢华宴会、热辣party。但是它一贯简约雅致的北欧风格，非常适合白领MM们日常通勤、休闲出街。一双ECCO的经典靴款，让这个冬天风度、温度、舒适度，一样都不少。',2,2399.00,232,0,0,'2016-08-02',0,1181),(109,'女鞋：skechers斯凯奇 秋冬内增高',NULL,'对接小二正在搜集素材，说起这家店铺，立刻滔滔不绝：不鸣则已一鸣惊人的类型，每次活动必定爆发，年中大促国际商家第一，99周年庆类目第一，为啥，老客户都知道，活动力度给力呀，平时不舍得买的，活动一定要多囤几双。双十一就一个字，抢！再说它家鞋子，看评论就了解了，穿过的都说：那真真是极舒服的！不信？你穿我脚上这双试试？',2,799.00,14,0,1,'2016-08-02',0,1187),(110,'女鞋：迷你唐卡豆豆',NULL,'什么！杨幂、林志玲、王菲、吴佩慈、凯蒂摩斯都穿minnetonka家的鞋子，大家都知道这个牌子有多风靡全球了吧！到底这鞋子有多好，为什么这么受明星追捧，听听负责minnetonka小二怎么说的：全美国进口，全球软皮鞋第一品牌，美国舒适纯手工鞋代表仅此而已，哇哈哈，就这么牛叉叉！',2,789.00,1,0,0,'2016-08-02',0,1193),(111,'女鞋：快乐玛丽秋冬女鞋 内加绒',NULL,'坦白说，第一次听到这个名字，觉得着实是土啊，特别是看到形态，不就是国外的TOMS嘛？这么山寨！但是通过和品牌方一轮轮的接触之后，才越来越觉得这个品牌简直是业界新星，鞋界希望啊！！最早和TOMS合作设计和生产，之后自己注册品牌进行图案设计和开发，所有的款式都是自己设计，甚至有很多跟设计合作的联名款式。同时也是国内少有的能够走出国的鞋类品牌（要知道我们虽然是鞋业大国，但是着实没几个在国外能卖的品牌），走到了港澳台，东南亚，甚至TOMS的本土美国，在美国欧洲都布点设计研发中心，在一线销售上凭借不断更新的设计，更是',2,239.00,4,0,0,'2016-08-02',0,1199),(112,'女鞋：柯玛妮克新款真皮高跟短靴',NULL,'成长了三年，成了女鞋行业天猫销量第一，而且不靠价格战，都是高单价高品质的货品。今年双十一，拿出最有诚意的货品和价格，而且在柯玛妮克家里总是能找到最流行和时尚的元素。超高的性价比和超级好的服务，属于绝对不会出错的选择。',2,1888.00,5,0,1,'2016-08-02',0,1205),(113,'女鞋：AIMIGAO防水台马丁靴短靴',NULL,'超爱的淘品牌，完全靠设计和品质以及超级贴心的服务胜出。老板是设计师出身，做了20年外贸鞋业，在意大利有合作的设计室，每个月都要飞欧洲采版买版，同样都是鞋子，放在他家的店里就是那么的高大上，吊炸天。客单价高，品质好，去年双十一1200块的靴子卖了一百多万，可见消费者有多认她家的东东，今年就不会了，把价格压到大家都觉得过的去，就是为了让亲更好的囤货。',2,1228.00,25,0,0,'2016-08-02',0,1211),(114,'女鞋：fed拼色真皮绒面短靴',NULL,'想起小二戏言，fed即富二代，噗，不得不吐槽，fed还真是富二代，用着“联合国”的设计团队和皮料，享受着5星级的工厂、展示厅和会议室，却以极实惠的价格造福消费者，穿上fed，不管是见家长还是见领导，绝对HOLD住全场。最重要的是鞋子柔软舒适，穿过的人都说好！不信？敢不敢试试？双11囤货给你机会，富二代再次展现挥霍功力，跌破底价，囤货首选，值！',2,1799.00,115,0,0,'2016-08-02',0,1217),(115,'女鞋：达芙妮马丁靴',NULL,'一直宣扬亲民时尚的达芙妮，今年闹出了很多大动静，谢霆锋做起了创意总监，专心研究女人鞋款，连全智贤、高圆圆、郭雪芙等众女神，也纷纷穿她出街；胜在款式丰富价格亲民吧，不管你要扮高冷女神范儿，还是邻家小妹妹，总能找到一款最佳拍档！更给力的是，200块左右就买一双时尚冬鞋还是非常超值的！',2,639.00,3,0,0,'2016-08-02',0,1223),(116,'女鞋：莱尔斯丹新款冬季高跟短靴',NULL,'说起要驾驭得了女神范，又要hold得住女王气场的，脑子里就立马蹦出：莱尔斯丹这个牌子。款款鞋子都让人感受到什么叫优雅入骨！如果有一天办公室的女神跟女王竟然穿了同一款鞋子？好吧~那肯定是莱尔斯丹他家的！上周在专柜看中了一双1千多的靴子在纠结要不要剁手呢？双11竟然几百块就能败到了，让我在风中凌乱一会去吧~',2,1498.00,3,0,0,'2016-08-02',0,1229),(117,'女鞋：topgloria高跟浅口单鞋',NULL,'超轻鞋底结合人体工程学将鞋底进化成自然的减震器，舒适柔软、兼具抗疲劳、环保等功效，高科技结晶融入时尚潮流，创造出别具一格的舒适体验！您说：这么高的跟很容易摔倒！NO！NO！NO! 采用的超轻的鞋底加上完美的跟型，让您无论是在平稳的公路上还是在崎岖的山路也都能如履平地，走的稳稳的哦！',2,1298.00,1,0,0,'2016-08-02',0,1235),(118,'女鞋：星期六高跟深口单鞋',NULL,'是不是经常瞄着电视上那些出入CBD高档写字楼的“白骨精们”，羡慕人家的穿搭怎么就那么对味~~OL范儿也太正了！NO!不要气馁，小二告诉你秘诀，选对时尚单品，分分钟提高你品位，一秒变靓女~ 干练Style、意式优雅、复古英伦……日常出勤、休闲度假，朋友聚会St&Sat一招帮你搞定！',2,889.00,5,0,0,'2016-08-02',0,1241),(119,'女鞋：dfuse牛皮尖头女短靴',NULL,'一天老板问小二：“这些鞋子里面你最喜欢哪一款？”我立马答道：“不是我不支持国产，实在是太喜欢欧美风格的鞋子了~~D:FUSE今年的鞋子可以打造大牌帅气的中性风，简直是拍照凹造型的标配哇~也可以一秒变性感女神，狂点32个赞啊，就等着双11入手了呢~~”',2,1249.00,1,0,1,'2016-08-02',0,1247),(120,'女鞋：百丽冬季新款高跟短筒女靴',NULL,'一直很喜欢百丽的广告语，百变，所以美丽！百变的风格，百变的设计，不变的好品质！抛开天猫不说，百丽简直是大城市商圈的标配，只要有大商场的地方，必有百丽专柜！这是何等的霸气~办公室妹子一致推荐鞋柜至少有一对百丽鞋！关键是天猫双十一，靴子直接给你五折价~上一年人气款都是靠抢的，买到是运气，今年估计更疯狂……',2,1298.00,12,0,2,'2016-08-02',0,1253),(121,'女鞋：百思图牛皮压花女靴',NULL,'想要优雅淑女范吗？想要改变女汉子的形象吗？来双百思图气质高跟，瞬间变身！也许会转角遇到爱，幸福近在脚下哦。这可是百思图的宗旨，还在犹豫什么？尽在天猫商城百思图官方旗舰店。在11.11日当天可是5折优惠。',2,1238.00,535,0,0,'2016-08-02',0,1259),(122,'女鞋：天美意真皮系带短靴',NULL,'号外号外！天美意秋冬发布会，推出百款新品美鞋，主打“舒适”“个性”“张扬”深受众多潮男靓妹追捧～想要惊艳全场，舍我其谁！踏上天美意，从此让弯男变直，让男神丢掉肥皂，让女屌哭去吧～小鲜肉快到碗里来，跟我一起踏上仙“履”奇缘吧。。。哎马！碗太小了，装不下来，导演加道具！',2,1299.00,4,0,1,'2016-08-02',0,1265),(123,'女鞋：TATA他她平底短靴',NULL,'喜欢上一款鞋子有很多个原因，或因为某个鞋跟吸引了眼球，或是因为喜欢鞋子上的某个点缀心生欢喜，或是某个品牌的模特穿着产品的气质让自己心生渴望，渴望自己也成为那样的人。一直想要在成长成熟的路上蜕变成一个优雅知性的人，一直想要保持一个灿烂笑容去守护幸福的爱情。遇见他她的鞋子和模特。。这种向往和喜欢的感觉更强烈了！',2,1398.00,5,0,1,'2016-08-02',0,1271),(124,'女鞋：TATA他她牛皮冬季女靴',NULL,'曾经有人说，他她的鞋子像是妖精一样，妩媚、妖娆，女人味十足，她的slogan，她的鞋子，都有一种女人可的甜蜜，轻易满足你的欲望。就好比这款，强势如马丁靴，总会让人感到帅气有余温婉不足，但到了他她那里却在中间找到一个最佳的平衡点，如果你贪心如果我，这款的确不容错过。',2,1398.00,3,0,4,'2016-08-02',0,1277),(125,'女鞋：innet茵奈儿加绒雪地靴',NULL,'一说起INNET，可能大家都会摇头说没听过，那你就OUT了。因为这是个名符其实的富二代+白富美呢！她是百丽名门的最小嫡女，在去年单款雪地靴大爆发销售6万双后，已然成为百丽唯一一个无实体店专供线上的知名淘品牌。想象一下，没有实体店的高昂费用，用百丽的高品质低价格打造的品牌产品线，简直就是霸气侧漏呐！',2,698.00,9,0,0,'2016-08-02',0,1283),(148,'COACH单肩水桶包',NULL,'热销水桶女包',3,3500.00,228,0,0,'2016-08-03',0,1421),(149,'COACH女士贝壳包',NULL,'时尚贝壳包',3,4100.00,590,0,0,'2016-08-03',0,1427),(150,'COACH单肩水桶包',NULL,'热销水桶女包',3,3500.00,228,0,0,'2016-08-03',0,1433),(151,'COACH女士贝壳包',NULL,'时尚贝壳包',3,4100.00,590,0,0,'2016-08-03',0,1439),(152,'GUCCI女士经典单肩包',NULL,'经典双G、简约百搭、14年商场同款',3,11300.00,50,0,0,'2016-08-03',0,1445),(153,'SPRAYGROUND背包',NULL,'夸张抢眼设计 强大功能内胆 全网最低价',3,899.00,1000,0,0,'2016-08-03',0,1451),(154,'ELLE头层牛皮女包',NULL,'优质摔纹牛皮材质，简约时尚款式小包',3,998.00,4500,0,0,'2016-08-03',0,1457),(155,'FION淑女邮戳印花女包',NULL,'爆款，线下款',3,1538.00,165,0,0,'2016-08-03',0,1463),(156,'FION女士单肩包',NULL,'爆款，彩色印字 清新自然',3,1798.00,136,0,0,'2016-08-03',0,1469),(157,'嘉里奥单肩手提女跨包',NULL,'翻盖式复古单肩包 突破传统的设计',3,1790.00,1000,0,1,'2016-08-03',0,1475),(158,'lesportsac双肩包',NULL,'时尚轻便大容量',3,1490.00,110,0,2,'2016-08-03',0,1481),(159,'DISSONA真皮女包',NULL,'DISSONA轻便材质的经典购物袋型，还原自我，“轻”装上阵，无论外界局限如何，都可以搭配随心轻松且有型，用Easygoing的方式成为最本色时尚Icon!',3,1790.00,3000,0,0,'2016-08-03',0,1487),(160,'红谷鳄鱼纹单肩手提包',NULL,'8月上参加聚新品活动当天售罄1540件，大受天猫客户喜爱！聚新品活动结束后涨价至469元，持续预售1个月的时间，依然保持每天30-40的销量。此包包选用优质头层鳄鱼纹牛皮定制，设计新颖、大方、百搭，无论款式还是品质都属于精选之选，是红谷2014年表现不俗的爆款之选。为了迎合客户的强烈要求，红谷还会定制【骄贵】的大款，满足更多客户的需求！双11如果以卖家398元出售，绝对有信心引起全场疯抢！',3,1239.00,7000,0,0,'2016-08-03',0,1493),(161,'VH锁扣贝壳包',NULL,'2014新下热销新款',3,2698.00,600,0,2,'2016-08-03',0,1499),(162,'CK黑色皮革男士腰带',NULL,'轻奢品牌，超低底价',3,1280.00,482,0,0,'2016-08-03',0,1505),(163,'JanSport电脑双肩背包',NULL,'夜行者功能电脑隔层双肩背包',3,799.00,500,0,0,'2016-08-03',0,1511),(164,'JanSport双肩背包',NULL,'暮光之城系列电脑隔层双肩背包',3,699.00,400,0,0,'2016-08-03',0,1517),(165,'JanSport双肩包',NULL,'年度销售NO.1',3,359.00,2927,0,0,'2016-08-03',0,1523),(166,'简佰格水桶包',NULL,'今冬新款三层实用时尚精致',3,468.00,12000,0,0,'2016-08-03',0,1529),(167,'VH锁扣贝壳包',NULL,'2014新下热销新款',6,2698.00,600,0,0,'2016-08-03',0,1535),(168,'CK黑色皮革男士腰带',NULL,'轻奢品牌，超低底价',6,1280.00,482,0,0,'2016-08-03',0,1541),(169,'JanSport电脑双肩背包',NULL,'夜行者功能电脑隔层双肩背包',6,799.00,500,0,0,'2016-08-03',0,1547),(170,'JanSport双肩背包',NULL,'暮光之城系列电脑隔层双肩背包',6,699.00,400,0,1,'2016-08-03',0,1553),(171,'JanSport双肩包',NULL,'年度销售NO.1',6,359.00,2927,0,0,'2016-08-03',0,1559),(172,'简佰格水桶包',NULL,'今冬新款三层实用时尚精致',6,468.00,12000,0,0,'2016-08-03',0,1565),(173,'delsey法国大使超轻拉杆箱',NULL,'历史最底价，备货深度极深，全网质感孤品，全球5年售后联保，配置独特前置口袋。',6,2290.00,34083,0,0,'2016-08-03',0,1571),(174,'外交官20英寸拉杆箱',NULL,'2013年底全新款式，超轻PC材质，颜色种类多，适合各个人群',6,1968.00,950,0,0,'2016-08-03',0,1577),(175,'爱华仕万向轮拉杆箱',NULL,'爆卖44000件，超过40000买家共同好评见证，您值得拥有',6,939.00,10790,0,0,'2016-08-03',0,1583),(176,'威戈瑞士军刀旅行背包',NULL,'梦野同款',6,588.00,10000,0,1,'2016-08-03',0,1589),(177,'波斯丹顿真皮男士单肩包',NULL,'超级爆卖160000件，全网最高性价比真皮男包。精选头层牛皮材质，竖款大小可选，背包的侧面采用磁铁形式挂扣，自动粘合不易开，使用更方便，款式百搭。无论您在工作中还是在休闲中，都能为您提供独到的方便。',6,1180.00,15000,0,0,'2016-08-03',0,1595),(178,'WHY女士长款钱包',NULL,'店铺热销爆款，目前累计销售过万',6,770.00,1417,0,0,'2016-08-03',0,1601),(179,'WHY单肩女包',NULL,'店铺主力款式，货值60W,双11历史最低价',6,1480.00,913,0,0,'2016-08-03',0,1607),(180,'DELSEY法国大使20寸拉杆箱',NULL,'框架式闭合系统、5年全球联保',6,980.00,4500,0,0,'2016-08-03',0,1613),(181,'DISSONA超人气十字纹皮贝壳包',NULL,'爆款贝壳包、精选十字纹皮',6,2990.00,900,0,0,'2016-08-03',0,1619),(182,'DISSONA知性真皮女包',NULL,'经典袋型、顶级头层牛皮',6,2790.00,1500,0,0,'2016-08-03',0,1625),(183,'kipling户外旅行双肩包',NULL,'经典热卖款，天猫独家',6,850.00,159,0,0,'2016-08-03',0,1631),(184,'Armani男士斜跨包',NULL,'14秋冬专柜同款，超低折扣',6,2440.00,80,0,0,'2016-08-03',0,1637),(185,'Armani男士手提包',NULL,'14秋冬新款，超低折扣',6,3040.00,80,0,2,'2016-08-03',0,1643),(186,'布奇里尼背提包',NULL,'历史最低价！品牌经典包型，复古的印花面料，意大利手工制作，精湛的品质，百搭潮流的背提包！',6,3240.00,38,0,0,'2016-08-03',0,1649),(187,'FANCY CHIC斜挎包',NULL,'被称为爱马仕平民款 经典设计',6,2980.00,800,0,0,'2016-08-03',0,1655),(188,'VERSACE黑色牛革男士腰带',NULL,'轻奢品牌，超低底价',6,1680.00,296,0,0,'2016-08-03',0,1661),(189,'BALLY棉质条纹男士腰带',NULL,'奢华经典款式，超低底价',6,2450.00,104,0,1,'2016-08-03',0,1667),(190,'小家电：飞利浦三刀头剃须刀',NULL,'同品类最具性价比',32,1099.00,4500,0,0,'2016-08-03',0,1673),(191,'小家电：苏泊尔双胆电压力锅',NULL,'同品类最具性价比',32,1299.00,1500,0,5,'2016-08-03',0,1679),(192,'小家电：贝尔莱德蒸汽挂烫机',NULL,'同品类最具性价比',32,999.00,600,0,0,'2016-08-03',0,1685),(193,'小家电：金泰昌9058足浴盆',NULL,'同品类最具性价比',32,1388.00,2500,0,0,'2016-08-03',0,1691),(194,'小家电：九阳免滤预约豆浆机',NULL,'同品类最具性价比',32,999.00,8000,0,0,'2016-08-03',0,1697),(195,'小家电：科沃斯扫地机器人当当',NULL,'同品类最具性价比',32,4399.00,2500,0,0,'2016-08-03',0,1703),(196,'小家电：美的涡轮圆灶釜电饭煲',NULL,'同品类最具性价比',32,1698.00,15000,0,1,'2016-08-03',0,1709),(197,'小家电：TCL智能空气净化器',NULL,'同品类最具性价比',32,4980.00,10500,0,0,'2016-08-03',0,1715),(198,'小家电：美的智能厨神微波炉',NULL,'同品类最具性价比',32,3599.00,1400,0,0,'2016-08-03',0,1721),(199,'小家电：艾美特取暖器',NULL,'同品类最具性价比',32,998.00,1000,0,0,'2016-08-03',0,1727),(200,'小家电：沁园净水器家用直饮',NULL,'同品类最具性价比',32,3698.00,12000,0,2,'2016-08-03',0,1733),(201,'小家电：海尔强力除螨虫吸尘器',NULL,'同品类最具性价比',32,1899.00,2000,0,0,'2016-08-03',0,1739),(202,'小家电：美的首款搪瓷内胆烤箱',NULL,'同品类最具性价比',32,2699.00,19000,0,0,'2016-08-03',0,1745),(203,'小家电：MUJI中国独家首发空气净化器',NULL,'中国首发',32,3900.00,20000,0,0,'2016-08-03',0,1751),(204,'小家电：MUJI电饭煲',NULL,'中国首发',32,890.00,20000,0,0,'2016-08-03',0,1757),(205,'小家电：MUJI多士炉',NULL,'中国首发',32,590.00,2000,0,0,'2016-08-03',0,1763),(206,'小家电：象印七段IH压力电饭煲',NULL,'高端小家电惊喜价',32,39999.00,8000,0,0,'2016-08-03',0,1769),(207,'小家电：德龙家用全自动咖啡机',NULL,'高端小家电惊喜价',32,8900.00,20000,0,0,'2016-08-03',0,1775),(208,'小家电：iRobot扫地机器人650',NULL,'高端小家电惊喜价',32,7580.00,3000,0,0,'2016-08-03',0,1781),(209,'小家电：傲胜3D豪华按摩椅',NULL,'高端小家电惊喜价',32,25800.00,12000,0,0,'2016-08-03',0,1787),(210,'小家电：进口博朗新5系剃须刀',NULL,'高端小家电惊喜价',32,5199.00,5000,0,0,'2016-08-03',0,1793),(211,'小家电：大金专业加湿一体净化器',NULL,'惊喜折扣敬请期待',32,6999.00,4000,0,1,'2016-08-03',0,1799),(212,'小家电：德龙豆粉两用意式咖啡机',NULL,'惊喜折扣敬请期待',32,8900.00,8000,0,0,'2016-08-03',0,1805),(213,'小家电：玛纽尔韩国原装P8S扫地机',NULL,'惊喜折扣敬请期待',32,9999.00,10000,0,0,'2016-08-03',0,1811),(214,'小家电：英国道尔顿净水器',NULL,'惊喜折扣敬请期待',32,2296.00,20000,0,0,'2016-08-03',0,1817),(215,'小家电：iRobot R&B美国好搭档',NULL,'惊喜折扣敬请期待',32,10978.00,13000,0,0,'2016-08-03',0,1823),(216,'小家电：氧生活室内增氧负离子净化器',NULL,'惊喜折扣敬请期待',32,999.00,2000,0,1,'2016-08-03',0,1829),(217,'小家电：WaveBetter新款洁面仪',NULL,'惊喜折扣敬请期待',32,869.00,10000,0,0,'2016-08-03',0,1835),(218,'小家电：苏泊尔电压力锅',NULL,'惊喜折扣敬请期待',32,1299.00,20000,0,1,'2016-08-03',0,1841),(219,'手机：苹果 iPhone 5s',NULL,'惊喜折扣敬请期待',34,4399.00,5000,0,1,'2016-08-03',0,1847),(220,'手机：苹果 iPhone 4S',NULL,'惊喜折扣敬请期待',34,1099.00,1000,0,0,'2016-08-03',0,1853),(221,'手机：三星 N9108V',NULL,'惊喜折扣敬请期待',34,1299.00,2000,0,1,'2016-08-03',0,1859),(222,'手机：锤子T1 4G',NULL,'稀缺品，日常很难以原价购买到',34,999.00,5000,0,1,'2016-08-03',0,1865),(223,'手机：魅族 MX4',NULL,'稀缺品，日常很难以原价购买到',34,1388.00,2000,0,0,'2016-08-03',0,1871),(224,'电视机：创维50英寸智能网络海量影视WIFI平板液晶电视',NULL,'惊喜折扣敬请期待',31,3399.00,10000,0,2,'2016-08-03',0,1877),(225,'电视机：乐视 S50 智能超级电视',NULL,'惊喜折扣敬请期待',31,3269.00,1800,0,2,'2016-08-03',0,1883),(226,'电视机：长虹3D51C2080送天猫魔盒送免费安装',NULL,'惊喜折扣敬请期待',31,4399.00,1500,0,0,'2016-08-03',0,1889),(227,'数码配件：品胜 备电10000毫安充电宝',NULL,'惊喜折扣敬请期待',35,199.00,4500,0,0,'2016-08-03',0,1895),(228,'数码配件：aigo 10000毫安充电宝',NULL,'惊喜折扣敬请期待',35,299.00,500,0,2,'2016-08-03',0,1901),(229,'数码配件：QCY 杰克4.0蓝牙耳机',NULL,'惊喜折扣敬请期待',35,298.00,3000,0,0,'2016-08-03',0,1907),(230,'数码配件：山水 蓝牙音箱低音炮',NULL,'惊喜折扣敬请期待',35,120.00,755,0,0,'2016-08-03',0,1913),(231,'数码配件：飞毛腿 聚合物充电宝',NULL,'惊喜折扣敬请期待',35,248.00,685,0,0,'2016-08-03',0,1919),(232,'数码配件：羽博 1万毫安充电宝',NULL,'惊喜折扣敬请期待',35,189.00,1000,0,0,'2016-08-03',0,1925),(233,'数码配件：小米智能手环送腕带',NULL,'惊喜折扣敬请期待',35,110.00,1000,0,0,'2016-08-03',0,1931),(234,'数码配件：QCY尖叫4.1蓝牙耳机',NULL,'惊喜折扣敬请期待',35,399.00,10000,0,0,'2016-08-03',0,1937),(235,'数码配件：罗马仕 1万毫安聚合物电源',NULL,'惊喜折扣敬请期待',35,299.00,6000,0,0,'2016-08-03',0,1943),(236,'数码配件：倍思苹果6铂仕手机壳',NULL,'惊喜折扣敬请期待',35,158.00,6000,0,0,'2016-08-03',0,1949),(237,'数码配件：西诺 magic创意电源',NULL,'惊喜折扣敬请期待',35,800.00,12999,1,1,'2016-08-03',0,1955),(238,'数码配件：爱国者 A10蓝牙耳机',NULL,'惊喜折扣敬请期待',35,159.00,3207,0,2,'2016-08-03',0,1961),(239,'数码配件：爱度 AY800蓝牙音响',NULL,'惊喜折扣敬请期待',35,199.00,5000,0,0,'2016-08-03',0,1967),(240,'数码配件：宾丽 ipad air金属壳',NULL,'惊喜折扣敬请期待',35,599.00,4000,0,0,'2016-08-03',0,1973),(241,'数码配件：SOLOVE 甜点可爱充电宝',NULL,'惊喜折扣敬请期待',35,259.00,20000,0,0,'2016-08-03',0,1979),(242,'数码配件：魅动 MD5110蓝牙音箱',NULL,'惊喜折扣敬请期待',35,530.00,20000,0,3,'2016-08-03',0,1985),(243,'数码配件：亿觅 印记超薄充电宝',NULL,'惊喜折扣敬请期待',35,299.00,5800,0,0,'2016-08-03',0,1991),(244,'数码配件：缤特力M165蓝牙耳机',NULL,'惊喜折扣敬请期待',35,398.00,20000,0,1,'2016-08-03',0,1997),(245,'数码配件：乐泡 月光石移动电源',NULL,'惊喜折扣敬请期待',35,399.00,15000,0,0,'2016-08-03',0,2003),(246,'数码配件：捷波朗酷丽 蓝牙耳机',NULL,'惊喜折扣敬请期待',35,398.00,5000,0,0,'2016-08-03',0,2009),(247,'数码配件：锐玛全能型相机清洁',NULL,'惊喜折扣敬请期待',35,50.00,2000,0,0,'2016-08-03',0,2015),(248,'数码配件：Benks苹果5S蓝光玻璃膜',NULL,'惊喜折扣敬请期待',35,99.00,5000,0,0,'2016-08-03',0,2021),(249,'数码配件：拉卡拉移动pos收款宝',NULL,'惊喜折扣敬请期待',35,598.00,1000,0,0,'2016-08-03',0,2027),(250,'数码配件：轻装时代 便携摄影架',NULL,'惊喜折扣敬请期待',35,1110.00,10000,0,0,'2016-08-03',0,2033),(251,'数码配件：ROCK苹果5S金属边框',NULL,'惊喜折扣敬请期待',35,180.00,12000,0,0,'2016-08-03',0,2039),(252,'数码配件：以诺防盗电脑双肩包',NULL,'惊喜折扣敬请期待',35,368.00,3000,0,0,'2016-08-03',0,2045),(253,'数码配件：Fitbit Flex 智能手环',NULL,'惊喜折扣敬请期待',35,898.00,16000,0,0,'2016-08-03',0,2051),(254,'数码配件：Jawbone UP 2代手环',NULL,'惊喜折扣敬请期待',35,1199.00,2000,0,0,'2016-08-03',0,2057),(255,'数码配件：阿巴町 儿童智能手表',NULL,'惊喜折扣敬请期待',35,998.00,5000,0,0,'2016-08-03',0,2063),(256,'数码配件：捷波朗精灵夹蓝牙耳机',NULL,'惊喜折扣敬请期待',35,269.00,6200,0,0,'2016-08-03',0,2069),(257,'数码配件：Misfit智能手环',NULL,'惊喜折扣敬请期待',35,988.00,2000,0,0,'2016-08-03',0,2075),(258,'数码配件：邦克仕苹果6完美膜',NULL,'惊喜折扣敬请期待',35,99.00,4300,0,0,'2016-08-03',0,2081),(282,'图书：麦田里的守望者',NULL,'美国作家杰罗姆·大卫·塞林格唯一的一部长篇经典小说',23,39.80,5000,0,6,'2016-08-03',0,2225),(283,'图书：纸牌屋（全球最火政治剧《纸牌屋》原著小说）',NULL,'王岐山、奥巴马等政要多次推荐美剧，全球最火政治剧《纸牌屋》原著小说',23,39.80,5000,0,0,'2016-08-03',0,2231),(284,'图书：自控力（斯坦福大学最受欢迎心理学课程）',NULL,'定价39.80元。斯坦福大学最受欢迎心理学课程，提高自控力的最有效途径',23,45.23,10000,0,0,'2016-08-03',0,2237),(285,'图书：FBI教你读心术：钻石升级版',NULL,'定价32.80元。美国FBI超强阅人术，让你第一时间看透对方',23,32.01,8000,0,0,'2016-08-03',0,2243),(286,'图书：一切都是最好的安排（加措活佛著，《西藏生死书》作者索甲仁波切推荐）',NULL,'定价39.80元。加措活佛的人生加持与开示。',23,39.80,5000,0,0,'2016-08-03',0,2249),(287,'图书：天才在左，疯子在右',NULL,'定价29.80元。国内第一本精神病人访谈手记，著名知性影星高圆圆倾情推荐',23,29.80,5000,0,0,'2016-08-03',0,2255),(288,'图书：遇见未知的自己:都市身心灵修行课(修订新版)',NULL,'定价29.00元。三章全新内容首度面世，张德芬沉淀五年潜心修订?',23,29.00,6000,0,0,'2016-08-03',0,2261),(289,'图书：谁的青春不迷茫',NULL,'定价35.00元。奋斗小青年刘同的十年逆袭人生，给都市中焦躁不安困惑迷茫的年轻人。',23,35.00,10000,0,0,'2016-08-03',0,2267),(290,'图书：活着（余华著）',NULL,'定价20.00元。余华中国当代文学中的经典之作',23,20.00,7000,0,0,'2016-08-03',0,2273),(291,'图书：得未曾有（安妮宝贝改笔名“庆山”后首次发表的最新散文集）',NULL,'2014年安妮宝贝改笔名“庆山”后首次发表的最新散文集',23,49.00,8000,0,0,'2016-08-03',0,2279),(292,'图书：解忧杂货店（东野圭吾著）',NULL,'定价39.50元。《白夜行》后，东野圭吾最受欢迎作品，不是推理小说，却更扣人心弦！',23,39.50,8000,0,0,'2016-08-03',0,2285),(293,'图书：DK中国儿童百科全书+DK儿童百科百问百答套装',NULL,'2册定价276.00元。欧洲最知名的出版公司经典巨著，中国销售最好的DK儿童百科全书',23,276.00,2000,0,0,'2016-08-03',0,2291),(294,'图书：0-3岁亲子早教语言启蒙 咿呀呀系列（共9册）',NULL,'日本引进版权，0-3岁幼儿素质教育，性价比最高的情绪管理类绘本！',23,54.00,20000,0,0,'2016-08-03',0,2297),(295,'图书：不一样的卡梅拉（第3季）共10册',NULL,'绘本类儿童文学第一名，2014第三季重磅上市',23,100.00,20000,0,0,'2016-08-03',0,2303),(296,'图书：猜猜我有多爱你',NULL,'全球销量第一的儿童绘本，最深沉的爱，用一本书完美诠释',23,35.80,500,0,0,'2016-08-03',0,2309),(297,'图书：小恐龙完美成长系列（全6册）',NULL,'源自泰国的高端情商管理绘本，全球童书畅销榜前列，为0-6岁儿童量身打造',23,58.80,1000,0,0,'2016-08-03',0,2315),(298,'图书：幼幼认知贴纸书（共8册）',NULL,'最具性价比的宝宝儿童贴纸书',23,49.60,1000,0,0,'2016-08-03',0,2321),(299,'图书：字的童话：走向汉字应用的最佳桥梁书（全7册）',NULL,'台湾新闻局中小学生优良课外读物推介',23,98.00,4000,0,0,'2016-08-03',0,2327),(300,'图书：儿童安全365绘本（全4册，适合3-6岁）',NULL,'从孩子的视角说明了遇到陌生人、上学时、一个人在家和外出游玩等不同情况下需要注意的安全问题，以及应对措施',23,72.00,4000,0,0,'2016-08-03',0,2333),(301,'图书：美国经典专注力培养大书：迅速提升孩子专注力！（全8册）',NULL,'系统解决儿童阶段面临的最大学习障碍，迅速提升孩子专注力！全美畅销66年',23,160.00,4000,0,0,'2016-08-03',0,2339),(302,'图书：森林报 春夏秋冬正版全套4册',NULL,'读书好工程推荐版本的森林报',23,50.00,10000,0,2,'2016-08-03',0,2345),(303,'童鞋：hello kitty2014秋季新款女童运动鞋',NULL,'高帮休闲运动鞋，款式好',7,423.00,2000,0,0,'2016-08-03',0,2351),(304,'童鞋：迪士尼高帮冬季运动鞋',NULL,'排汗、透气、保暖，男孩运动必备',7,339.00,4300,0,1,'2016-08-03',0,2357),(305,'童鞋：芭比童鞋2014新款雪地靴',NULL,'最受妈妈欢迎的女孩品牌',7,638.00,5350,0,0,'2016-08-03',0,2363),(306,'童鞋：富罗迷女童真皮雪地靴',NULL,'真皮女童靴，宝贝的最爱',7,338.00,30000,0,0,'2016-08-03',0,2369),(307,'童鞋：牧童童鞋冬爱心水钻公主中筒靴',NULL,'心意满满的甜美爱心靴；爱心压纹+爱心水钻，靴子的每一处都散发着甜美气质。靴筒上的爱心菱格压纹，包裹小腿，锁住温暖。爱宝贝，就赶紧送她一双充满心意的爱心靴吧！',7,318.00,6500,0,2,'2016-08-03',0,2375),(308,'童装：巴拉巴拉男童短款多色羽绒服',NULL,'时尚撞色，轻盈保暖，多色可选',7,398.00,30000,0,0,'2016-08-03',0,2381),(309,'童装：Gap经典防风保暖连帽棉服',NULL,'帅气保暖',7,549.00,1400,0,0,'2016-08-03',0,2387),(310,'童装：安奈儿炫彩保暖羽绒',NULL,'超轻薄羽绒，缤纷五色',7,559.00,4500,0,0,'2016-08-03',0,2393),(311,'童装：pptown女童花纹中腰打底毛裤',NULL,'含羊毛、加厚保暖毛裤',7,189.00,8000,0,0,'2016-08-03',0,2399),(312,'童装：童泰新生婴儿棉衣三件套',NULL,'新生儿必备的日用品级别棉服,且工厂会一直保持有现货可供给',7,177.80,20000,0,1,'2016-08-03',0,2405),(313,'童装：MQD童装儿童轻薄羽绒服',NULL,'时尚款式90%灰鸭绒 优雅男童冬日必备',7,729.00,4235,0,0,'2016-08-03',0,2411),(314,'童装：南极人童装儿童薄款轻羽绒服',NULL,'重新定义羽绒服：创新科技 超轻羽绒服 轻盈保暖；秋冬宝宝必选单品，国家标准90%白鸭绒保暖效果最佳 永不落后的最经典款式板型 轻薄保暖时尚 热销两万件全民疯抢',7,599.00,50000,0,0,'2016-08-03',0,2417),(315,'童装：小猪班纳男童针织长裤',NULL,'已超过5000人购买，4.8分好评，四季款柔软舒适，专柜大牌品质',7,199.00,10000,0,0,'2016-08-03',0,2423),(316,'童装：米妮哈鲁女童韩版连帽加厚短款羽绒服',NULL,'双十一特别定制，精致做工，加厚保暖，时尚有型。',7,1388.00,2000,0,0,'2016-08-03',0,2429),(317,'童装：伊顿纪德儿童装英伦学院风连帽棉袄',NULL,'冬季最新款儿童加厚保暖棉服 防风防雨防雪 反光条让孩子出行更安全',7,434.00,15000,0,0,'2016-08-03',0,2435),(318,'童装：巴布豆童装羽绒服加厚',NULL,'款型特别 市场反馈好',7,699.00,10000,0,0,'2016-08-03',0,2441),(319,'童装：TWINKIDS冬款男女童羽绒服',NULL,'羽绒服三色可选韩剧流行款式',7,898.00,2500,0,0,'2016-08-03',0,2447),(320,'童装：Reima 2014秋冬新款 轻薄羽绒夹克',NULL,'双十一专供款',7,899.00,2900,0,0,'2016-08-03',0,2453),(321,'童装：蕾丝修身双面羽绒裤',NULL,'中大女童羽绒裤 360°双面全羽绒 侧边蕾丝修身',7,288.00,5000,0,2,'2016-08-03',0,2459),(322,'童装：papa有机棉春秋款轻柔婴儿斗篷',NULL,'13年双11销量第一产品',7,199.00,10000,0,0,'2016-08-03',0,2465),(323,'童装：可可鸭男童中长款加厚冲锋棉衣',NULL,'英伦风尚 保暖防风，加长版冲锋棉衣',7,509.00,2000,0,0,'2016-08-03',0,2471),(324,'童装：BABY起绒保暖连体衣',NULL,'①起绒面料、轻薄保暖②多功能设计、不穿袜也保暖③前开式整体拉链，方便穿着',7,178.00,770,0,0,'2016-08-03',0,2477),(325,'童装：allo&lugh儿童唐装',NULL,'中国风印花唐装，加厚款，精湛刺绣工艺，亮丽色彩搭配花朵图案，充满古典风情，又不失潮流的经典唐装。过年送礼、宝宝生日礼物。',7,749.00,1800,0,0,'2016-08-03',0,2483),(326,'童装：迪士尼全棉圆领儿童内衣套装',NULL,'卖点：库存充足；国际一线品牌；历史最低价。一等品品质（其他品牌大部分都是合格品）。9月17日单品聚，13000件，转化率23.16%，类目单品第一',7,218.00,40000,0,0,'2016-08-03',0,2489),(327,'童装：巴布豆童装男童女童棉衣外套棉袄',NULL,'双十一特供款棉服，性价比超高',7,528.00,4500,0,0,'2016-08-03',0,2495),(328,'童装：minipeace女童双色羽绒服',NULL,'针织层叠立领，90%优质白鸭绒，可爱甜美',7,799.00,2500,0,1,'2016-08-03',0,2501),(329,'童装：jnby by JNBY江南布衣童装保暖可爱羽绒服',NULL,'2014线上特供专款新品',7,970.00,800,0,0,'2016-08-03',0,2507),(330,'童装：Jeep吉普男童秋冬加厚棉衣外套',NULL,'做工好 妈妈评价好 版型好并且天猫无同款  面料好 孩子穿上帅气',7,558.00,6000,0,0,'2016-08-03',0,2513),(331,'童装：softlove男女宝宝婴幼儿外服',NULL,'多色可选，可爱趣味',7,259.00,7000,0,0,'2016-08-03',0,2519),(332,'童装：贝贝王国女童羽绒服儿童羽绒服',NULL,'90白鸭绒 店铺优惠券再减10元',7,599.00,4000,0,0,'2016-08-03',0,2525),(333,'童装：红孩儿童装男童女童生态棉服',NULL,'选用杜邦生态棉：更保暖、更透气、更轻便、更耐用、更健康',7,229.00,7999,1,0,'2016-08-03',0,2531);
/*!40000 ALTER TABLE `product_t` ENABLE KEYS */;
UNLOCK TABLES;

--
-- Table structure for table `prt_comment_t`
--

DROP TABLE IF EXISTS `prt_comment_t`;
/*!40101 SET @saved_cs_client     = @@character_set_client */;
/*!40101 SET character_set_client = utf8 */;
CREATE TABLE `prt_comment_t` (
  `comment_id` int(11) NOT NULL AUTO_INCREMENT,
  `prt_id` int(11) DEFAULT NULL,
  `user_id` int(11) DEFAULT NULL,
  `content` varchar(1000) DEFAULT NULL,
  `create_time` datetime DEFAULT NULL,
  `eval_rank` int(11) DEFAULT NULL,
  PRIMARY KEY (`comment_id`)
) ENGINE=InnoDB AUTO_INCREMENT=12 DEFAULT CHARSET=utf8;
/*!40101 SET character_set_client = @saved_cs_client */;

--
-- Dumping data for table `prt_comment_t`
--

LOCK TABLES `prt_comment_t` WRITE;
/*!40000 ALTER TABLE `prt_comment_t` DISABLE KEYS */;
INSERT INTO `prt_comment_t` VALUES (1,1,1,'东西很好 赞一个，超级好！！！！!!!!','2016-07-26 21:33:03',1),(2,1,1,'东西不错','2016-07-19 00:00:00',1),(10,34,1,'好评','2016-08-03 15:01:48',0),(11,29,1,'差评，一次失败的购物经历，大家不要再买了','2016-07-30 08:50:30',0);
/*!40000 ALTER TABLE `prt_comment_t` ENABLE KEYS */;
UNLOCK TABLES;

--
-- Table structure for table `prt_images_t`
--

DROP TABLE IF EXISTS `prt_images_t`;
/*!40101 SET @saved_cs_client     = @@character_set_client */;
/*!40101 SET character_set_client = utf8 */;
CREATE TABLE `prt_images_t` (
  `image_id` int(11) NOT NULL AUTO_INCREMENT,
  `image_name` varchar(45) DEFAULT NULL,
  `prt_id` int(11) DEFAULT NULL,
  PRIMARY KEY (`image_id`)
) ENGINE=InnoDB AUTO_INCREMENT=2537 DEFAULT CHARSET=utf8;
/*!40101 SET character_set_client = @saved_cs_client */;

--
-- Dumping data for table `prt_images_t`
--

LOCK TABLES `prt_images_t` WRITE;
/*!40000 ALTER TABLE `prt_images_t` DISABLE KEYS */;
INSERT INTO `prt_images_t` VALUES (1,'1/1.jpg',1),(2,'1/2.jpg',1),(3,'1/3.jpg',1),(4,'1/4.jpg',1),(5,'1/5.jpg',1),(6,'1/6.jpg',1),(7,'2/1.jpg',2),(8,'2/2.jpg',2),(9,'2/3.jpg',2),(10,'2/4.jpg',2),(11,'2/5.jpg',2),(13,'2/6.jpg',2),(499,'3/1.jpg',3),(500,'3/2.jpg',3),(501,'3/3.jpg',3),(502,'3/4.jpg',3),(503,'3/5.jpg',3),(504,'3/6.jpg',3),(505,'4/1.jpg',4),(506,'4/2.jpg',4),(507,'4/3.jpg',4),(508,'4/4.jpg',4),(509,'4/5.jpg',4),(510,'4/6.jpg',4),(511,'5/1.jpg',5),(512,'5/2.jpg',5),(513,'5/3.jpg',5),(514,'5/4.jpg',5),(515,'5/5.jpg',5),(516,'5/6.jpg',5),(517,'6/1.jpg',6),(518,'6/2.jpg',6),(519,'6/3.jpg',6),(520,'6/4.jpg',6),(521,'6/5.jpg',6),(522,'6/6.jpg',6),(523,'7/1.jpg',7),(524,'7/2.jpg',7),(525,'7/3.jpg',7),(526,'7/4.jpg',7),(527,'7/5.jpg',7),(528,'7/6.jpg',7),(529,'8/1.jpg',8),(530,'8/2.jpg',8),(531,'8/3.jpg',8),(532,'8/4.jpg',8),(533,'8/5.jpg',8),(534,'8/6.jpg',8),(535,'9/1.jpg',9),(536,'9/2.jpg',9),(537,'9/3.jpg',9),(538,'9/4.jpg',9),(539,'9/5.jpg',9),(540,'9/6.jpg',9),(541,'10/1.jpg',10),(542,'10/2.jpg',10),(543,'10/3.jpg',10),(544,'10/4.jpg',10),(545,'10/5.jpg',10),(546,'10/6.jpg',10),(547,'11/1.jpg',11),(548,'11/2.jpg',11),(549,'11/3.jpg',11),(550,'11/4.jpg',11),(551,'11/5.jpg',11),(552,'11/6.jpg',11),(553,'12/1.jpg',12),(554,'12/2.jpg',12),(555,'12/3.jpg',12),(556,'12/4.jpg',12),(557,'12/5.jpg',12),(558,'12/6.jpg',12),(559,'13/1.jpg',13),(560,'13/2.jpg',13),(561,'13/3.jpg',13),(562,'13/4.jpg',13),(563,'13/5.jpg',13),(564,'13/6.jpg',13),(565,'14/1.jpg',14),(566,'14/2.jpg',14),(567,'14/3.jpg',14),(568,'14/4.jpg',14),(569,'14/5.jpg',14),(570,'14/6.jpg',14),(571,'15/1.jpg',15),(572,'15/2.jpg',15),(573,'15/3.jpg',15),(574,'15/4.jpg',15),(575,'15/5.jpg',15),(576,'15/6.jpg',15),(577,'16/1.jpg',16),(578,'16/2.jpg',16),(579,'16/3.jpg',16),(580,'16/4.jpg',16),(581,'16/5.jpg',16),(582,'16/6.jpg',16),(583,'17/1.jpg',17),(584,'17/2.jpg',17),(585,'17/3.jpg',17),(586,'17/4.jpg',17),(587,'17/5.jpg',17),(588,'17/6.jpg',17),(589,'18/1.jpg',18),(590,'18/2.jpg',18),(591,'18/3.jpg',18),(592,'18/4.jpg',18),(593,'18/5.jpg',18),(594,'18/6.jpg',18),(595,'19/1.jpg',19),(596,'19/2.jpg',19),(597,'19/3.jpg',19),(598,'19/4.jpg',19),(599,'19/5.jpg',19),(600,'19/6.jpg',19),(601,'20/1.jpg',20),(602,'20/2.jpg',20),(603,'20/3.jpg',20),(604,'20/4.jpg',20),(605,'20/5.jpg',20),(606,'20/6.jpg',20),(607,'21/1.jpg',21),(608,'21/2.jpg',21),(609,'21/3.jpg',21),(610,'21/4.jpg',21),(611,'21/5.jpg',21),(612,'21/6.jpg',21),(613,'22/1.jpg',22),(614,'22/2.jpg',22),(615,'22/3.jpg',22),(616,'22/4.jpg',22),(617,'22/5.jpg',22),(618,'22/6.jpg',22),(619,'23/1.jpg',23),(620,'23/2.jpg',23),(621,'23/3.jpg',23),(622,'23/4.jpg',23),(623,'23/5.jpg',23),(624,'23/6.jpg',23),(625,'24/1.jpg',24),(626,'24/2.jpg',24),(627,'24/3.jpg',24),(628,'24/4.jpg',24),(629,'24/5.jpg',24),(630,'24/6.jpg',24),(631,'25/1.jpg',25),(632,'25/2.jpg',25),(633,'25/3.jpg',25),(634,'25/4.jpg',25),(635,'25/5.jpg',25),(636,'25/6.jpg',25),(637,'26/1.jpg',26),(638,'26/2.jpg',26),(639,'26/3.jpg',26),(640,'26/4.jpg',26),(641,'26/5.jpg',26),(642,'26/6.jpg',26),(643,'27/1.jpg',27),(644,'27/2.jpg',27),(645,'27/3.jpg',27),(646,'27/4.jpg',27),(647,'27/5.jpg',27),(648,'27/6.jpg',27),(649,'28/1.jpg',28),(650,'28/2.jpg',28),(651,'28/3.jpg',28),(652,'28/4.jpg',28),(653,'28/5.jpg',28),(654,'28/6.jpg',28),(655,'29/1.jpg',29),(656,'29/2.jpg',29),(657,'29/3.jpg',29),(658,'29/4.jpg',29),(659,'29/5.jpg',29),(660,'29/6.jpg',29),(661,'30/1.jpg',30),(662,'30/2.jpg',30),(663,'30/3.jpg',30),(664,'30/4.jpg',30),(665,'30/5.jpg',30),(666,'30/6.jpg',30),(667,'31/1.jpg',31),(668,'31/2.jpg',31),(669,'31/3.jpg',31),(670,'31/4.jpg',31),(671,'31/5.jpg',31),(672,'31/6.jpg',31),(673,'32/1.jpg',32),(674,'32/2.jpg',32),(675,'32/3.jpg',32),(676,'32/4.jpg',32),(677,'32/5.jpg',32),(678,'32/6.jpg',32),(679,'33/1.jpg',33),(680,'33/2.jpg',33),(681,'33/3.jpg',33),(682,'33/4.jpg',33),(683,'33/5.jpg',33),(684,'33/6.jpg',33),(685,'34/1.jpg',34),(686,'34/2.jpg',34),(687,'34/3.jpg',34),(688,'34/4.jpg',34),(689,'34/5.jpg',34),(690,'34/6.jpg',34),(691,'35/1.jpg',35),(692,'35/2.jpg',35),(693,'35/3.jpg',35),(694,'35/4.jpg',35),(695,'35/5.jpg',35),(696,'35/6.jpg',35),(697,'36/1.jpg',36),(698,'36/2.jpg',36),(699,'36/3.jpg',36),(700,'36/4.jpg',36),(701,'36/5.jpg',36),(702,'36/6.jpg',36),(703,'37/1.jpg',37),(704,'37/2.jpg',37),(705,'37/3.jpg',37),(706,'37/4.jpg',37),(707,'37/5.jpg',37),(708,'37/6.jpg',37),(709,'38/1.jpg',38),(710,'38/2.jpg',38),(711,'38/3.jpg',38),(712,'38/4.jpg',38),(713,'38/5.jpg',38),(714,'38/6.jpg',38),(715,'39/1.jpg',39),(716,'39/2.jpg',39),(717,'39/3.jpg',39),(718,'39/4.jpg',39),(719,'39/5.jpg',39),(720,'39/6.jpg',39),(721,'40/1.jpg',40),(722,'40/2.jpg',40),(723,'40/3.jpg',40),(724,'40/4.jpg',40),(725,'40/5.jpg',40),(726,'40/6.jpg',40),(727,'41/1.jpg',41),(728,'41/2.jpg',41),(729,'41/3.jpg',41),(730,'41/4.jpg',41),(731,'41/5.jpg',41),(732,'41/6.jpg',41),(733,'42/1.jpg',42),(734,'42/2.jpg',42),(735,'42/3.jpg',42),(736,'42/4.jpg',42),(737,'42/5.jpg',42),(738,'42/6.jpg',42),(739,'43/1.jpg',43),(740,'43/2.jpg',43),(741,'43/3.jpg',43),(742,'43/4.jpg',43),(743,'43/5.jpg',43),(744,'43/6.jpg',43),(745,'44/1.jpg',44),(746,'44/2.jpg',44),(747,'44/3.jpg',44),(748,'44/4.jpg',44),(749,'44/5.jpg',44),(750,'44/6.jpg',44),(751,'45/1.jpg',45),(752,'45/2.jpg',45),(753,'45/3.jpg',45),(754,'45/4.jpg',45),(755,'45/5.jpg',45),(756,'45/6.jpg',45),(757,'46/1.jpg',46),(758,'46/2.jpg',46),(759,'46/3.jpg',46),(760,'46/4.jpg',46),(761,'46/5.jpg',46),(762,'46/6.jpg',46),(763,'47/1.jpg',47),(764,'47/2.jpg',47),(765,'47/3.jpg',47),(766,'47/4.jpg',47),(767,'47/5.jpg',47),(768,'47/6.jpg',47),(769,'48/1.jpg',48),(770,'48/2.jpg',48),(771,'48/3.jpg',48),(772,'48/4.jpg',48),(773,'48/5.jpg',48),(774,'48/6.jpg',48),(775,'49/1.jpg',49),(776,'49/2.jpg',49),(777,'49/3.jpg',49),(778,'49/4.jpg',49),(779,'49/5.jpg',49),(780,'49/6.jpg',49),(781,'50/1.jpg',50),(782,'50/2.jpg',50),(783,'50/3.jpg',50),(784,'50/4.jpg',50),(785,'50/5.jpg',50),(786,'50/6.jpg',50),(787,'51/1.jpg',51),(788,'51/2.jpg',51),(789,'51/3.jpg',51),(790,'51/4.jpg',51),(791,'51/5.jpg',51),(792,'51/6.jpg',51),(793,'52/1.jpg',52),(794,'52/2.jpg',52),(795,'52/3.jpg',52),(796,'52/4.jpg',52),(797,'52/5.jpg',52),(798,'52/6.jpg',52),(799,'53/1.jpg',53),(800,'53/2.jpg',53),(801,'53/3.jpg',53),(802,'53/4.jpg',53),(803,'53/5.jpg',53),(804,'53/6.jpg',53),(805,'54/1.jpg',54),(806,'54/2.jpg',54),(807,'54/3.jpg',54),(808,'54/4.jpg',54),(809,'54/5.jpg',54),(810,'54/6.jpg',54),(811,'55/1.jpg',55),(812,'55/2.jpg',55),(813,'55/3.jpg',55),(814,'55/4.jpg',55),(815,'55/5.jpg',55),(816,'55/6.jpg',55),(817,'56/1.jpg',56),(818,'56/2.jpg',56),(819,'56/3.jpg',56),(820,'56/4.jpg',56),(821,'56/5.jpg',56),(822,'56/6.jpg',56),(823,'57/1.jpg',57),(824,'57/2.jpg',57),(825,'57/3.jpg',57),(826,'57/4.jpg',57),(827,'57/5.jpg',57),(828,'57/6.jpg',57),(1157,'104/306ff7fd-2ed3-4042-8b6c-1949afc52958.jpg',104),(1158,'104/2d58762e-a086-4933-9714-99824c587d66.jpg',104),(1159,'104/e5b0bb04-47a3-4157-ba65-02b92e47657e.jpg',104),(1160,'104/92c01240-ef00-4cbf-8183-5dc79ba82df2.jpg',104),(1161,'104/e93a7b42-6675-42f8-8696-8677607bd0bd.jpg',104),(1162,'104/a1907718-8fe7-4049-ac51-179fcb18f127.jpg',104),(1163,'105/91187e74-a544-4576-97e4-4a5fc56bcb0c.jpg',105),(1164,'105/b83281a5-9ed1-4cec-80db-684105c34b95.jpg',105),(1165,'105/b523c0ca-56aa-4cc0-8543-c4ebb787e1bb.jpg',105),(1166,'105/385ad5fd-3e4a-4953-9a07-7a8b4b7224ca.jpg',105),(1167,'105/7bc69f6e-8be5-4f5f-8f9c-4b8d4fd740f9.jpg',105),(1168,'105/e524c9fd-edd4-4cd3-8cb8-6ef1e57cc3d4.jpg',105),(1169,'106/e127e94b-7bdd-44a8-8e1f-af50b92a8eb6.jpg',106),(1170,'106/3df10e95-da85-4c25-ac2b-94eff86163c9.jpg',106),(1171,'106/0f42da76-b899-4926-8e74-e370cc45bee0.jpg',106),(1172,'106/b575ca30-80ea-4cd3-a711-6510c229fd80.jpg',106),(1173,'106/c362ac95-8f28-4f33-8f4c-f6de674ae284.jpg',106),(1174,'106/0dc6fc44-b4b6-46f1-a097-33fae03cbf36.jpg',106),(1175,'107/675e80b6-ba58-4f03-95ce-ba88d714f9bf.jpg',107),(1176,'107/d6f3efcf-5dd3-488b-94ff-4bab982acdc8.jpg',107),(1177,'107/02a03e31-8652-4ec1-a85f-44f34bb51933.jpg',107),(1178,'107/d656766f-2be7-46d2-9a58-ea741ea6ddb8.jpg',107),(1179,'107/8aa9c0bf-c2fe-43c9-9634-346458f6af54.jpg',107),(1180,'107/bb73c21b-e947-47c7-81e7-f1201b3bd955.jpg',107),(1181,'108/fa88be8f-4a6b-4fdb-b269-e9d99af96c09.jpg',108),(1182,'108/58fe2f2e-f5ce-4325-b1c0-4718734c2989.jpg',108),(1183,'108/ea5ee16d-d690-4f38-8570-f76008d3159c.jpg',108),(1184,'108/cdb2703c-1a6c-4db7-beff-7c5b5eae9f21.jpg',108),(1185,'108/a73cbf77-ece0-4ed8-84fa-3bcfec05deb6.jpg',108),(1186,'108/afc3e7fe-37ac-4171-812b-07dbfdc09ed3.jpg',108),(1187,'109/2011c352-16e6-45fd-9f0d-9831e66f84c5.jpg',109),(1188,'109/9a31221c-7521-4d1e-a1eb-4232742cfff1.jpg',109),(1189,'109/1fbe1c80-d533-4f5f-8ce8-78d8b4a19fa9.jpg',109),(1190,'109/212bf062-69c5-4be9-887b-dd0ad758f109.jpg',109),(1191,'109/6e62bf81-79c7-436a-9f52-74525dbfe5a9.jpg',109),(1192,'109/d546fba5-ed7e-48dd-80cf-6c9f2ab4c114.jpg',109),(1193,'110/a4f1cf06-8e19-43f0-bc8a-e90a11bac712.jpg',110),(1194,'110/f70cef68-ea60-46f1-ba97-cb17283e61d4.jpg',110),(1195,'110/385fbc49-b313-43fb-b6b1-1db95c47506d.jpg',110),(1196,'110/dff65f77-52cc-4134-9280-cfdd4ba8083c.jpg',110),(1197,'110/096287fc-0397-450c-ace9-5143b1805839.jpg',110),(1198,'110/fa12c5c9-5d9b-4e95-9227-98f1b41732b3.jpg',110),(1199,'111/023f9cf1-efa5-45a1-ba04-a18674a26d66.jpg',111),(1200,'111/7dd18d06-117f-46a2-839b-bb5a9fb9cf14.jpg',111),(1201,'111/0a224234-cadd-4b23-8988-23cfc0cac02a.jpg',111),(1202,'111/19f23fbb-ce96-4d4b-96da-65ac15cefce7.jpg',111),(1203,'111/453f8e66-7973-461b-9fa6-c8f7bb5c16fd.jpg',111),(1204,'111/e08d979e-db01-47c0-a884-1b6dfecb87d3.jpg',111),(1205,'112/bf6183ae-64ed-4d26-9d71-43e119b53287.jpg',112),(1206,'112/46e9630d-0464-4379-ba23-e2d90059eeca.jpg',112),(1207,'112/2de62ea4-d418-4b87-8ee1-dc699846ac0d.jpg',112),(1208,'112/7d4e3ca3-d0eb-475f-93f4-4df0aca8fbe6.jpg',112),(1209,'112/50db5ce4-03cd-447a-ab2e-d7298997944d.jpg',112),(1210,'112/b9d35c70-c77a-4951-a8df-020c4ee0620d.jpg',112),(1211,'113/4b77fe5c-14b7-4250-a5d6-13b03f653d70.jpg',113),(1212,'113/3cea3611-2802-4ba0-bb61-82ab32856dda.jpg',113),(1213,'113/6ee4d0f3-f00b-4415-a5e5-fe5f04e79f6c.jpg',113),(1214,'113/b741288b-0e60-4433-9e46-807c6226e957.jpg',113),(1215,'113/c6e5fe50-8934-4761-b99d-3ddcbb7cd37b.jpg',113),(1216,'113/20e6a44c-7d47-4024-bfab-e1ff23fb36a5.jpg',113),(1217,'114/63c2994d-35c6-4746-b213-52e2667f0e5b.jpg',114),(1218,'114/e85b9ad1-1c70-4eb4-a26c-57c666101e74.jpg',114),(1219,'114/79a5f673-65fa-4542-b069-e0057a1c0c44.jpg',114),(1220,'114/0f3f14ae-fc7c-4c45-b91e-3611b676d34c.jpg',114),(1221,'114/1b5fad86-04f5-44a6-b7ea-f70b9d8d7d96.jpg',114),(1222,'114/f193f9a1-d43d-438a-9818-2bb063ecc95f.jpg',114),(1223,'115/6ee5ac1a-22d9-40a2-b785-2df026e1b91e.jpg',115),(1224,'115/e7dab938-ee51-4729-b19a-7857722c3f3d.jpg',115),(1225,'115/2d5b56c9-09b2-4688-81dc-e6809bc8c68d.jpg',115),(1226,'115/3c499f70-eebf-4d6f-8f19-72a3e2d466e3.jpg',115),(1227,'115/61dd0aea-c76e-4507-9ef3-679b9ce30a61.jpg',115),(1228,'115/73960867-b2c1-41f9-875a-571309c3aa16.jpg',115),(1229,'116/9fbae8d3-c7aa-42db-aa66-d10625ef7f09.jpg',116),(1230,'116/aef2d2a5-f952-4f2f-b3c0-78dc7c585d18.jpg',116),(1231,'116/30440c2e-7461-47d5-972c-5cf46e52f984.jpg',116),(1232,'116/12f22461-42a5-40ca-92f9-9c49b8150110.jpg',116),(1233,'116/2626ed09-2af3-48fc-aee9-ef2d29779f07.jpg',116),(1234,'116/2abe2b57-5654-431b-80dc-9a5b50f4752c.jpg',116),(1235,'117/8c13b09b-aa8b-4f21-99b1-a438f6007537.jpg',117),(1236,'117/a06b60f7-44f2-44d8-8ecf-99f0cec7063d.jpg',117),(1237,'117/504511ef-be4e-48bd-b5d5-23f64ff01756.jpg',117),(1238,'117/bf1897f6-459d-4e68-be2c-82faaf240e2e.jpg',117),(1239,'117/7c37d100-55d7-4248-9faa-e3a24fd39ead.jpg',117),(1240,'117/858e27ad-bb53-4a25-b74f-ec95134f7150.jpg',117),(1241,'118/43229b98-e341-40ea-9f39-02466408f336.jpg',118),(1242,'118/ff57a260-d133-4b8e-9cfc-afc2a444a560.jpg',118),(1243,'118/2eeb8706-7d28-4c53-9ffd-d0b0880f0909.jpg',118),(1244,'118/c818828f-0a66-4b68-9be6-95822d2ee3aa.jpg',118),(1245,'118/2d1af990-6dc7-4858-b70f-711f374e0648.jpg',118),(1246,'118/39d9d5b2-faeb-41cc-8a2c-c096f0ca4841.jpg',118),(1247,'119/12c587a6-f6fc-4785-a405-2abc32c0c4fa.jpg',119),(1248,'119/261d560f-afa8-4a81-a8c1-20f34216d041.jpg',119),(1249,'119/28844c24-3c28-4867-aa2d-ac013ed1074d.jpg',119),(1250,'119/6d782c79-65a5-401a-a072-6a3cfbe077d1.jpg',119),(1251,'119/3d78b818-5f8c-46e5-a6c7-378eac212b5e.jpg',119),(1252,'119/daed3842-ba8a-4247-9266-3b4068970e23.jpg',119),(1253,'120/4366d8f0-414e-4f10-b1cf-26bbb29f659a.jpg',120),(1254,'120/b87b4707-70ec-41ff-9fd3-67d421486ec0.jpg',120),(1255,'120/e5796b27-5fb0-428a-8391-b176dc63cdc9.jpg',120),(1256,'120/d24d2d22-15c2-4d55-a53e-0df02ff31cd0.jpg',120),(1257,'120/ee981f60-4560-4cba-9b21-32f626d78dd4.jpg',120),(1258,'120/363bb1f3-ca23-4368-80b5-cb6567d04a8a.jpg',120),(1259,'121/f9c3dae6-1971-4a4d-be33-65a3a9138c0c.jpg',121),(1260,'121/6ff6cb31-b383-4fe3-9fed-c98756707851.jpg',121),(1261,'121/c27a6044-2bf0-4b6e-90f2-2192074f1cde.jpg',121),(1262,'121/debb42ba-835c-4263-ba77-e2d4c4bd5213.jpg',121),(1263,'121/75fe14e3-05bc-4548-8189-5a4e59e10bf6.jpg',121),(1264,'121/1d919a8f-ed47-44e9-b59e-cd9b4982d1ff.jpg',121),(1265,'122/238d70f4-d51c-484d-9a1c-8f9a731953c5.jpg',122),(1266,'122/6d700553-77e6-42da-b1c1-724f25038e2c.jpg',122),(1267,'122/4ada81db-ff04-46db-b0ab-9dd319dc7c02.jpg',122),(1268,'122/79f6a573-01f5-45c5-8485-518eeb0f3dd6.jpg',122),(1269,'122/b6cf7418-10fc-45e8-9ba1-7ebd4b47e341.jpg',122),(1270,'122/aa0a56c8-8740-454a-a284-4a614465a7ec.jpg',122),(1271,'123/6202f49f-429f-408d-bd65-c0165c7f25a3.jpg',123),(1272,'123/85488b7b-70b4-4175-bec7-6cb57bc699e8.jpg',123),(1273,'123/92acf8b6-d4bc-4f49-b0f8-69be099a819c.jpg',123),(1274,'123/3179725b-148f-4577-903f-1cdf87d20a79.jpg',123),(1275,'123/c8742afb-c45e-40b2-b589-936f86a4191e.jpg',123),(1276,'123/238f7844-3227-4fb1-8023-0f0784fcfeb5.jpg',123),(1277,'124/bed28da7-9693-4f23-9f83-9dd17f3b4767.jpg',124),(1278,'124/9e6dfdbe-4c65-4cea-bd89-7c117c9e1d2e.jpg',124),(1279,'124/8c23df99-1e6c-47c3-b150-5035a7e6170f.jpg',124),(1280,'124/85d00e60-dabb-4eb7-a008-e9005e98ad25.jpg',124),(1281,'124/4c35977a-d529-412f-9919-a21f0d6e5edd.jpg',124),(1282,'124/5b310011-d2f3-4056-9676-b273195c33f0.jpg',124),(1283,'125/67b456a6-067a-42c4-aa44-183b38b9f025.jpg',125),(1284,'125/0382dc3c-c470-46e4-ac44-c94dfb76561e.jpg',125),(1285,'125/7d530010-a657-499a-a1b1-f90f4b406e27.jpg',125),(1286,'125/55dfbdd6-d2df-4d1d-859d-b96b8537b041.jpg',125),(1287,'125/a90d45d5-f01a-4c90-9ff1-38413f28dd75.jpg',125),(1288,'125/18d375e2-56f5-4ff4-80ef-d3b1ee8b4ef0.jpg',125),(1289,'126/ef5b3645-555d-40f6-922b-dde89b6e5326.jpg',126),(1290,'126/42635be7-8c84-4ca5-881d-8c3f43745f8f.jpg',126),(1291,'126/e3e03b10-cc77-46f1-ae9c-11d0cb241de7.jpg',126),(1292,'126/aa8f0f43-14e1-447b-9198-95e058e3219b.jpg',126),(1293,'126/2dd1a019-9ac4-4ca4-97c8-e819d6464998.jpg',126),(1294,'126/4c83adf5-45c1-49bc-8b6c-5538a7cf5e67.jpg',126),(1295,'127/bb6437fa-45a9-4ef0-97c0-42e5e0fbdc9a.jpg',127),(1296,'127/e61d4ac7-2d7f-4f62-b4dc-5780a5a19e4f.jpg',127),(1297,'127/9122efa6-66ae-4d78-ac32-d32b5c56178f.jpg',127),(1298,'127/e31c17fb-12ff-4659-8c12-ecdcb9ceca75.jpg',127),(1299,'127/b5945663-0d5f-476d-9b61-f4280d686da3.jpg',127),(1300,'127/ee6aaa57-9309-456c-a54e-6b94f10df0cd.jpg',127),(1301,'128/ee5e0262-1974-40ad-8d1a-43d3dd1c3c35.jpg',128),(1302,'128/cc3b90f2-17fc-4454-9be6-9468fb620496.jpg',128),(1303,'128/176c9ecf-92fa-428d-a3a3-ecbd02f50b83.jpg',128),(1304,'128/c50a64cc-da00-4c47-b59b-38994eb41ac1.jpg',128),(1305,'128/ce325d46-7a20-4e4f-a2dc-bf007b155562.jpg',128),(1306,'128/5b5d2ec4-8a4e-4bcc-8ac2-0040da387f6a.jpg',128),(1307,'129/819e9b89-2217-4bcf-b7a2-980ccc7f8e9f.jpg',129),(1308,'129/4ed4d512-c060-4b6c-9bc2-8b5c1842c5cb.jpg',129),(1309,'129/d202fbc6-3f2a-4ec9-9ef4-7d0322bca3f3.jpg',129),(1310,'129/f6448a14-1927-4020-8e76-6f5ff311bb94.jpg',129),(1311,'129/ec92d3bf-8865-460e-8689-af7512b2c8db.jpg',129),(1312,'129/5e62ad75-325a-41d7-ad7c-807156ceeda2.jpg',129),(1313,'130/2c2412e4-5d20-40ab-ace1-717a6f953de4.jpg',130),(1314,'130/cefcaa76-9ca0-48fe-ae85-f124a32b65f0.jpg',130),(1315,'130/1598ec7f-2c33-4a58-ae82-ff364adde36d.jpg',130),(1316,'130/838043ed-91c4-4f58-bf75-1e8fbb220fa4.jpg',130),(1317,'130/15ad2dc0-de7d-4b8f-b3e0-85395d194ee6.jpg',130),(1318,'130/b996dbec-42ad-4ad3-96e5-641979008f8e.jpg',130),(1319,'131/e67aba7c-2346-4504-b0c2-1f7b93ac51a4.jpg',131),(1320,'131/b69a4a76-d067-4387-bd5f-14ca22a5886b.jpg',131),(1321,'131/4be71f89-13bb-42f9-8a57-97c24e1922c1.jpg',131),(1322,'131/6145ee60-9568-4b80-a2d5-fd475d23cf8f.jpg',131),(1323,'131/96b05c3b-62c8-4fff-85e6-c61fbaf036cc.jpg',131),(1324,'131/6ed89048-4667-4f6a-b782-2c310924cb87.jpg',131),(1325,'132/8989c1f2-bc1a-4d21-93d5-3ae23b6530d3.jpg',132),(1326,'132/d4102694-1088-41d3-bc23-67a2a06820c7.jpg',132),(1327,'132/a5670285-fa5c-4ed6-b4da-a541d58152db.jpg',132),(1328,'132/33389aa3-086b-4622-ac51-568c24831687.jpg',132),(1329,'132/f7b320f0-f304-4e26-8472-f773d189ba70.jpg',132),(1330,'132/07db20bc-81ef-42f3-9c18-5dad67a22003.jpg',132),(1331,'133/171bf7d4-af85-41b6-996e-9839f5ed8eb1.jpg',133),(1332,'133/bf76b738-bbe0-40a2-b357-19de18d0c91b.jpg',133),(1333,'133/16491c5c-d2b8-4fa5-922d-df73a697a3f3.jpg',133),(1334,'133/f6a627ee-206f-4815-b7e6-98479d650956.jpg',133),(1335,'133/f5383966-770c-48c5-a75a-120293fe4d6a.jpg',133),(1336,'133/1e3e7b69-541f-4c21-b444-3721bdddc031.jpg',133),(1337,'134/6024fc1c-b010-4afd-b22d-2be5fb31ebba.jpg',134),(1338,'134/85d2e324-47d3-4fb9-b93f-6f50b12c4344.jpg',134),(1339,'134/d9562254-44f9-49a5-a82b-f59e85428cb7.jpg',134),(1340,'134/0e9168d1-838f-426b-84cd-64ca51e09d6f.jpg',134),(1341,'134/b4315d3d-5ab1-4eae-aaee-096884643551.jpg',134),(1342,'134/517a479f-704a-4e66-aaed-b0e21b7060a5.jpg',134),(1343,'135/2b8f0da9-0de4-42d2-9c6e-0534cc81bdc7.jpg',135),(1344,'135/24893b6c-047f-4b83-845d-db320f973c4f.jpg',135),(1345,'135/d2165862-eea8-4c5b-a88d-7c9b283cac6f.jpg',135),(1346,'135/9fccf56b-2e57-4b27-aeb3-8a4efa2447ff.jpg',135),(1347,'135/91509a9e-4f02-4a59-a6f7-1f218ba96a81.jpg',135),(1348,'135/0cfb06d6-ac48-45c5-a147-5930c447f86c.jpg',135),(1349,'136/4ffcb7c4-bee9-4910-8eb1-c6465e028acd.jpg',136),(1350,'136/24e71f37-b1e1-4aae-967b-bbee8f0eafc3.jpg',136),(1351,'136/c266ff4f-3af7-4484-804a-2cc80a2caac9.jpg',136),(1352,'136/15d74d90-1248-41e6-87f0-75558ccf2177.jpg',136),(1353,'136/36c8305f-3d2f-4bee-929f-c9abc542a550.jpg',136),(1354,'136/e7f0d8c1-996e-431c-b02f-23959946af04.jpg',136),(1355,'137/4ee8800a-62c8-40ab-bdbb-0b871ea9d558.jpg',137),(1356,'137/c7dd98c2-9ed4-4bbf-8c19-495daab221b4.jpg',137),(1357,'137/51227ce1-3211-49bf-a31a-a46223e600c2.jpg',137),(1358,'137/131a54fe-e7e2-4968-be90-f5ab883c0d74.jpg',137),(1359,'137/9070103e-c835-46ec-92e5-523d3656c5aa.jpg',137),(1360,'137/66d6c8ee-eac5-4504-845a-9d46e220c694.jpg',137),(1361,'138/04582816-b8d5-46a9-b09c-ea6fbe338553.jpg',138),(1362,'138/0c3b41f5-b66a-418e-8099-54c3a050c8df.jpg',138),(1363,'138/0913fead-2f18-46af-b5a7-a48d26f3e896.jpg',138),(1364,'138/1b14bcd7-fec3-4356-86b3-3e7e0a40517e.jpg',138),(1365,'138/4f530d5f-fd8a-41c6-a1ff-cd8c89c17ba8.jpg',138),(1366,'138/93a6a9c8-55b7-4396-acef-ec437068b2fc.jpg',138),(1367,'139/c1510b11-2577-4749-a18e-b277dc47251d.jpg',139),(1368,'139/bff3ab56-fadc-413f-b698-98d938b674cc.jpg',139),(1369,'139/7aee612b-f00e-4898-970a-d35cc4fe2188.jpg',139),(1370,'139/70a615b2-c33d-494d-844a-700ad9d37f0b.jpg',139),(1371,'139/15dfd39d-0082-452c-80f1-53fcdd054a7e.jpg',139),(1372,'139/e1b8a50a-c079-4717-8c33-513eb1c60e25.jpg',139),(1373,'140/ec44e533-3a17-4ef1-8a4f-5aee5622b18f.jpg',140),(1374,'140/7433292a-50d0-4d54-ba73-f970ae40261e.jpg',140),(1375,'140/916438de-d131-4bac-9ec6-8212737cb97f.jpg',140),(1376,'140/374f5c37-b5c0-4d53-ad1d-00ff96872e0d.jpg',140),(1377,'140/ea76a857-1e28-47ca-b516-f95f1f950802.jpg',140),(1378,'140/622d9a8e-3281-47ac-a2d9-a63942205c3d.jpg',140),(1379,'141/c616e258-1b5f-40e5-95d4-254fbe682333.jpg',141),(1380,'141/5e256d46-54a8-4057-8f81-935ce267f00c.jpg',141),(1381,'141/ca9b0178-9a08-4858-b269-a96b85a9a74d.jpg',141),(1382,'141/a760c1fa-b786-451f-908f-dd10f47cf70c.jpg',141),(1383,'141/9e31f510-5931-4090-ac39-24dfda9c0d76.jpg',141),(1384,'141/1ce06bdf-954d-4e16-b8a1-07ffc55bf8a2.jpg',141),(1385,'142/90c28f80-1b58-4f51-a095-dd90f6bbe9be.jpg',142),(1386,'142/5dff96d4-9ff5-40ef-97ce-a8d1ef1250a9.jpg',142),(1387,'142/aa6b4d7e-3d39-42b6-8a4a-e0d7b499e209.jpg',142),(1388,'142/a6b2c997-007b-42dd-a54a-32e07c8749ee.jpg',142),(1389,'142/89d415ec-6623-4ff0-97ec-e17605bed867.jpg',142),(1390,'142/b8dd46a1-12b5-4dfc-9877-ddc29226c987.jpg',142),(1391,'143/703e5eb3-83ca-45ec-bf50-cf82cd73b1c6.jpg',143),(1392,'143/f5cc79eb-3617-4ae2-81db-a84ac838566e.jpg',143),(1393,'143/3bd03176-3d8e-4bc9-9e64-57ec7f86228f.jpg',143),(1394,'143/efd9f21d-01e9-46a6-9518-c0e6a87567a7.jpg',143),(1395,'143/a13125df-1e45-45bc-841a-96502759be9c.jpg',143),(1396,'143/dcdbb585-c703-4627-9f20-16a6866928cd.jpg',143),(1397,'144/4e5ad5c2-f8a1-4e07-870d-1add2de60995.jpg',144),(1398,'144/27e8db74-d3eb-496f-90a8-cc58a2484c39.jpg',144),(1399,'144/5454b85b-e72e-4f0f-847a-24471d063278.jpg',144),(1400,'144/a0053ab4-7e00-47f0-9579-b084542c6e65.jpg',144),(1401,'144/4073a422-b463-4c61-a9a9-fd0492e175b0.jpg',144),(1402,'144/ac17ec2b-50dd-4162-8b36-ed35efefbc72.jpg',144),(1403,'145/d5bc2e96-eccf-4458-a701-ba9861cdeb99.jpg',145),(1404,'145/c1f13cde-6ed8-479e-b771-96b1881eaaa3.jpg',145),(1405,'145/9dcde667-d9d9-4d73-812c-ea51e3a9e1e2.jpg',145),(1406,'145/b46dab0c-1107-4469-ad40-19eb6093a0a8.jpg',145),(1407,'145/30f2f6c8-9275-4fa3-82d6-3cdacb58f457.jpg',145),(1408,'145/0c145d4e-2f14-4627-8530-c0842aa6099a.jpg',145),(1409,'146/9a8d99ef-6a5f-4ae9-b628-6d3c02fbc2cc.jpg',146),(1410,'146/d11b0548-9454-4ac3-82e8-ff703f8dfcee.jpg',146),(1411,'146/62739df8-deb7-4e3b-a14d-ea6f0339394d.jpg',146),(1412,'146/70030df1-06f2-4136-a047-64fd9cfc3350.jpg',146),(1413,'146/970057b2-62bf-4115-befb-f636fa6bf844.jpg',146),(1414,'146/a36a0e29-4e6a-4cf0-9716-9a7529931650.jpg',146),(1415,'147/53aac655-d222-4222-8722-bea8f2c72d59.jpg',147),(1416,'147/ba02b48c-fe33-4024-a15b-8c43af295065.jpg',147),(1417,'147/3c73658d-7930-488d-a0f6-2a1ea931d25f.jpg',147),(1418,'147/f4ac9b23-7e36-4507-b289-4720d0e4ec2a.jpg',147),(1419,'147/13192551-3ddc-42f1-8bd2-63246f52d250.jpg',147),(1420,'147/eb8cd7e8-7f17-4db6-abb8-5b962f5ff624.jpg',147),(1421,'148/5570caf0-9434-4c63-8268-6fe2ef572633.jpg',148),(1422,'148/7807999e-029b-4e7b-b859-47ca3a2bf668.jpg',148),(1423,'148/b5759429-2527-4164-a923-33993388bc15.jpg',148),(1424,'148/c4e4b251-ecc0-4e42-a2a5-60216ffc8102.jpg',148),(1425,'148/4eeb4d83-e454-40a6-a8a8-ab313d99db63.jpg',148),(1426,'148/999ca084-11cf-4659-9ae1-59fc6332493c.jpg',148),(1427,'149/7202df2e-c880-4548-903b-4f392e99ca72.jpg',149),(1428,'149/f3fe1b52-1fb1-4e67-8b31-e122363aec2c.jpg',149),(1429,'149/4720fcd6-3c53-417d-9590-16233fae79a2.jpg',149),(1430,'149/d78c275d-4886-4a1c-bf26-8fd0143050a6.jpg',149),(1431,'149/30d0872e-87a8-464e-a94b-5853467d4b41.jpg',149),(1432,'149/a2452a98-3c73-481f-bdb8-c527e3c8ba57.jpg',149),(1433,'150/8a9d248e-f1ce-4bf6-89a1-13cd0d2f7b8f.jpg',150),(1434,'150/76649a0a-64c4-424b-92b6-67277d6a3cb4.jpg',150),(1435,'150/59a3ed9c-b404-4575-8e4d-829ee64124a0.jpg',150),(1436,'150/573bf179-452d-4453-aea1-8e17a767a0b0.jpg',150),(1437,'150/66c8be9b-b712-4411-aa3f-f98790a9b27a.jpg',150),(1438,'150/e329b973-ab9a-4a3e-ba49-176b56a7acd7.jpg',150),(1439,'151/fa75019e-1948-4c4d-894d-0121de217122.jpg',151),(1440,'151/137e237a-8acb-46e7-a577-43e6f5d966e0.jpg',151),(1441,'151/1d47c8eb-ca55-43cb-b61b-5a31e4eb8fcd.jpg',151),(1442,'151/570eef86-20a8-43c2-b5d2-4cfd669652c5.jpg',151),(1443,'151/4bfd0a3f-0331-497d-a039-49ca8c51acd4.jpg',151),(1444,'151/b0917c48-bc34-47a2-9378-4c0377e0c1df.jpg',151),(1445,'152/a115a81a-fbea-4efe-98ab-77e496acdb26.jpg',152),(1446,'152/5b58bda6-b325-4a37-9f95-8fbc22bf11f4.jpg',152),(1447,'152/807aff18-51f3-41b7-ba7e-6052d31fe70d.jpg',152),(1448,'152/c72a9b2d-c64b-4648-9b47-c4937c0c1306.jpg',152),(1449,'152/c077c862-7eb9-4b4b-a4bd-758da29f5069.jpg',152),(1450,'152/573a964b-236b-4eaa-a877-4537ccb5955d.jpg',152),(1451,'153/504de356-9003-466e-b993-e7604b4bdc07.jpg',153),(1452,'153/0b69bbb7-1d9c-4b76-acc8-f13ea34c844f.jpg',153),(1453,'153/16dd73a8-b4e3-41ec-bbd2-5370fd01ad85.jpg',153),(1454,'153/866edd3b-e436-4695-a430-3254b2144977.jpg',153),(1455,'153/111a37d1-9352-4ade-8894-326536c486fb.jpg',153),(1456,'153/cb452251-2805-4a0c-bc9f-a94b89291af3.jpg',153),(1457,'154/a794b7f6-dc83-4664-b768-eae45c5b63a9.jpg',154),(1458,'154/f1cb593b-9bec-40b3-9518-ac70aff648ab.jpg',154),(1459,'154/59b27641-725e-4018-af9d-70624d4bc85b.jpg',154),(1460,'154/3cedf6ed-cf01-40fe-a456-1f41136ba7d6.jpg',154),(1461,'154/dbc10565-4c1d-4060-ba35-3d487b80b776.jpg',154),(1462,'154/9066180c-77cb-4c14-bb3c-6cccc98ce3b8.jpg',154),(1463,'155/dbc1a58f-ab89-4a4e-b325-b00781bc8edd.jpg',155),(1464,'155/d1bc3861-5d1b-475a-a5e7-eed0fd696c1f.jpg',155),(1465,'155/05b0d052-c1c7-4fab-a072-611be6a565f6.jpg',155),(1466,'155/d48bda11-7efc-4bd1-8f2c-57339310ef18.jpg',155),(1467,'155/c2393434-54bb-44ff-8400-14d7b152653f.jpg',155),(1468,'155/2959edbe-583d-4ea9-ac34-f271466ad9c9.jpg',155),(1469,'156/d2b1e248-443a-4d62-bab2-1e8259a102b5.jpg',156),(1470,'156/252b7459-89f6-4b3b-b7d3-17eb1eb8d004.jpg',156),(1471,'156/7824f294-d5a2-4fcc-b6ad-62017b8419fd.jpg',156),(1472,'156/7d3ccf7d-11cd-4051-88d0-912ea08e2a85.jpg',156),(1473,'156/ff7d8a4e-5e8a-480c-a1e4-9da0469c1dd1.jpg',156),(1474,'156/e9a85b71-82b6-4ecc-8e41-707cee5beddd.jpg',156),(1475,'157/9a69a3c9-3bb6-49e3-951f-4432ce2ac71e.jpg',157),(1476,'157/64a4c6ed-52ae-4027-8188-9df0538aef9f.jpg',157),(1477,'157/15d8fce0-09e5-4f59-9e11-819e82d12a50.jpg',157),(1478,'157/2455fa6a-b4a4-46fa-827d-b99053f3fd2b.jpg',157),(1479,'157/823b43a7-e004-4c49-a52d-e54404313a2c.jpg',157),(1480,'157/b9cbe4c3-a719-48ab-a424-fe3525a0ad22.jpg',157),(1481,'158/81ff8336-8a5b-4e97-bcc3-f3a0ec5fcfa0.jpg',158),(1482,'158/93b722a0-9327-4d53-8dda-a38335bbdf5b.jpg',158),(1483,'158/df1111d8-5677-4fbf-a597-2c59818311b1.jpg',158),(1484,'158/37e5d451-a17a-4c7e-b760-bba17b69a231.jpg',158),(1485,'158/dbeccf11-0a71-4965-be21-f1c2cfe96585.jpg',158),(1486,'158/50661481-77b8-411a-b135-c76767edfe02.jpg',158),(1487,'159/99e87237-f188-4836-bf03-0e60d291d704.jpg',159),(1488,'159/238c943f-c8c3-480d-aa13-2aa52003e595.jpg',159),(1489,'159/61ba883f-0b20-4c6e-9fab-e0fcb675d85d.jpg',159),(1490,'159/44873449-673c-4075-905f-b349eadb9981.jpg',159),(1491,'159/8d89849e-7796-416e-8809-1eccf130ff55.jpg',159),(1492,'159/c1fcf86d-23b3-44be-ba2e-144cdd10d2f9.jpg',159),(1493,'160/6345f2a3-f03b-432e-b44c-ec6f9d98b65f.jpg',160),(1494,'160/1626b775-94da-44d6-86f9-b4b9cd79df9b.jpg',160),(1495,'160/61479921-0ed2-4de2-ba51-1ceb30e0bb61.jpg',160),(1496,'160/a092d4bb-6ca3-4a89-88e8-5bb85e2d2348.jpg',160),(1497,'160/d435242f-5dd9-470f-8e17-f72f0bc241a0.jpg',160),(1498,'160/f51f0752-5f3a-4273-a9e3-b863ec2ee7ad.jpg',160),(1499,'161/6f159ed9-5589-45e6-b583-a112026cd0ff.jpg',161),(1500,'161/3136db7f-f433-4e1d-ae81-0b016c2198fb.jpg',161),(1501,'161/ebf12eb9-982a-4576-b5e2-a1d521745dd9.jpg',161),(1502,'161/f0e81da1-41e6-4157-89ab-6f539363c5c1.jpg',161),(1503,'161/22470045-fecc-4a3a-882c-4bbd63db05a9.jpg',161),(1504,'161/05162a79-bff5-4969-bb40-c38ec06dffef.jpg',161),(1505,'162/99914de3-a288-428c-afb1-727d95b20571.jpg',162),(1506,'162/29b0bc30-0188-434e-9853-28a2a859d4d6.jpg',162),(1507,'162/b89f9719-4d78-4551-8b75-03f4b8d59dd3.jpg',162),(1508,'162/7085529f-24af-484f-994e-32f624e27ef9.jpg',162),(1509,'162/4787804c-b4a6-4f0f-9599-4b80616333cc.jpg',162),(1510,'162/2d3023d0-c756-4f78-8f95-8373256d352a.jpg',162),(1511,'163/322391e2-9e3f-4f4c-87e5-9a2723e7649c.jpg',163),(1512,'163/02d0f345-ae4e-4482-bec2-84b9c33751bc.jpg',163),(1513,'163/afadc2a2-38c3-41b1-80fd-92bf2c020516.jpg',163),(1514,'163/a84a97b4-34d2-420c-a835-005bca9b7071.jpg',163),(1515,'163/c1c5e35a-fce3-496f-bc20-a98d6fa91dcb.jpg',163),(1516,'163/af986ff6-6ba0-4020-afb9-0c1f82ba6359.jpg',163),(1517,'164/f0994431-d890-40ec-9f9c-7ce7720bedc8.jpg',164),(1518,'164/2f0d7ea1-0af1-44b3-b47c-7a21ed0ff4ee.jpg',164),(1519,'164/5a0f52af-c66e-44c9-9220-eb52a31c502b.jpg',164),(1520,'164/5f4236e1-e398-4f36-8a7d-39e5fdc71dcd.jpg',164),(1521,'164/70be5cc6-ef4c-4ed0-b20a-3606be9c7c4b.jpg',164),(1522,'164/acc1ef20-0303-4c3b-a60b-34600a6541bf.jpg',164),(1523,'165/2e867264-1217-42ef-aa0a-bbc9be35f890.jpg',165),(1524,'165/00cb633b-df4a-474a-a5bc-80b45ccc86dc.jpg',165),(1525,'165/beb37259-2d2e-4dc6-93e8-d8ca64d0c568.jpg',165),(1526,'165/f5ccd17a-4982-43ef-a12c-f9d2b20a8a6b.jpg',165),(1527,'165/cb03ea53-f3c6-4281-ba07-2c328a0bc873.jpg',165),(1528,'165/64306592-b192-4551-b607-3a318097fa92.jpg',165),(1529,'166/ed954ac3-3c25-4279-af6d-5833fb7adf25.jpg',166),(1530,'166/37fa3f11-014b-4d66-bc67-937ed574e1f3.jpg',166),(1531,'166/2375b04f-03e1-4ebb-b035-818de9ce4c09.jpg',166),(1532,'166/e4f204da-90ae-4ead-b489-fddb7517606d.jpg',166),(1533,'166/8e3192bd-39f2-47c0-a701-40275fc74d9a.jpg',166),(1534,'166/119dac51-ff39-436b-a389-91397c4b28b1.jpg',166),(1535,'167/fbdaf623-ca82-4c0a-9f00-2a1d29712b19.jpg',167),(1536,'167/4a943583-20e4-4fbe-976e-250627f753eb.jpg',167),(1537,'167/f15f4049-e8ea-4311-bd94-fecf66b27d33.jpg',167),(1538,'167/e9f01b4e-5155-4b2e-9ffa-3e1449299766.jpg',167),(1539,'167/34f256dd-ff26-4dbb-a551-9792cc37e7ac.jpg',167),(1540,'167/48a85982-daed-4325-9ba7-b5dd8d3d5307.jpg',167),(1541,'168/91594faa-5ca9-4cc2-8ea4-e842978358c0.jpg',168),(1542,'168/97c5fcc9-404d-4bed-b633-0d75f65f232b.jpg',168),(1543,'168/291ba324-3717-4d50-9bd9-627490a37950.jpg',168),(1544,'168/7682604f-8b0e-4178-9d6c-d1c12ba46209.jpg',168),(1545,'168/83d71bb4-d6ce-45f7-b528-8d489400f47c.jpg',168),(1546,'168/083aaa58-fe83-4e92-b942-c9dfd6e17835.jpg',168),(1547,'169/698edadd-a087-446e-bd47-eafe76ab6124.jpg',169),(1548,'169/aa82bb4e-fb12-4a5d-83a1-19b4744b2bc2.jpg',169),(1549,'169/b438ed57-eee4-4696-bc49-b1faa2c8a25a.jpg',169),(1550,'169/35c9d2a4-49f7-41dc-97fa-bfc8d610b601.jpg',169),(1551,'169/69b40b36-dc31-4f0c-bfc9-710a08f2b876.jpg',169),(1552,'169/77652594-5e58-43bb-aa18-91bcad5f36a3.jpg',169),(1553,'170/652b7567-7559-49a6-bfd0-83ce79b0b612.jpg',170),(1554,'170/8b639ad6-206e-4fed-ac4b-e3423488a16f.jpg',170),(1555,'170/c73dc471-7f90-453d-b5c6-80287a86b003.jpg',170),(1556,'170/f9ca6632-2603-47f3-9fba-dc7bfef7ce33.jpg',170),(1557,'170/bdf9477b-f06f-4dfb-a325-40eabf235787.jpg',170),(1558,'170/082c5611-82eb-4a7f-bb8e-10ecf42e4e8b.jpg',170),(1559,'171/05f3dbc8-af6e-4ced-a6ca-2672f28785a3.jpg',171),(1560,'171/84e5c981-7580-4604-bc4f-617badd60961.jpg',171),(1561,'171/7d14d5be-711a-433c-8ee6-4205fff14e71.jpg',171),(1562,'171/c2ed3efd-0a83-4651-a573-4b1a2dee5a62.jpg',171),(1563,'171/fc743e3c-6394-442a-8de7-dcfa092d6947.jpg',171),(1564,'171/7f0aa52f-5be1-4683-a96e-f1455374991f.jpg',171),(1565,'172/f1854e32-943c-4f40-96ff-71f7d7384fd7.jpg',172),(1566,'172/788b422d-6f7c-409d-91c3-1a42c03dd01d.jpg',172),(1567,'172/7f56f5b6-5937-40ba-9cf4-17c7c0759f99.jpg',172),(1568,'172/8d438356-fd6b-4c29-abde-e82a622df479.jpg',172),(1569,'172/de949184-f28e-4313-877f-d68d67492759.jpg',172),(1570,'172/9753aa91-2525-4d0c-83bc-ce8e836ea775.jpg',172),(1571,'173/ce511b67-024d-45c9-aa8c-1d742371dc8f.jpg',173),(1572,'173/a70378b1-b9f9-4d48-8f18-3b5fbca55628.jpg',173),(1573,'173/d44b6a4c-f050-4d02-b038-6201268623df.jpg',173),(1574,'173/467091f6-de0a-4d6e-8f44-5024fd14e62b.jpg',173),(1575,'173/3235c6a4-b7c7-4788-bb3b-237115bd4e7f.jpg',173),(1576,'173/227d57a5-4bbf-4730-9f15-2f937d130ccd.jpg',173),(1577,'174/4471ecc9-1adc-49bf-8145-7fa469d5848f.jpg',174),(1578,'174/6f4563e6-db4b-42a7-b62e-841ef06a5987.jpg',174),(1579,'174/18da48ae-eb9b-486d-88a4-910d08a84987.jpg',174),(1580,'174/1082c60a-f36c-490d-bf01-bf1e2c68fba3.jpg',174),(1581,'174/e513449d-83a4-4fe7-b90a-8a18e7658dfd.jpg',174),(1582,'174/6a0269c1-e16f-4165-a6db-d679cd01f109.jpg',174),(1583,'175/8c01a072-cf03-4ca7-b1aa-98cfe249ae86.jpg',175),(1584,'175/2922ed4f-a169-4698-876d-c499405310b5.jpg',175),(1585,'175/bc295d6a-a639-4e8e-b166-db016e3a6e7e.jpg',175),(1586,'175/eb04b714-8572-4f24-a22a-675b32bed154.jpg',175),(1587,'175/980534c4-62f5-4ad3-92cc-fa913111b9ef.jpg',175),(1588,'175/8fac188c-6a1b-4fee-816c-6c8c64947897.jpg',175),(1589,'176/b6dc866a-3071-40c3-9a14-9024b608cb89.jpg',176),(1590,'176/23f1d482-54e4-42c9-82e0-cc5c80384605.jpg',176),(1591,'176/31e17352-6e81-4f50-a030-a111b10cdb30.jpg',176),(1592,'176/088dd8cf-ceb5-44e7-8595-3116b46b8676.jpg',176),(1593,'176/7aefc248-b926-403b-b6d7-8fe454c8d224.jpg',176),(1594,'176/6e5f9926-ce03-401f-980e-3e3845572e7e.jpg',176),(1595,'177/0033dbd3-5803-4cb7-ac65-26bf72f596d7.jpg',177),(1596,'177/98cd91b4-5064-4b43-aed5-1a215b183f13.jpg',177),(1597,'177/de6c0983-ad47-4376-b44b-02a6272c6265.jpg',177),(1598,'177/170c8d9b-b6e8-4b3c-af3c-2d12164e2ead.jpg',177),(1599,'177/8a31743b-223d-4ba0-be03-db786ad753ad.jpg',177),(1600,'177/bec03e16-4ab7-4f28-81cc-a2cc4a58852d.jpg',177),(1601,'178/26fe7343-079f-40b4-933b-5a0030498a94.jpg',178),(1602,'178/dce2da5a-4178-44ec-8e70-af739b9adf8b.jpg',178),(1603,'178/1bd46d9e-2c87-4e45-9ce2-65959c2c7554.jpg',178),(1604,'178/9e2f83b9-6136-4c51-abf4-545716fecfd5.jpg',178),(1605,'178/292d2fac-b410-4c89-8831-5f425c932f80.jpg',178),(1606,'178/25918803-d089-4fd3-ba62-7079da335642.jpg',178),(1607,'179/d1e365c2-0d19-4b3d-b3cb-83368036bf42.jpg',179),(1608,'179/7ec96c2c-0942-4089-b260-87073f491b05.jpg',179),(1609,'179/fedb37ac-f794-4796-a89a-4f5fd041971c.jpg',179),(1610,'179/c4ca3281-f2f2-4ce3-bc6c-578bc58ac111.jpg',179),(1611,'179/7f8542e7-1219-4d43-98a7-b5720dcb7341.jpg',179),(1612,'179/5606d596-720f-4344-b573-7d0248c6469a.jpg',179),(1613,'180/393751f6-704b-443f-9d00-8045c3d23125.jpg',180),(1614,'180/5ae7cfef-efda-4dd7-8939-60596bf054fd.jpg',180),(1615,'180/d30e11a0-8afc-40ba-b334-df5673ee597c.jpg',180),(1616,'180/57586ad9-21a9-4b5f-a513-19618f0ae0b1.jpg',180),(1617,'180/26cebeaf-37f4-4782-8eb3-aea023260eae.jpg',180),(1618,'180/3edb4b41-8d16-4ee6-9a9d-b445253c10c7.jpg',180),(1619,'181/22bc7652-772b-45d1-9f5c-eb3ff15ee18f.jpg',181),(1620,'181/9f94bb34-a8b4-45d4-80fa-e8a052cac1be.jpg',181),(1621,'181/60c7adea-ede6-45b2-a215-439c3484b510.jpg',181),(1622,'181/69cc765c-fbb3-475b-b45d-806c40b5a974.jpg',181),(1623,'181/0a13780f-b958-439b-8368-1e90a79299d6.jpg',181),(1624,'181/65cf6e05-8bd0-4579-a4e8-a4a8f6cba75e.jpg',181),(1625,'182/6c71d81f-9cf2-4f07-a2aa-ad23579d2ca2.jpg',182),(1626,'182/bdd48072-c1e9-48b6-9656-bea213d5d32a.jpg',182),(1627,'182/d9f3ccea-7d16-4f11-b9cc-a2234837c2c5.jpg',182),(1628,'182/c7c140df-2aea-4afa-a942-3e929245d549.jpg',182),(1629,'182/cd3bb021-251b-4109-8c2b-f78ea3978175.jpg',182),(1630,'182/cc4182b7-dc38-4805-8a60-91aa22ce92ba.jpg',182),(1631,'183/c61cf6e0-d9bb-4451-9beb-b61e25935bc1.jpg',183),(1632,'183/4aac8ff8-84d8-4c62-a640-3940289deb93.jpg',183),(1633,'183/3f3e93ca-53f0-4fe9-ae64-4d55c509e15d.jpg',183),(1634,'183/64b02579-8b0c-4d27-a415-098ea64c0b8d.jpg',183),(1635,'183/58435706-cd66-493c-92d0-932a5228720e.jpg',183),(1636,'183/3eada882-4da8-47dd-b68d-496559e19c40.jpg',183),(1637,'184/0352c371-86c6-4b78-a72d-68b9c6457885.jpg',184),(1638,'184/dc243541-79c4-49e2-97ff-61bdd3fedc52.jpg',184),(1639,'184/63917616-ea39-4025-9998-929e4d0b1b70.jpg',184),(1640,'184/9ca7dae1-2d46-472b-8e0c-982526076ff9.jpg',184),(1641,'184/4ecb0835-3592-4ee2-8958-0a5f4c5c6faa.jpg',184),(1642,'184/b3892f74-b908-4897-afe3-8a32616ec92b.jpg',184),(1643,'185/d1a785f0-6114-45bc-b3af-005b944906c5.jpg',185),(1644,'185/0f9698e9-9053-49f5-80e1-adc8f53225fb.jpg',185),(1645,'185/9356f6b2-e360-448b-a316-e8ae02247605.jpg',185),(1646,'185/73e8a54f-d126-4e34-b045-a4b7846fcc6c.jpg',185),(1647,'185/9bfae4f2-5955-49e1-8edf-b9bbb3ba12a5.jpg',185),(1648,'185/aeac0c3f-33bd-478e-a82b-8fe80bbaf23c.jpg',185),(1649,'186/9b48cca2-17e3-46e3-a710-77af91fd68f5.jpg',186),(1650,'186/bae4f0bc-3b9d-4b3f-b24b-9bf7dbb80134.jpg',186),(1651,'186/d94a4233-15a9-462a-aa8e-c9072540a8e9.jpg',186),(1652,'186/25bb8870-620e-4b46-86a9-58fbc3a60869.jpg',186),(1653,'186/11fd52c4-2846-4eb1-bd9f-374ca9a7ded6.jpg',186),(1654,'186/fd57e19d-42dd-43ad-90b7-816db4d6ccc9.jpg',186),(1655,'187/fd3f1f20-30e1-46d8-8130-e797a2142b26.jpg',187),(1656,'187/46c0b3d6-f60a-42fb-9606-a5e8184bcd13.jpg',187),(1657,'187/49a05abf-1785-455d-9917-019393243d84.jpg',187),(1658,'187/d9392594-6427-45bd-90c1-5dfee1d78007.jpg',187),(1659,'187/95c912b2-e293-41b0-84d2-d1508c6ce0c2.jpg',187),(1660,'187/5c0a5b5d-5be2-4c11-9c91-30ce4f1f7f23.jpg',187),(1661,'188/bf88ebd1-dd3c-4aff-b347-e64bfc75cc05.jpg',188),(1662,'188/6deee066-575e-4b65-a85a-6c3a6d58033d.jpg',188),(1663,'188/e746eadf-d695-42a3-947c-912604edef8f.jpg',188),(1664,'188/73ab662f-3e7b-4c7a-b117-811e72f3f5a2.jpg',188),(1665,'188/dbb763c1-b107-413a-970d-1bae921baad6.jpg',188),(1666,'188/67b68d98-1a8e-47cf-b267-70c0ccab9b11.jpg',188),(1667,'189/5bf872ba-782a-46cf-9519-80ab0cb48984.jpg',189),(1668,'189/ea646946-034b-445c-8cc2-863e78a31831.jpg',189),(1669,'189/6002a972-c869-478d-9a2c-8437f606ea2d.jpg',189),(1670,'189/1440d89f-ddcb-40b9-8fb9-cbed2e92dd4e.jpg',189),(1671,'189/2f5ce3b3-c8f9-4adf-8b26-c254ec603221.jpg',189),(1672,'189/73b890e6-96c1-45b7-b7ae-ca608d6f0b8a.jpg',189),(1673,'190/b0a772be-f805-4c25-b488-babb36bf1776.jpg',190),(1674,'190/55439374-14c8-474e-ac85-abaeceda5d4c.jpg',190),(1675,'190/a9d01f3c-2b08-4fbc-895f-a7ae9fb33004.jpg',190),(1676,'190/af59454b-3877-4a20-85ad-1f4b632fa600.jpg',190),(1677,'190/5bfb2512-3ed5-450f-9c3c-c268a3b5d3c4.jpg',190),(1678,'190/42a508ac-b9b1-4f26-aa24-c21cd084374a.jpg',190),(1679,'191/02b8b442-25b9-4f6c-8c42-daefe19a0217.jpg',191),(1680,'191/36694729-1bbe-4705-8c81-92d6154adbc9.jpg',191),(1681,'191/f3ae2f9c-1be0-448a-9c45-202acb0313a9.jpg',191),(1682,'191/37c753c4-a450-43df-b735-1f60fe8e164a.jpg',191),(1683,'191/37e8112f-5136-4acd-966b-f45bfcfd20aa.jpg',191),(1684,'191/1af51912-c5a0-4dc8-89d8-d63f76781321.jpg',191),(1685,'192/734d1c7d-55b5-42b8-ab1d-656aa234a27c.jpg',192),(1686,'192/d6432bc3-a82a-4a24-b636-9e72a4e406db.jpg',192),(1687,'192/8735a849-881c-4410-8c4a-f52e7a9a7748.jpg',192),(1688,'192/9bb0e480-3c1e-4c58-bf7e-e4c0e9d57e4b.jpg',192),(1689,'192/31f34739-9d89-4d61-8698-540b8cfb35df.jpg',192),(1690,'192/72e3a98e-6b7a-4196-922c-675d75c4231a.jpg',192),(1691,'193/50ec7ae1-9a19-4cab-9040-7751436f7616.jpg',193),(1692,'193/33d671d8-3f0a-4451-a137-ed5c745bae89.jpg',193),(1693,'193/0df9d8e5-36ec-43cb-8798-4c32deb9f769.jpg',193),(1694,'193/9319d8f7-153a-42c5-94be-8e3d1fe1b4c8.jpg',193),(1695,'193/b913ac35-8a68-4bd9-96ba-b8144480f032.jpg',193),(1696,'193/aeb943d8-6ebe-41e2-a0a7-89f8e07ce707.jpg',193),(1697,'194/49e07a9b-76e3-495b-82d9-19cc366366f0.jpg',194),(1698,'194/8000ab10-f387-4c1c-bdc9-8bac770e6e80.jpg',194),(1699,'194/ea9c691a-ac29-4b6b-82f8-62d83ba54448.jpg',194),(1700,'194/379f0954-af06-4cc3-a511-d4c65d3d3c3b.jpg',194),(1701,'194/acb46f7d-66b8-42fd-b720-a94365ca6433.jpg',194),(1702,'194/6526030d-024b-4e63-9e31-c333446004bf.jpg',194),(1703,'195/c2679fa7-c750-4807-a233-f092f06d7b21.jpg',195),(1704,'195/8d5e2758-87f7-4e03-98f4-d1da491b2741.jpg',195),(1705,'195/eb82e70e-3152-4264-ba87-70f25cb62dfd.jpg',195),(1706,'195/523039ab-3c00-4f5a-b60d-7a9d73ef12af.jpg',195),(1707,'195/aafa59b6-3f18-4ecb-bd48-7e57c03f9673.jpg',195),(1708,'195/ac7623e9-9d1f-4ca8-8e83-fe44323e2ce9.jpg',195),(1709,'196/9fd89918-eeb0-48f4-90da-5a900feb31ae.jpg',196),(1710,'196/a52a529e-6bc8-41d1-8530-ea1bee916904.jpg',196),(1711,'196/e8d15cea-7ea7-44af-b6d0-753b0987e6c7.jpg',196),(1712,'196/38b8b295-d4a2-4621-af53-da1efd7aa8f4.jpg',196),(1713,'196/c0117047-a5c0-4a17-8939-3c2bab89503c.jpg',196),(1714,'196/2119e44a-89fc-4abd-8752-1f8f8080c37d.jpg',196),(1715,'197/865762f6-4340-4583-9cf1-e562af8a172c.jpg',197),(1716,'197/4c20c73e-f74d-4694-874e-2345b2d71eda.jpg',197),(1717,'197/f1330774-ed4b-4b88-b4b3-24f69dc2c54f.jpg',197),(1718,'197/9333a92a-c545-4dbc-8b1a-2a5d6ca7a2e9.jpg',197),(1719,'197/fea8e6b0-a862-48b9-912b-93ae91f10a56.jpg',197),(1720,'197/4452202a-8278-4089-86e1-740f249903c0.jpg',197),(1721,'198/f650c0e6-1631-4f06-b243-5fc78676b67b.jpg',198),(1722,'198/871c16ff-4f1a-4fca-b789-734453591ade.jpg',198),(1723,'198/5d5d5a66-a75c-4797-a7d6-fe9caa22dba9.jpg',198),(1724,'198/2ac1a364-1e00-457f-ac1c-0c46511509a9.jpg',198),(1725,'198/790289e8-7b13-41a3-b3fa-f59bb132a6c3.jpg',198),(1726,'198/e9e9f8b6-2ed6-4cab-8ba5-b9acac6ed519.jpg',198),(1727,'199/df6deb3e-7605-42e4-bee4-34849039d3f0.jpg',199),(1728,'199/bc56b21a-c2d7-4a46-a428-7aabed0d2607.jpg',199),(1729,'199/95f87d70-e4a2-4474-bacd-096ee538ad60.jpg',199),(1730,'199/f3663081-0bcb-40da-b6f0-94b98f832c4e.jpg',199),(1731,'199/9f0ceb2d-4695-4fe7-bc7d-83e40dd9ba07.jpg',199),(1732,'199/b1c0acfc-8125-4852-aece-7f597d8838ae.jpg',199),(1733,'200/f59f0e66-54e9-41ee-ae9e-c523389c00fa.jpg',200),(1734,'200/f852230d-736a-4672-a8d2-caba1b0a5c85.jpg',200),(1735,'200/a4c2b9c6-9567-4686-80d7-b9980fe33b05.jpg',200),(1736,'200/32d9fd4d-269b-4938-8829-62a097716e9d.jpg',200),(1737,'200/ab281410-0267-42d3-bf84-fdf173994e8c.jpg',200),(1738,'200/70688901-8572-4d5d-8731-41a1313c4900.jpg',200),(1739,'201/cdf3b2c0-5e63-40b5-aada-d8a809b680cc.jpg',201),(1740,'201/50f5107d-c9cc-47f4-9533-6fbe4b39f23e.jpg',201),(1741,'201/d69d8c44-e604-4570-8e44-fec8b22030fb.jpg',201),(1742,'201/ee1218af-beb3-4495-910a-de41898e25b9.jpg',201),(1743,'201/75db1d56-87fb-408d-9b90-c2ef1a96db1f.jpg',201),(1744,'201/4ed8e6d5-1be0-42d9-9417-90ab84cba2db.jpg',201),(1745,'202/e1439bf5-f634-404b-94e0-cee8e1b8ebdf.jpg',202),(1746,'202/8a6eef20-3936-43f9-be96-7aa3e3e89a4f.jpg',202),(1747,'202/58f33fdc-1ea1-4ca6-a309-27f06a438635.jpg',202),(1748,'202/3c92f564-cc60-464c-a61c-6a96e52c0f39.jpg',202),(1749,'202/9988c27b-7716-4fc6-a475-8e051410c14c.jpg',202),(1750,'202/903498c8-1fc0-4897-bc9d-3a6a8749f9b4.jpg',202),(1751,'203/c68d9431-b488-4a13-a656-ac5e3abf8df9.jpg',203),(1752,'203/a73b45e1-d813-4384-9a8d-f6289fb4c050.jpg',203),(1753,'203/7519919c-4acb-4f9a-9d70-9e76685e5575.jpg',203),(1754,'203/8d660506-8bea-4af3-a295-4eadffa7ee63.jpg',203),(1755,'203/0c9b5725-e92a-45e6-8a35-b167ad6086f3.jpg',203),(1756,'203/ebc43fd8-3be4-4866-b47e-621db1bcb934.jpg',203),(1757,'204/2d101d08-b7bc-4e1a-959e-7036c9307b74.jpg',204),(1758,'204/4ebaae33-159f-4caf-aba7-61ab1855625d.jpg',204),(1759,'204/f0fbf579-ef8c-4dce-94c5-334edc0054fd.jpg',204),(1760,'204/e0db5c9a-63f1-4743-a692-b76346203a30.jpg',204),(1761,'204/5b9345bf-f4ae-47d8-8c13-c4454c31dbb3.jpg',204),(1762,'204/d77100cf-8c0b-4a69-a3e7-22ac006d827e.jpg',204),(1763,'205/049e24e3-f920-4ff7-b7c2-558211f79542.jpg',205),(1764,'205/ea916a2b-42f6-4d76-a510-0ef87d771107.jpg',205),(1765,'205/5f6d6738-6a6a-40dd-ad63-ce30dc5d82bb.jpg',205),(1766,'205/c78fc876-6b6b-400c-b4f4-1ce12674575d.jpg',205),(1767,'205/5a392b9d-1431-4d79-9fee-f03415c10ef1.jpg',205),(1768,'205/9f15e062-450a-4429-a526-af460c416d62.jpg',205),(1769,'206/b7761db1-7e74-4c11-8120-7fe8d7b2002e.jpg',206),(1770,'206/ad59ef6c-16b6-453f-89ec-2db8f547ae79.jpg',206),(1771,'206/85a88667-bc00-4ca2-88c7-1b3249460eb1.jpg',206),(1772,'206/82a2c59a-4894-43a5-8270-d10f54148e7d.jpg',206),(1773,'206/ad119c14-0315-444c-b081-5628b49322da.jpg',206),(1774,'206/5782e366-7592-4f2e-b410-090c78fb1248.jpg',206),(1775,'207/76236c9c-eeb4-4a87-ad16-3a03c3978dd7.jpg',207),(1776,'207/30a7667b-69e0-4c80-af11-ebfe697ecd1b.jpg',207),(1777,'207/729062e1-9813-490a-90a3-ea790d2429b3.jpg',207),(1778,'207/84536a88-91e6-49ff-ac52-08861e7b87a7.jpg',207),(1779,'207/b254b17d-1bb5-4603-83db-ba60421c558d.jpg',207),(1780,'207/de7bdfb3-289f-4aeb-9cd3-b9da6e1f1b1b.jpg',207),(1781,'208/aebd0f99-3a5d-47d8-8760-d6c1f2474292.jpg',208),(1782,'208/bff51f1f-85cb-44b4-9d29-890f72366678.jpg',208),(1783,'208/2a79be6c-4bf9-44a7-9109-3de4d10b6093.jpg',208),(1784,'208/64857c6d-8fdb-4118-8345-1a65bb32ebfb.jpg',208),(1785,'208/6269a727-2a79-4cbf-98fe-3e4db41183ed.jpg',208),(1786,'208/3ab37687-8656-4a23-953b-91ae8c72a6b6.jpg',208),(1787,'209/011f71e6-efb5-4491-abea-2632536af189.jpg',209),(1788,'209/02005f87-bcaf-4de5-b226-8e7c9603b91f.jpg',209),(1789,'209/1a490d0b-20d8-40a0-b69f-4adf481444e2.jpg',209),(1790,'209/0b24b4d5-c47f-4077-8f39-3765fd678c13.jpg',209),(1791,'209/8588f925-8bfc-4a65-8cc4-e510d5b96bd7.jpg',209),(1792,'209/79d62340-1b57-4b4e-bcf9-8fa0201b695c.jpg',209),(1793,'210/5e484448-11ce-4644-b00c-0930fb419400.jpg',210),(1794,'210/eb6844a3-1435-42b5-905c-7572319e4017.jpg',210),(1795,'210/f0c829e6-062f-47d8-ad18-94bd6c5160a3.jpg',210),(1796,'210/c5e422c4-f3df-4ed8-a468-29fee105b899.jpg',210),(1797,'210/2356206d-47c8-4313-a4b1-5f449f3956c9.jpg',210),(1798,'210/e225b1b0-17d1-40c0-aa3d-02726569c3f4.jpg',210),(1799,'211/136005d2-5220-4840-8002-3465009ecf13.jpg',211),(1800,'211/3cdfade5-b255-4250-80ee-6a8c485acbad.jpg',211),(1801,'211/7b433678-8210-4dbb-994c-cef2ada89f53.jpg',211),(1802,'211/6ff76633-b10a-4f7c-a353-bc06df01a571.jpg',211),(1803,'211/3e27f770-86e4-449b-92c4-211b2cb69872.jpg',211),(1804,'211/d5950b74-f1c3-415e-b2e4-6b08aeb9ec61.jpg',211),(1805,'212/72ca4ccc-62e0-46b7-b03a-5f396973dd9c.jpg',212),(1806,'212/3dd7465f-2a4f-4fa2-8060-f4932e42747f.jpg',212),(1807,'212/159d3b0a-1cee-434c-b218-fd5585efd429.jpg',212),(1808,'212/0b0b5d1e-cc8e-4f94-a94e-d1fe4e24ff35.jpg',212),(1809,'212/08dae970-7034-4d44-ba5a-0bfbaca3c1eb.jpg',212),(1810,'212/e979d8c9-e631-4da6-a4b9-ca369e6059f1.jpg',212),(1811,'213/e7005534-4c8b-4425-9ff0-d3e7765cf1fb.jpg',213),(1812,'213/54f2044c-ade1-420d-a8e8-c78edeef2e81.jpg',213),(1813,'213/331b9919-8266-4d04-bdfa-c4c9b3ffd9de.jpg',213),(1814,'213/9a75b2dd-700f-4508-a8a1-b09d22eca45a.jpg',213),(1815,'213/d011d617-1baa-4794-96ce-b0e99f4c6a9d.jpg',213),(1816,'213/b96bdb30-ada1-45e9-b15d-2d220f841249.jpg',213),(1817,'214/34e2165d-0011-475d-9951-8796f4d8426c.jpg',214),(1818,'214/1dc9b5d5-9a43-4aa1-8dbf-19f7af04d0c1.jpg',214),(1819,'214/7a5bbd1e-3e97-4f7e-9be1-03c51382cad5.jpg',214),(1820,'214/0cc87f27-4801-4a9a-8057-558a79830fa3.jpg',214),(1821,'214/75aeaee2-fe49-4a24-a462-f8c62d194b9b.jpg',214),(1822,'214/35b973b8-ef9b-4daa-8fa0-a3d0b29b6810.jpg',214),(1823,'215/28effe94-c38f-49ad-be7e-b73e639d1e8f.jpg',215),(1824,'215/68b82f89-f9c1-4cd7-8d91-ffdb566ef365.jpg',215),(1825,'215/86bec58f-ccd4-406a-8da5-04aebc898833.jpg',215),(1826,'215/c9b1ee1c-e27c-4bc8-8ba3-562962b409ce.jpg',215),(1827,'215/c4b1c804-482e-4cd2-a661-fa19bb205330.jpg',215),(1828,'215/d89eac46-70bd-4318-982e-c5e2d3dcca23.jpg',215),(1829,'216/be5f27ea-92ad-4e8a-be82-a0037129cc5a.jpg',216),(1830,'216/274c73b7-e353-4b6c-8e04-1925df5ed29f.jpg',216),(1831,'216/a4239058-69b4-4ac9-8253-7b7eb490b7fa.jpg',216),(1832,'216/74cb4d41-1d8f-4d7f-9e35-c29cdbe2f750.jpg',216),(1833,'216/0b7c0eea-0bb0-40ff-aab1-9c17a9948a3a.jpg',216),(1834,'216/54cd37bf-60e5-4946-92d2-fedb1d4482ef.jpg',216),(1835,'217/7ade33ec-4e77-4533-9380-9451f8dbe31c.jpg',217),(1836,'217/29afd3cb-0ec3-4c2f-b1a8-fdb459ba76ef.jpg',217),(1837,'217/67fb2bf0-4849-4445-99da-5b06306da0c3.jpg',217),(1838,'217/cffe429a-5237-4262-8cc3-9d1588283161.jpg',217),(1839,'217/e7c4838f-3d98-4f15-830b-51bc5cd285b2.jpg',217),(1840,'217/406fcaad-0f8b-4ad7-b190-24d492bf7fee.jpg',217),(1841,'218/82c71772-8055-4005-a387-0525110e8744.jpg',218),(1842,'218/eb84ec1e-7b3f-49aa-b94a-dc20e0c30272.jpg',218),(1843,'218/28f15e0d-3446-4dcb-aab9-57be767b8027.jpg',218),(1844,'218/d76f1a5e-da74-4aa4-b25f-e197dd6078f2.jpg',218),(1845,'218/800906d7-227c-4da5-bb12-2cb33511cdf8.jpg',218),(1846,'218/c59f3229-0b78-4664-b6c0-7da2ed182ae4.jpg',218),(1847,'219/4f6132cf-d1ad-4636-a0a6-6a120758a9d0.jpg',219),(1848,'219/c8b6111b-d4eb-4ae4-a91d-aee287325369.jpg',219),(1849,'219/a7d16851-2994-4996-80a8-b51722400f2a.jpg',219),(1850,'219/94a3f890-a00a-482f-9682-b747136e07d5.jpg',219),(1851,'219/98e5856a-202b-4037-aa6a-165165a4f202.jpg',219),(1852,'219/e3f07e39-ae9c-4145-97f2-a712b215c5cb.jpg',219),(1853,'220/6ecbc70e-ec46-4179-8d05-340f3fdcbc38.jpg',220),(1854,'220/6314dfe0-ca9e-4b0b-8ac4-4b2257d275b1.jpg',220),(1855,'220/671df2fd-e2c1-43dd-b27c-a6e7b2377680.jpg',220),(1856,'220/918a82fa-c806-408e-a3cf-80aa82d41a87.jpg',220),(1857,'220/68cb0b09-ee65-4757-9fe1-9e753355828d.jpg',220),(1858,'220/128d4490-a8d1-46e1-bb91-265f05404c34.jpg',220),(1859,'221/f16220fc-9cbe-437a-b6de-be69d19c63cc.jpg',221),(1860,'221/d49af014-cf5a-4406-a1ab-330043f01411.jpg',221),(1861,'221/4b48277c-c5e5-43ca-b6cb-a192f7e1054b.jpg',221),(1862,'221/fe2cb8d1-6c94-4cee-8fe3-3e76ab84ba88.jpg',221),(1863,'221/39c1f952-45aa-4436-b0a6-9d64b72cf14e.jpg',221),(1864,'221/3c84fd95-a388-4de6-b8b1-c1bbf81b3b2a.jpg',221),(1865,'222/6b5cc990-34b7-4617-8940-6de3938d1220.jpg',222),(1866,'222/44d37372-958b-448a-82e4-bd4e9e1bf598.jpg',222),(1867,'222/dd7a4470-25fb-4f8c-8cd3-c220d43194fc.jpg',222),(1868,'222/6f04864d-6960-4eec-9b78-a421e976efdb.jpg',222),(1869,'222/e13c4328-57a0-4cb2-ab88-4fc0bfe7a901.jpg',222),(1870,'222/0a5c2e4d-d7a9-44b2-854c-43c0db3e6162.jpg',222),(1871,'223/d5f6cdd6-1b48-4b44-8754-4459ba68c25b.jpg',223),(1872,'223/08a55cf8-b266-4e85-8609-a8eca5433fdf.jpg',223),(1873,'223/c266963a-b793-49ef-a02e-ef72813826bd.jpg',223),(1874,'223/6fe107ce-e197-4a31-8478-a578665e8d21.jpg',223),(1875,'223/795bdae6-2cab-426e-a6af-ab3081b83df1.jpg',223),(1876,'223/33d1c06b-2043-4255-acf4-f0d1e99534a1.jpg',223),(1877,'224/39ff983d-7a4b-49ed-8682-af64483eefdb.jpg',224),(1878,'224/ac735a76-0b14-42fd-baa6-d05e704661f5.jpg',224),(1879,'224/84637a4d-6fc9-434e-a7cc-36f839576569.jpg',224),(1880,'224/bafc00ad-43a8-4727-9996-f52bb180c18b.jpg',224),(1881,'224/70ebd2bf-2ab0-496b-b374-861a164e1fd5.jpg',224),(1882,'224/439f7603-30c4-4223-8db4-89b2c980f9d6.jpg',224),(1883,'225/5357a3a9-3b99-44c1-80be-5dd835a683a7.jpg',225),(1884,'225/18286781-3fac-4b90-ba39-02df2e847352.jpg',225),(1885,'225/6676deed-4562-4d5c-a6a4-0ef9e494a381.jpg',225),(1886,'225/33c773cf-f953-41d9-a692-6c223df4fe78.jpg',225),(1887,'225/6448a390-7f2f-40cf-9f18-e79019799d87.jpg',225),(1888,'225/58b33796-48af-4b5c-a077-51269bf341c6.jpg',225),(1889,'226/8b9eadb2-cab7-41e0-9b72-e71f9832f08c.jpg',226),(1890,'226/0285b2ac-f6f4-401c-86ba-24ae794aee33.jpg',226),(1891,'226/2aaf97d9-aaab-475b-b09b-0f7f17490e1a.jpg',226),(1892,'226/24e3c758-0c95-4c44-97e8-89ae6530627a.jpg',226),(1893,'226/34b4e85c-59c3-4996-a604-07967d984d83.jpg',226),(1894,'226/a3b64d2c-a9f5-427a-a336-dcc7ffa85491.jpg',226),(1895,'227/49a3198d-9cde-4a4c-8393-1c8d5946b105.jpg',227),(1896,'227/a3285e17-298d-47c9-8c3a-c39f1cfe4d44.jpg',227),(1897,'227/de3d2bfc-df61-4124-89fc-1889680a46b0.jpg',227),(1898,'227/c2e8085a-78c6-49b3-ad92-bd8ec2b60164.jpg',227),(1899,'227/d422aa02-8c69-49a9-98d4-5e17d7850d55.jpg',227),(1900,'227/8f5bd916-713b-4b5e-a081-6512bbe72cc2.jpg',227),(1901,'228/19dd19e9-d622-4121-8adc-665f78035735.jpg',228),(1902,'228/7c5d811f-e9c9-4da0-9835-0ee644ea0efa.jpg',228),(1903,'228/acdae7b6-4098-4ce9-ac2e-53d62a1cbd30.jpg',228),(1904,'228/a09481bc-1d3f-434b-95a1-8b8be19f9d0d.jpg',228),(1905,'228/f5c37050-042b-411e-993a-e55d5083a974.jpg',228),(1906,'228/c9206886-6702-4e29-a6c6-593bbbbb4a11.jpg',228),(1907,'229/21299a1c-8924-49cb-aa07-5bf43dfe162c.jpg',229),(1908,'229/43351701-8970-42f5-b96e-65c93f449f69.jpg',229),(1909,'229/d0272eb2-329a-43aa-90a5-10ffc865fec4.jpg',229),(1910,'229/3de3e629-b972-4bac-8455-d7a4e5c1a701.jpg',229),(1911,'229/5878c8bb-ef31-4ce6-85d9-51fc81552779.jpg',229),(1912,'229/c84818d1-02c1-40c1-926b-22ed164de80b.jpg',229),(1913,'230/c346a315-f31e-4a0c-b37d-1ac506e31c2c.jpg',230),(1914,'230/d6e7c8ca-f264-4790-976d-30d201f683fd.jpg',230),(1915,'230/f5839240-44f1-420c-a520-2e0f5b0283a1.jpg',230),(1916,'230/aa232fd8-a945-4229-a1ad-4d2f6cb853e8.jpg',230),(1917,'230/06f3b728-59f2-40e0-b54a-ed127037bc24.jpg',230),(1918,'230/ecfdb26d-e537-437b-9c92-c6c80f87d878.jpg',230),(1919,'231/cc0e14f7-6950-4d00-8ef7-1a75a59c81b1.jpg',231),(1920,'231/526eb7a2-ce4f-4be7-8796-c88a42f4eb3e.jpg',231),(1921,'231/74254693-47e7-4817-aa9e-d8e0c411e21d.jpg',231),(1922,'231/da00e281-8458-4047-9b1e-67420c4663d0.jpg',231),(1923,'231/ac4cbbcc-2709-405f-a045-53ffaa9eb802.jpg',231),(1924,'231/0c2c9a4c-71b4-4540-8366-3db28d96c147.jpg',231),(1925,'232/a17bde73-1792-4842-96ed-0d805ac022cc.jpg',232),(1926,'232/3dc1d7a9-4ca4-40d3-a8ae-9b14882d8247.jpg',232),(1927,'232/fe711b3f-2522-4b09-a14e-562de4f18680.jpg',232),(1928,'232/64d09e8b-0e97-4b6f-9a38-daec197a8e0e.jpg',232),(1929,'232/2d566b7b-6f0c-4372-a8b3-eabf555d3638.jpg',232),(1930,'232/5aefd2c5-3bf8-401a-b80e-c1b8cd6bb643.jpg',232),(1931,'233/dbbae790-9f99-43a9-8d42-1c5b76da2f6e.jpg',233),(1932,'233/f6973d92-e705-435d-b84b-31ff123e3d70.jpg',233),(1933,'233/3b9268fe-4329-48d0-81ca-a9f62c5df8ff.jpg',233),(1934,'233/2285da33-7b6c-434d-a590-009a6e3c0441.jpg',233),(1935,'233/fc7f0426-8e2b-4ec4-9a20-00bb8c3f9e8a.jpg',233),(1936,'233/0cbb93fe-1a0d-4885-ab86-8ef452fd7758.jpg',233),(1937,'234/516ea8ea-666d-46f0-8a9e-70c0a1c1f401.jpg',234),(1938,'234/1aa6f5c7-c6a0-4c26-8f86-7a0a6459f7b4.jpg',234),(1939,'234/349296f7-9118-42fc-88fa-95e5ab3f1d57.jpg',234),(1940,'234/c5ab5418-e729-4eb8-af0d-6cf3d3c713e3.jpg',234),(1941,'234/f44cf5d2-c8ff-4aff-a20c-2401c4e2b54c.jpg',234),(1942,'234/dd1e792b-8f3e-4aa9-bb99-7b51ef8a0414.jpg',234),(1943,'235/bb07430b-aaa8-4551-9407-461b10a65c32.jpg',235),(1944,'235/c6628043-5a29-43a1-917c-37bd4c8e465f.jpg',235),(1945,'235/62b80373-09f3-4745-a36c-57d8f3493744.jpg',235),(1946,'235/8548e03e-f346-4c85-8009-786507cd82a4.jpg',235),(1947,'235/cc1be6c8-ef48-491b-81e4-ddfddb761dcb.jpg',235),(1948,'235/46d9b72a-80a5-4d18-8334-c05d6c812647.jpg',235),(1949,'236/79996757-639e-4736-8982-e15972236020.jpg',236),(1950,'236/e3b0abcc-6e2f-45aa-8a34-196c384ca510.jpg',236),(1951,'236/b2c5e728-6cc3-4686-b4dc-fbbb692d2507.jpg',236),(1952,'236/820c487e-9d1d-467f-8275-9e462db48a50.jpg',236),(1953,'236/82251a59-d5c0-4a71-a8ee-90a0da29a77c.jpg',236),(1954,'236/6a1d9648-bcf1-465d-a41b-aa7671d73194.jpg',236),(1955,'237/ddb2c534-9a19-4d1b-a473-459510ce6494.jpg',237),(1956,'237/e16545d3-e3a7-4830-a71d-fcd6623717d1.jpg',237),(1957,'237/e43119e1-73dc-40f6-a0af-4032640314ef.jpg',237),(1958,'237/0a1f9c1c-fb34-4450-8f52-d72a89649650.jpg',237),(1959,'237/7675cec5-c3cc-44cf-9548-bf5faf5b31a2.jpg',237),(1960,'237/8ec9caaf-e5a7-4ca0-8417-73036a78ac20.jpg',237),(1961,'238/a1caed50-61e5-4993-9d0b-b524b5e37cb6.jpg',238),(1962,'238/7d642c18-248f-4196-befb-4181c24ba447.jpg',238),(1963,'238/d0c8bb5a-80de-4b0e-a9ad-da16888f2936.jpg',238),(1964,'238/0d23e931-9cfe-428e-99fa-bcf3f24e7458.jpg',238),(1965,'238/fe8a5fda-1110-462b-86ee-24801e337557.jpg',238),(1966,'238/b3cc8e1c-ee02-423c-8cdd-8ab8b7fe208b.jpg',238),(1967,'239/9dca4eaa-653d-4e25-963e-a468279765c7.jpg',239),(1968,'239/f024ccd0-ad61-45be-b85f-848d0aabc864.jpg',239),(1969,'239/ceb7d3b9-2321-47d7-80d4-f4292888d05a.jpg',239),(1970,'239/591fecf1-3406-430a-93ee-70b6b7041325.jpg',239),(1971,'239/974f5932-75f0-49a0-b831-c9afccd41590.jpg',239),(1972,'239/c3850606-10be-4e0e-a42b-1db465525889.jpg',239),(1973,'240/13a851a1-b551-4fd6-a35a-e17b89e81174.jpg',240),(1974,'240/6cb0541d-18c2-48fb-9d84-ed8f1601bb60.jpg',240),(1975,'240/e8cf6081-cbf6-4e9d-a95d-54442b99d460.jpg',240),(1976,'240/fbc71796-1980-4cbe-bbdf-2cd24846960f.jpg',240),(1977,'240/87afb727-63ed-47cc-9295-ee3930decec3.jpg',240),(1978,'240/14b96846-4dee-442a-b545-b15344bcc3d8.jpg',240),(1979,'241/3a9e0a2e-fb65-411d-822e-585d0a770c87.jpg',241),(1980,'241/028adcd8-da4b-4712-b594-8ef19acbaa55.jpg',241),(1981,'241/a2c156e0-a163-4488-9e6a-649a0be4bb84.jpg',241),(1982,'241/e8dd4222-4bbc-4d3f-8e73-9f709c677b3b.jpg',241),(1983,'241/2efcb512-60b0-4842-95e5-295dcc6dbdc8.jpg',241),(1984,'241/b47e4b20-13e2-4d63-be02-d5a102c8d552.jpg',241),(1985,'242/a8182625-d048-4374-b910-176ebbb80ca5.jpg',242),(1986,'242/be5d4b42-64f9-4960-a52b-df85bf8223d8.jpg',242),(1987,'242/5048bbd1-2285-4379-862e-402dc74b33ab.jpg',242),(1988,'242/f66d997d-a6ae-489c-9740-b4d7ae9af223.jpg',242),(1989,'242/40e360ad-330c-4f9d-925f-094468f0bdc4.jpg',242),(1990,'242/daa11831-52a4-4d5c-9161-ab77054b4bbc.jpg',242),(1991,'243/3b345770-cca8-4cf2-9bbf-24c5ab84c6ae.jpg',243),(1992,'243/375abf21-6f75-4580-a069-af6029e2340c.jpg',243),(1993,'243/cfddcfb5-c4e5-4855-be7e-5317c935993b.jpg',243),(1994,'243/6e2e35cb-c958-444d-8adf-241800dc61a4.jpg',243),(1995,'243/ab210f13-1f3f-4911-afeb-5f39d3d42893.jpg',243),(1996,'243/0e0f5c85-c165-48d5-9e26-8e9e9612b67e.jpg',243),(1997,'244/87a0aa25-0441-42e3-9601-da56d1edc3ea.jpg',244),(1998,'244/1468c22a-6404-4563-8e5f-755e0a997085.jpg',244),(1999,'244/8fe021b8-8566-488d-8943-f120ac7c284c.jpg',244),(2000,'244/1eefa12a-5e98-4542-a49b-28d746a61454.jpg',244),(2001,'244/fe3359ce-18e1-4cc8-901f-76ef83d16805.jpg',244),(2002,'244/cfdc5b8b-c564-4feb-a27d-2c46a1be125b.jpg',244),(2003,'245/7b70b943-8d89-44fa-9ac1-4088658326cf.jpg',245),(2004,'245/89c73a30-833a-4f79-bddb-d8de85afc9a7.jpg',245),(2005,'245/fa223009-c897-43ea-8f69-2931202527c9.jpg',245),(2006,'245/dba4fee3-f23a-4e20-9bfb-548fbea8f636.jpg',245),(2007,'245/26c27c33-b315-4682-860b-4102a561714e.jpg',245),(2008,'245/dfbd051f-c8f0-460c-8b18-5cd897f5042b.jpg',245),(2009,'246/33f3db0c-3352-4f0e-9e3b-784d7f66a13e.jpg',246),(2010,'246/3c043535-0e4f-41b2-9c95-d0bbadc1a122.jpg',246),(2011,'246/0816619b-9669-4123-8723-82996019532f.jpg',246),(2012,'246/b11f79b4-3c7b-46a6-8f5f-5b42a2bced74.jpg',246),(2013,'246/7c11435e-5a5e-42c9-98ab-ae6b8a7c39eb.jpg',246),(2014,'246/c9469539-6df1-4956-bcd8-b767504f56bd.jpg',246),(2015,'247/8169fda1-41e3-4c38-8c47-15cfb2b7a8be.jpg',247),(2016,'247/386ef3fc-1fb8-4ea9-9d6c-05d31404743b.jpg',247),(2017,'247/0cdedefb-9a14-46d8-bd31-87d0a07502e6.jpg',247),(2018,'247/cc5a0462-fbad-464d-bd45-5570bb0fa62f.jpg',247),(2019,'247/480e7c0a-3c7b-44fe-8576-89af04343b53.jpg',247),(2020,'247/a0111faf-acc1-4bed-aabc-94c672c26301.jpg',247),(2021,'248/01ffca5a-48e3-4f57-869c-84b98c38acf8.jpg',248),(2022,'248/61659d0a-2fee-4444-96ec-4f25fb43d613.jpg',248),(2023,'248/484ce846-04ff-4b8e-bb4e-a98973deadf1.jpg',248),(2024,'248/633a0cce-8ccb-4ea6-bdb2-c200a22bb4f5.jpg',248),(2025,'248/a4974c18-874f-4531-b1f6-acdf5d4e585b.jpg',248),(2026,'248/7b7b27c6-5ba0-4edf-ac65-7c74233fa6dc.jpg',248),(2027,'249/c8113644-a0b9-4272-b0f3-dbfbf68cbf52.jpg',249),(2028,'249/c5ac066f-af1d-405b-9d62-8724b9709295.jpg',249),(2029,'249/5bb82f91-44a9-41f7-ad82-8497f4741fbf.jpg',249),(2030,'249/408e0acc-0473-48c6-8299-a778905776ad.jpg',249),(2031,'249/6a250422-ba6f-4128-a78f-67c767ff1cf3.jpg',249),(2032,'249/681bfb79-2d46-47d8-83bb-aeb3015b7421.jpg',249),(2033,'250/3fd0f03e-9bb6-4701-abc7-0c3921ce3918.jpg',250),(2034,'250/b41cb656-36dc-4d3f-bf8d-ddaff320d490.jpg',250),(2035,'250/2dc824f2-edeb-4e7b-9605-dbbe309b2148.jpg',250),(2036,'250/f88987e8-ee61-4700-abdd-98c4a3a06b23.jpg',250),(2037,'250/7e55a982-0fbd-4133-b599-904020e562b2.jpg',250),(2038,'250/9f5c0870-4825-4fc4-8bab-fc36d88eebfb.jpg',250),(2039,'251/5beea933-950e-42d5-a092-1cd5090aeebe.jpg',251),(2040,'251/a2dbd418-772c-4da7-a9d8-52a3b4016e71.jpg',251),(2041,'251/29a72c67-0f61-4a15-9ee2-ad81da823686.jpg',251),(2042,'251/ba608d1b-d574-4317-b7f7-592a3d4d7009.jpg',251),(2043,'251/b76ffebc-549c-462a-9f95-dea022ed73bd.jpg',251),(2044,'251/e868c300-74cc-4280-b1fe-c92b8050ad0f.jpg',251),(2045,'252/6cc74baa-f0ee-4b10-a36f-0478fd7f3f95.jpg',252),(2046,'252/b1ece1d8-356d-4512-9458-5b6f6ccc606f.jpg',252),(2047,'252/73fd1b85-8e87-416a-bd24-4b5c477af8c3.jpg',252),(2048,'252/dab7c06f-880b-44db-be73-f154ed414ad6.jpg',252),(2049,'252/c2a184a1-8351-4a4b-9643-77edccd06658.jpg',252),(2050,'252/601e787e-4158-46ed-90dd-3310df7c4e3a.jpg',252),(2051,'253/1043cf8d-0545-4f85-b2d8-d6c1357d0ee4.jpg',253),(2052,'253/c76a7ebb-b03f-4ee2-9aec-4cddd447ea98.jpg',253),(2053,'253/0268fc82-47b0-45a5-823b-c738097aeb77.jpg',253),(2054,'253/821570a4-be39-4fae-8fca-1bf74f4069aa.jpg',253),(2055,'253/4026c165-50db-4ec7-b17c-18c4f2722fdd.jpg',253),(2056,'253/19fe4e9b-59ef-40cb-abde-e959f481968f.jpg',253),(2057,'254/b64e733c-c0e4-4146-88fe-3aee4d4db01b.jpg',254),(2058,'254/37b45763-cf00-48c4-ac68-c037d39a8a61.jpg',254),(2059,'254/57a7486c-0840-43fe-ba6f-238685a899c1.jpg',254),(2060,'254/e6a79801-5a49-41ab-95d6-d2e20aa0a167.jpg',254),(2061,'254/24e25b3f-f000-4680-a73e-a6f93d9d9fe4.jpg',254),(2062,'254/39db2ffe-a643-459d-baf3-87b0cdaad4fa.jpg',254),(2063,'255/448b3021-fe05-41cc-8cd9-b9cee4a469e7.jpg',255),(2064,'255/c03c6b65-b8bc-41ad-91bf-cfe2216081bb.jpg',255),(2065,'255/ce9a0922-73dc-435a-b601-c260481d2054.jpg',255),(2066,'255/8a0145ce-7108-4fb4-84a5-620ac3edb512.jpg',255),(2067,'255/525ec438-3b34-4178-b7ed-05f8fae8cee8.jpg',255),(2068,'255/77a8c8f0-e926-433f-ad1d-97a35f8ab7a5.jpg',255),(2069,'256/bcc7eb58-f017-416d-8aa3-8ca3aa8585a1.jpg',256),(2070,'256/3cc4f3b2-6ab2-4e50-8749-487f155c1595.jpg',256),(2071,'256/11057be6-947c-4717-83a3-b0f4de07f7fa.jpg',256),(2072,'256/7029f6d1-57f6-4c27-b927-ec985d856774.jpg',256),(2073,'256/3626005e-73f1-49e1-9ddc-2b7d3b5f7bbf.jpg',256),(2074,'256/570f618c-d187-401b-b6b6-7eb58b69b538.jpg',256),(2075,'257/b32f1b64-e031-4617-9475-0b556ceeb1a8.jpg',257),(2076,'257/be45635e-44e3-4157-954b-e7e3085ed28c.jpg',257),(2077,'257/a5a83fc2-b86f-42ff-8405-ec068c5e8a9b.jpg',257),(2078,'257/5090c4bd-2e49-41c9-af68-5dc273e746a6.jpg',257),(2079,'257/72a6fa0a-6aea-4056-a7e0-05fc77592cac.jpg',257),(2080,'257/be819fea-8cd8-40f0-b010-0e98934ae311.jpg',257),(2081,'258/30061922-2c73-42bd-a158-ce1213c3f577.jpg',258),(2082,'258/6604a9bf-a7da-4951-ac9f-7ddc7bf2fbfe.jpg',258),(2083,'258/66be80f9-d1b1-48c5-b49e-e7718dfc82bd.jpg',258),(2084,'258/952e2b59-7989-47fe-9939-7606e3036c6b.jpg',258),(2085,'258/48d76a2b-1a25-46ac-8a3c-7c595e74f634.jpg',258),(2086,'258/77bc9cd7-5d77-409c-ae25-aa79daae3562.jpg',258),(2087,'259/486d8a61-4947-42ed-a0a0-65697d2d6d6e.jpg',259),(2088,'259/cc6d2975-d20c-4d15-8b8b-d3a64bd22319.jpg',259),(2089,'259/45afdfee-4856-4ee7-b6be-39760750175a.jpg',259),(2090,'259/61519090-dde4-4da3-9806-ab7347ab0284.jpg',259),(2091,'259/2b5afaef-e45d-4528-bd3f-feb5b537670b.jpg',259),(2092,'259/035a1254-6b64-4106-a886-cbb4cf35fd18.jpg',259),(2093,'260/70c7b7ca-cac1-4c2a-a784-99868f1ad85c.jpg',260),(2094,'260/fdbb82a1-ce0f-4a05-9f64-4a689c70adf9.jpg',260),(2095,'260/12954688-099e-4550-8c6c-2448e519d672.jpg',260),(2096,'260/913944f0-54bc-42ca-bf4b-2e56a5189dc2.jpg',260),(2097,'260/ef7ced4a-3279-4521-8075-5697dd2b9b58.jpg',260),(2098,'260/1aa8c717-7110-4266-8f24-a3d2ca4f0bd9.jpg',260),(2099,'261/75bf4850-7b1a-40ed-a060-205a8989ed06.jpg',261),(2100,'261/6caee5b2-567f-47e0-bc18-88f90702d7bf.jpg',261),(2101,'261/f5439fb4-f3b7-4e63-95a6-6d6069d2091b.jpg',261),(2102,'261/4c31934d-0dd3-438e-8609-5c4539896bb1.jpg',261),(2103,'261/711480e2-049e-4ffa-b5d5-bbcf3ebd9da8.jpg',261),(2104,'261/c7028574-b18e-4128-bac0-a64321169b12.jpg',261),(2105,'262/3430d66e-e8ac-4f8e-8c36-9bb4f43cec53.jpg',262),(2106,'262/d0057f0a-6ed6-4e97-b36c-119215276f17.jpg',262),(2107,'262/82c3ff1c-ab6f-4b12-998c-b212b3717019.jpg',262),(2108,'262/3b0d3311-a399-428e-bfe9-db5aa1784739.jpg',262),(2109,'262/207f97d9-c52e-4e23-bf31-ae01985cbeda.jpg',262),(2110,'262/808cccfa-84a9-4e87-9b1c-664b3968d084.jpg',262),(2111,'263/4c08bcc8-fb7b-4715-b30a-a0bd048a7f88.jpg',263),(2112,'263/b3513883-713e-46a7-a679-ce050a96443d.jpg',263),(2113,'263/b29c6680-6d11-4e3c-8618-2389718a3b0a.jpg',263),(2114,'263/2b078fe3-2116-49f7-b09d-2e4a60c3656c.jpg',263),(2115,'263/eb6913e2-e338-48ff-8431-9e4a693d10de.jpg',263),(2116,'263/8a8e27bc-bf97-42db-a7a4-87e8ed7b5bab.jpg',263),(2117,'264/1eb30c1d-e93a-48fb-af7c-f9619898b39d.jpg',264),(2118,'264/f0fbeaf2-c594-4c0c-8541-544334ab2c3c.jpg',264),(2119,'264/9a46c803-dac2-43d5-bd77-10b070854f9b.jpg',264),(2120,'264/9330d90d-9302-47ba-b63e-24e6e8677225.jpg',264),(2121,'264/cf0bdfcd-d2cd-46a8-9446-0c9c404e0171.jpg',264),(2122,'264/e34e4131-b0b3-418e-a99a-16f6338f552f.jpg',264),(2123,'265/bd021286-fe6c-437a-9aaf-15277031d580.jpg',265),(2124,'265/020a1d0a-d990-41de-842e-8b00709a8e69.jpg',265),(2125,'265/9147e692-c82f-4216-9be9-dc0c74f55ed4.jpg',265),(2126,'265/5bae2db9-e629-4941-b7b3-e0980b897fed.jpg',265),(2127,'265/8c69040e-be08-4dbf-9bb7-6e326ab9cfbe.jpg',265),(2128,'265/a13fba1b-1a4e-4dc9-b077-c412ab04e032.jpg',265),(2129,'266/d28850f3-ab1d-4c22-b8ed-3080d84a9eaa.jpg',266),(2130,'266/829521b0-c8bf-4905-92ed-942176e73a26.jpg',266),(2131,'266/b5efe409-3a53-4ab9-b86a-4b6f37b0e38c.jpg',266),(2132,'266/543a7116-729b-492f-8acf-d96ffcbd7c71.jpg',266),(2133,'266/c567dd9a-abeb-4476-ae43-19774459ebc6.jpg',266),(2134,'266/c534dde8-bb4f-4f2b-a1e0-a0fe44ff6312.jpg',266),(2135,'267/d741dad7-d9a9-4d12-a360-b91dadacf6ad.jpg',267),(2136,'267/38918d9f-386b-4fc8-a5f6-ac6d261b4e8f.jpg',267),(2137,'267/a6f8a9eb-7053-4e8a-9daa-f80ab9914dd5.jpg',267),(2138,'267/91af7793-9493-43ec-9cda-8c5ebfc95193.jpg',267),(2139,'267/fbf4c5a9-79a0-4b9a-9b47-76beb158f9fb.jpg',267),(2140,'267/95b79676-9357-4ba3-968a-9994adcb35af.jpg',267),(2141,'268/8b299924-a033-4232-9cb9-e817be999745.jpg',268),(2142,'268/5ea51965-88e6-4b0e-bc92-99a14b6168c7.jpg',268),(2143,'268/85a8504d-9f41-4609-9c59-de3b547ad497.jpg',268),(2144,'268/21e5a550-0650-400c-8445-d47347c5b701.jpg',268),(2145,'268/431ec64d-0c0e-4f9b-9021-42f403902a49.jpg',268),(2146,'268/9ca97e2c-9d44-4127-91cd-d72bce3b3d34.jpg',268),(2147,'269/1ba78557-a01a-4804-9ffc-11764d111997.jpg',269),(2148,'269/32ff948c-2972-4271-b210-d4cbc6e8f57c.jpg',269),(2149,'269/7060fe52-b56d-4d80-b5f5-c3dbc54ac642.jpg',269),(2150,'269/53f4da2b-24b5-4e30-82cc-6cd61635f897.jpg',269),(2151,'269/bcf6555c-cce4-4829-adc9-3f4a4bbec8f1.jpg',269),(2152,'269/d8c7a997-1ee8-4b2c-a56e-4677bf783560.jpg',269),(2153,'270/ffbfb1bf-d42e-4bb7-be6f-71beea5cb02e.jpg',270),(2154,'270/fe0bde4b-d014-4512-bb90-6266ac42f103.jpg',270),(2155,'270/8ec8fb28-5250-44ab-b4a0-9c5991dbcc0c.jpg',270),(2156,'270/416e7c91-c334-47b7-8634-e5f7b8587994.jpg',270),(2157,'270/b17a07d0-123a-4ef8-acf0-70d2d4007057.jpg',270),(2158,'270/d7fd47bb-e4a7-4248-9bf6-5e8df8ac0cf9.jpg',270),(2159,'271/d8a7fc8e-1c8e-45cb-a1f3-108bdc39e859.jpg',271),(2160,'271/917e8028-a0c6-47df-9093-dce681bb62f2.jpg',271),(2161,'271/c5eed5ac-f083-49eb-a864-0ac16aa37abb.jpg',271),(2162,'271/bbde0087-b4be-4024-8194-5cd4fe67f49a.jpg',271),(2163,'271/3a929179-edd8-48ec-848a-c0ff714ae60f.jpg',271),(2164,'271/5d750166-63fa-414b-829c-95f4cdcb310b.jpg',271),(2165,'272/c304e3f1-a757-4b50-b0b4-baaa4b569502.jpg',272),(2166,'272/6f222a1f-8762-44e9-8c93-22379274beff.jpg',272),(2167,'272/7a15da7e-a756-429b-a95d-f92cc9f9fb88.jpg',272),(2168,'272/ba796834-23f0-4b45-a2cf-6196faeef361.jpg',272),(2169,'272/1625783c-24e5-4669-849e-27f8871963eb.jpg',272),(2170,'272/6079b4c6-b5c4-41d9-a116-a04873baee3a.jpg',272),(2171,'273/3b0a82e6-6049-4177-9287-44756ee85c47.jpg',273),(2172,'273/e67986de-9e1b-4950-94a4-219e9549147f.jpg',273),(2173,'273/056bd43c-649e-4dda-aa56-9e70613f955b.jpg',273),(2174,'273/540be0e2-03a5-4966-8bd5-b62ac170ef92.jpg',273),(2175,'273/981afa95-3981-435f-b941-62b0a0072260.jpg',273),(2176,'273/201fff4c-4e02-4970-95e3-901c444a235c.jpg',273),(2177,'274/ee9c140e-47d8-4bd0-9348-8103b1b5d246.jpg',274),(2178,'274/56662763-6b0c-4bbd-bab8-d056e16e05a6.jpg',274),(2179,'274/5b64268b-a95f-4d3d-88b9-200c647ae37a.jpg',274),(2180,'274/adb55252-40e3-43c9-a1f5-c0685e386549.jpg',274),(2181,'274/ce7b915c-a931-4c61-a313-f0ed5b62d982.jpg',274),(2182,'274/1dc492ad-b0ea-4b70-a8ee-c9ca46a06322.jpg',274),(2183,'275/81ac9ae5-cfd4-4953-988b-dc81c223389b.jpg',275),(2184,'275/3b07b4a9-137b-4e5d-9d25-454fe1d862d6.jpg',275),(2185,'275/a58d2607-41b0-4550-bf8a-cae139092f11.jpg',275),(2186,'275/948ddcf5-3b61-4d0e-b088-1b9ec409c42e.jpg',275),(2187,'275/1f472a78-4ef9-41e7-9ab8-f3e7a7f49e28.jpg',275),(2188,'275/ece05c81-fb91-46f2-9964-96ef51deb5a7.jpg',275),(2189,'276/b0e58a78-5b87-4861-abcf-05adcb75527f.jpg',276),(2190,'276/6de909fa-94ad-44b5-a98f-8750f2e82e83.jpg',276),(2191,'276/f241ea70-3b1d-4f0c-867b-dc6ed9639680.jpg',276),(2192,'276/e3d1c1ad-453f-477c-8c08-f21696c46d4c.jpg',276),(2193,'276/5a56d8c0-729f-4102-96e3-12485adde690.jpg',276),(2194,'276/868c257d-350a-48e8-8422-e024cb14cdd8.jpg',276),(2195,'277/280b0d97-c9b2-4194-b119-d1073b099ba2.jpg',277),(2196,'277/5f39da33-94b0-477e-8f9a-290a96111d49.jpg',277),(2197,'277/a22c81e7-995d-4695-ade7-8955d071de27.jpg',277),(2198,'277/02e39526-7f6f-417d-bfa6-5c9aa144e604.jpg',277),(2199,'277/2cad6e8a-a7a9-4aa5-b04c-0a592edf412e.jpg',277),(2200,'277/a81f0bc9-22ce-4e57-8a82-f7785f3d18e7.jpg',277),(2201,'278/dba8f0f3-a578-4172-939a-ce6e05682616.jpg',278),(2202,'278/2c52d5f0-d98e-4c00-a534-5f30a280a33c.jpg',278),(2203,'278/c3542dba-317d-4de8-a5ee-01d2865c4c6a.jpg',278),(2204,'278/76bcdccf-8c20-4e13-8dbe-4f4b450f490d.jpg',278),(2205,'278/7c56368c-926f-46ec-9d82-247b11f3928a.jpg',278),(2206,'278/0ab40163-3ec8-4f97-8018-af498b6a5336.jpg',278),(2207,'279/cc72fb17-109d-4175-bdef-98a2a8f49b5b.jpg',279),(2208,'279/3d06cee0-72da-4e9e-91de-9e43421c07a2.jpg',279),(2209,'279/827f8b2b-aaaf-40f0-9d48-835f69d1af93.jpg',279),(2210,'279/fe20245e-23c9-4d63-a962-1564a38a46ac.jpg',279),(2211,'279/7ba944e5-b58b-4003-a4c0-625fd9f84568.jpg',279),(2212,'279/84e5a115-e1b2-4436-8e46-41df4c939768.jpg',279),(2213,'280/9b0e868d-f472-4da6-9ce2-c9127f4e5c14.jpg',280),(2214,'280/390ca05e-a41a-46f9-b202-67b5c67c2098.jpg',280),(2215,'280/3d0c7c7b-db23-4c8d-b80e-8fb5d08117dd.jpg',280),(2216,'280/ce2d0b73-903d-4213-bfc2-676c3b7acee8.jpg',280),(2217,'280/84f0987f-eff2-4778-a0cc-aa461d0e2105.jpg',280),(2218,'280/5b85b941-cb79-4571-8407-73e80e28db15.jpg',280),(2219,'281/bd9b5f9d-b4d8-4aba-bfbc-f7065318fbe4.jpg',281),(2220,'281/57612056-ac02-4e32-a1e1-c48cfeb0f2db.jpg',281),(2221,'281/424110c4-e461-4c99-b5ae-b3697f00090c.jpg',281),(2222,'281/e7b271f3-00b5-4ed5-b080-03e5fc1da293.jpg',281),(2223,'281/ea5ce409-763d-4905-80ee-14dde9938421.jpg',281),(2224,'281/515ecfe8-61de-49ec-8607-6bbf64324d43.jpg',281),(2225,'282/1ebfb6db-b846-4d2d-a622-316c6e8d6525.jpg',282),(2226,'282/a0fb1392-d560-450a-a957-c5414c78b9ef.jpg',282),(2227,'282/9686d865-54cb-48e2-bc26-df1aa4a8b0c0.jpg',282),(2228,'282/5b8f2d60-a960-4e27-b971-6f9f3099fa7c.jpg',282),(2229,'282/17f5ba0b-00cc-4640-82d0-315c8de87db4.jpg',282),(2230,'282/a05846d9-fc8f-4d8e-bfcc-ed1aad33aa0a.jpg',282),(2231,'283/f10f7f6c-dcd6-4d2f-babb-37c1f587c505.jpg',283),(2232,'283/7e2710c5-7512-45f4-87ca-06bbcd594a01.jpg',283),(2233,'283/34e95405-1bd1-4e8b-a478-1de2d944bb4e.jpg',283),(2234,'283/88ff0364-6d74-44c5-a503-19e665de26ed.jpg',283),(2235,'283/168e8b3e-a38e-4e72-ad15-97820317c582.jpg',283),(2236,'283/837ea927-e805-48d8-a388-ab915d5a6283.jpg',283),(2237,'284/574668e0-f193-4d08-9ef4-657265a7e7bb.jpg',284),(2238,'284/72a488d6-045c-436f-a756-08a77adaa8a6.jpg',284),(2239,'284/8f7eb4b3-1bf5-4aed-bdf3-7bbbde961d73.jpg',284),(2240,'284/8948b804-d6ff-4871-a124-b09aa20eeb54.jpg',284),(2241,'284/a5042776-190a-4b42-bd9c-958ff8825329.jpg',284),(2242,'284/0aca0c45-d481-4137-a301-99d0f28e79a2.jpg',284),(2243,'285/079ac5c7-7382-4577-9534-6fcd579a929d.jpg',285),(2244,'285/06cb5ec5-b669-4b9d-9bce-bf0ee9c052f1.jpg',285),(2245,'285/dc52df4c-8aae-4eeb-bb40-a530690fb416.jpg',285),(2246,'285/265c2d8f-7160-4d36-b424-69256c1cd771.jpg',285),(2247,'285/543430b6-2136-4b89-9613-6a1b20396366.jpg',285),(2248,'285/3209b134-0fd2-44e7-b0ea-ee55c2ce19c6.jpg',285),(2249,'286/8ce7b7b0-f80b-45db-9739-a061f872b16f.jpg',286),(2250,'286/7d91a3f8-2263-4c58-aa08-3187ad73e806.jpg',286),(2251,'286/12dbb7be-d135-4673-8542-1b02fa9ed92c.jpg',286),(2252,'286/643a5bf0-a289-4afe-873c-530722cbac4a.jpg',286),(2253,'286/eebf2737-d3ef-4a6a-991c-d0beda419c9e.jpg',286),(2254,'286/13ac6667-ef49-4790-94ea-6b37fd6af908.jpg',286),(2255,'287/a5e1c689-f9d9-4427-8862-f77aff888b70.jpg',287),(2256,'287/3113010b-bfe0-4d7f-82d5-8833e4fe42e8.jpg',287),(2257,'287/f2f50ff2-6399-4aa6-9a23-9018bd91bdb0.jpg',287),(2258,'287/f12704f1-c8f9-427c-a0bd-4c8e7188add5.jpg',287),(2259,'287/dda1f75b-3e4e-48e2-938d-2318c8cfe01a.jpg',287),(2260,'287/262d93c9-b240-4ccd-9fda-ba04a9cac86b.jpg',287),(2261,'288/c46a96b7-1206-44e7-988c-c87c509f0ce4.jpg',288),(2262,'288/19792bde-6229-4728-bcd0-625914295e0c.jpg',288),(2263,'288/893dfead-f329-40d4-9161-aa7bd1da48bb.jpg',288),(2264,'288/6710894b-9f40-4270-a63d-7ab1a90ceb0b.jpg',288),(2265,'288/26590804-72a0-4e57-a64d-c78e456fcaa9.jpg',288),(2266,'288/4b84bac6-9a8f-4d51-848c-f8b272571e61.jpg',288),(2267,'289/0296d0da-3f11-429b-942f-c104999321fe.jpg',289),(2268,'289/9424a3d4-34b4-486f-9bcd-29d9762c0df6.jpg',289),(2269,'289/722c176d-8393-4b74-8c95-6d5dc7cceb0c.jpg',289),(2270,'289/c59609cc-e767-4bfa-8ccf-67b9fbfab428.jpg',289),(2271,'289/13422526-51f8-4824-8b08-7ef5c34071e1.jpg',289),(2272,'289/baf9b61a-54b3-4da0-b39e-fee5d64f3d43.jpg',289),(2273,'290/8ec32119-c7e6-4670-8fa9-39e728d756aa.jpg',290),(2274,'290/54396ceb-848e-4ae8-88d0-bad63bd9821b.jpg',290),(2275,'290/7b020c23-0eb1-4275-b84d-da49c4f0fb07.jpg',290),(2276,'290/e5f696cd-ceed-48aa-95bb-dad99f3abec0.jpg',290),(2277,'290/bffa7873-8f0b-4f9b-ae4a-b4cfd5336a42.jpg',290),(2278,'290/7ab00e26-3073-4aae-acba-a534f207e4d8.jpg',290),(2279,'291/edecccd0-b4e7-4c3c-89ab-07845eb33f93.jpg',291),(2280,'291/eafafb7e-c5a8-429d-9624-591e160ac237.jpg',291),(2281,'291/dbb9714b-a37d-4e68-9717-a86ccffca9fb.jpg',291),(2282,'291/e7fefc14-7dd8-4338-9b82-78cea10969fe.jpg',291),(2283,'291/f978676e-c9ea-4062-988c-36236069d277.jpg',291),(2284,'291/84c8244c-b7dc-4c1a-9aca-44a7587ceae4.jpg',291),(2285,'292/edbfb777-09d3-447e-8625-e81ca6035f14.jpg',292),(2286,'292/ad22394a-62a1-422e-bd88-6c42fe6ea45b.jpg',292),(2287,'292/e5249cfb-fbb3-4fe0-b861-57f09f97db7a.jpg',292),(2288,'292/f800406e-b07f-477b-86f6-6a4aada150b7.jpg',292),(2289,'292/af2f2984-98d9-4e01-96ed-de51d8e86216.jpg',292),(2290,'292/3277da14-5d7b-4e1f-8e46-2e79ac705f7a.jpg',292),(2291,'293/d470ca74-df56-4248-9f81-488245b7ce49.jpg',293),(2292,'293/a2e9ae19-8649-4005-8138-3a831baf1771.jpg',293),(2293,'293/a088f44c-28e9-452e-a8c5-d4105017e47b.jpg',293),(2294,'293/b57a15dd-3f4c-4303-b4e4-35dd57be7a66.jpg',293),(2295,'293/d741f22d-d829-4c75-b580-137e6a1c8a39.jpg',293),(2296,'293/4b7161f9-1f87-4188-9128-6bc43bf687f7.jpg',293),(2297,'294/0317f5af-67b7-4594-9f4b-b8ca663cb8eb.jpg',294),(2298,'294/edb718cb-a04d-464a-9d31-aafb12ee0f8b.jpg',294),(2299,'294/5bf22715-4021-4436-9254-5b0fb9ff4654.jpg',294),(2300,'294/9e3f7d36-095b-4701-ad56-0b91f4864e67.jpg',294),(2301,'294/34ae1670-b6cb-495e-8f20-e0b3229fcc0b.jpg',294),(2302,'294/a1463a6e-c2d2-4847-8b47-081533ec61c7.jpg',294),(2303,'295/201766b5-1219-4546-92b6-ea38649c16b2.jpg',295),(2304,'295/fed9b30b-2123-4e2f-b721-ef0ffa9e4ef6.jpg',295),(2305,'295/e359f492-d7d3-45e6-845f-f95f828e851d.jpg',295),(2306,'295/36f5793b-8b7f-4b66-b537-4cd49d18eea8.jpg',295),(2307,'295/da0dcc24-f8e8-412b-9b1c-f580d31ede3b.jpg',295),(2308,'295/72212488-872f-4bb6-823c-c6149e7b2e06.jpg',295),(2309,'296/40958d15-f818-4113-a294-9ff263c1968d.jpg',296),(2310,'296/d93ec9f1-d296-436b-91be-0023f14becb8.jpg',296),(2311,'296/0331977e-94f4-4ea6-a438-faaffa0aa96e.jpg',296),(2312,'296/25ab7cf4-58d6-415a-8853-f6bbf0dab20c.jpg',296),(2313,'296/ac4c75ab-0759-4863-af98-00cf78a78a46.jpg',296),(2314,'296/23dbe192-fef9-4720-9de7-a76337d6fa33.jpg',296),(2315,'297/2658dd96-9b19-4598-8bd1-b2f3ebfde3bd.jpg',297),(2316,'297/80016716-43e2-4e23-9b7e-f0307a5f9730.jpg',297),(2317,'297/b644ca1a-14c1-47d1-b59e-87a1aecb258c.jpg',297),(2318,'297/5ce0f511-5fab-4ed0-b9f9-714ad97eed48.jpg',297),(2319,'297/de72ea3d-5006-45a1-91e1-4b8f92982fb5.jpg',297),(2320,'297/bf08e050-d08f-45d0-a37f-bede09451c71.jpg',297),(2321,'298/38024d1d-de09-42d7-ae87-c6ff0829ff90.jpg',298),(2322,'298/9744bced-f16d-4295-a7ef-08692e1c4c73.jpg',298),(2323,'298/b9e867cc-03be-4b06-90b3-6a16377a6cce.jpg',298),(2324,'298/84a50c37-ee46-4607-9df7-d222b1118a79.jpg',298),(2325,'298/cdf2b05e-e3e3-44ab-9991-35b6b920b88c.jpg',298),(2326,'298/435d4ec3-e967-42e4-96b4-c0a7c7a650aa.jpg',298),(2327,'299/2f17fdc3-76ae-4bed-8741-2a5eeb9a5807.jpg',299),(2328,'299/cc8e6dd2-ea37-4d3c-a895-dd6c34714738.jpg',299),(2329,'299/aa8be364-be31-435d-a9ad-844c97e968bc.jpg',299),(2330,'299/f411173e-6be7-42dc-b03b-4570262564d3.jpg',299),(2331,'299/756dcac1-2879-40a7-b6a8-b403f624b224.jpg',299),(2332,'299/f2e8184b-5810-4e86-b32c-3cbf8d855f09.jpg',299),(2333,'300/3b8a022f-5b90-47aa-9fdc-f17b82cc6f27.jpg',300),(2334,'300/4eabe2da-ee34-49db-bae5-614dbf9a8396.jpg',300),(2335,'300/3b46816b-892c-472e-9007-e3c24c4b4e5f.jpg',300),(2336,'300/fc27137b-a2f5-4ed6-849b-d4574345ec81.jpg',300),(2337,'300/e1cce539-71d3-4b39-a8d6-0555d8386870.jpg',300),(2338,'300/15bbb03a-ea15-413e-aa1c-9152c548b803.jpg',300),(2339,'301/11119e1e-3f2a-47a8-95ab-573e3fd80983.jpg',301),(2340,'301/9eea9f03-06b1-475e-ad2f-dfb8a5c9684a.jpg',301),(2341,'301/5aca0c05-584e-46ee-9763-02788fabc0e5.jpg',301),(2342,'301/dc2e3288-a5f2-4344-9c0c-6835b81faf05.jpg',301),(2343,'301/22b09195-42f5-40f0-a83a-d3f5f2e737ba.jpg',301),(2344,'301/b243eb39-31b4-4c71-9821-b6e922a38c7b.jpg',301),(2345,'302/ac74e6d2-0b1f-4c5d-8176-b1c5fe893f95.jpg',302),(2346,'302/45f95c09-3efa-4a69-9ef7-774365eaa61b.jpg',302),(2347,'302/136a90fd-f830-4f67-bc23-90727c68e661.jpg',302),(2348,'302/bf60e015-cdc4-423e-9b25-a4123982503b.jpg',302),(2349,'302/76ec3136-c64c-4c9a-8d55-a5fdabfdfd51.jpg',302),(2350,'302/ecbd709a-73d8-44d5-881a-c85d74de66a4.jpg',302),(2351,'303/a8ee6fbb-cc06-46cb-99ab-95425ef76cd1.jpg',303),(2352,'303/600604c6-6ce5-429a-97d9-9e141b4cdd84.jpg',303),(2353,'303/1143388b-a8ff-4d15-a95e-f73b936c6100.jpg',303),(2354,'303/dbd9c9fc-33e6-4b62-a4d2-8ff4ddc9ea88.jpg',303),(2355,'303/69e86675-fe5d-44b1-9bb8-c5377e55a620.jpg',303),(2356,'303/2e950b8e-8e91-4996-a469-9540ec4a6959.jpg',303),(2357,'304/6ffa4331-8baf-4248-ab48-712a0d0aa59d.jpg',304),(2358,'304/46c809e8-264a-409c-ba2b-2c4004ea6cb7.jpg',304),(2359,'304/359d9a25-3ac8-4f77-a80b-0932110d8d16.jpg',304),(2360,'304/168682bd-887d-4780-b4bb-7344028cffc2.jpg',304),(2361,'304/7c7a7871-5b14-4295-af44-99db8ffbac7a.jpg',304),(2362,'304/ad7fb198-5fcd-48bc-b593-75cb5de73569.jpg',304),(2363,'305/591b1d20-d78a-4b49-9bd0-24ead65ab315.jpg',305),(2364,'305/0df2d01e-9e69-4a2b-a053-e7741e5478c8.jpg',305),(2365,'305/5a5d64f7-930e-47e9-9b73-429c25df861f.jpg',305),(2366,'305/d016a269-a165-42b4-9fbf-8d7b51e4ab01.jpg',305),(2367,'305/68b01bcb-3002-4ee3-a3be-b05605c53817.jpg',305),(2368,'305/71192aa4-457c-4394-9071-62ac0117d72a.jpg',305),(2369,'306/57b110cb-f2f2-4e41-9bea-64446a0a2310.jpg',306),(2370,'306/dac710a0-5994-43cc-825a-3fefa850df11.jpg',306),(2371,'306/984562d6-b5f0-48cb-b70c-bbdf15d330bf.jpg',306),(2372,'306/67c081f6-82c0-42c4-b18a-b751606fd483.jpg',306),(2373,'306/b91da0ac-270d-4b5f-99d4-01f2a65e9d5b.jpg',306),(2374,'306/152bb5ba-9b5a-4795-9e46-bb75ac78f33a.jpg',306),(2375,'307/b52e5b52-57ae-44e2-b530-f4dbf85467fc.jpg',307),(2376,'307/eaf4a1c5-f8e1-4530-87e1-5f68b83f00ba.jpg',307),(2377,'307/6047dc51-cb72-445d-9adc-24d289b0f5c1.jpg',307),(2378,'307/94f52000-3f40-4b88-be96-c344a3cefb85.jpg',307),(2379,'307/444ae5be-1b87-4b7e-9af2-aefb7a05b6a7.jpg',307),(2380,'307/7c1837d6-7273-4b2e-919f-ee608a39b769.jpg',307),(2381,'308/816a97fd-8f88-42cd-b33c-47a347c23861.jpg',308),(2382,'308/1da9d9ab-3500-4ab8-a2b1-e95168a3baa3.jpg',308),(2383,'308/9a6c3d19-2155-416b-845c-57ca0665d6df.jpg',308),(2384,'308/979cbb74-010a-4085-b20a-21d319ef9c3c.jpg',308),(2385,'308/16b19586-5072-4ade-879a-a4da3863f982.jpg',308),(2386,'308/281926c9-36a4-408b-9ddb-a509f577cc97.jpg',308),(2387,'309/2d42cd8c-9660-4ed0-ad3c-c32cad021f26.jpg',309),(2388,'309/c7ef76ad-12ab-45c0-ab48-807a086fa70c.jpg',309),(2389,'309/d65dc751-fa8a-4eb5-aeef-27be40885848.jpg',309),(2390,'309/4a9bc642-2ffe-43e4-9d94-ba5d69da47f6.jpg',309),(2391,'309/dfacd98e-a8a5-4176-8504-e90aaf81a6b0.jpg',309),(2392,'309/72ab286b-8dea-491a-8d96-f2a676394e79.jpg',309),(2393,'310/0ece8e8d-1055-4a6b-90dc-0531f1c248db.jpg',310),(2394,'310/59a4f316-eb5b-479e-afc7-ef23d2098d11.jpg',310),(2395,'310/f933b5f0-d1df-4b61-8877-29c3423caf65.jpg',310),(2396,'310/0bb1f304-4a5c-46ec-aebb-138b271fad2c.jpg',310),(2397,'310/adfbcb07-8f54-4545-9793-b2edd7665b7a.jpg',310),(2398,'310/09cbf353-2ea6-4dbf-8091-9617c3febfbb.jpg',310),(2399,'311/b46e8b7a-d4d7-4143-ae4f-17026585f9d4.jpg',311),(2400,'311/d93ff06b-d7e3-44ce-8bf8-01d7156b94fd.jpg',311),(2401,'311/0a2ca3f1-96ce-4f85-9461-281cbcd814b9.jpg',311),(2402,'311/b3a3cd45-206c-4b0b-b6bb-37592d4512c2.jpg',311),(2403,'311/4ea9aefc-0df3-46e6-b0e5-1b33ede9b197.jpg',311),(2404,'311/b3b50fe6-6163-4ef1-bced-9463e1147bea.jpg',311),(2405,'312/536bc6e7-700a-47de-adbf-99109684b91c.jpg',312),(2406,'312/8b2c95c9-5763-4e84-bddf-72fb1b7126fa.jpg',312),(2407,'312/fa800f61-74d9-4b09-a167-2e8b6bf9305c.jpg',312),(2408,'312/6dec6c66-27d7-4437-99e1-5ee949e693f0.jpg',312),(2409,'312/5e8f77b5-20fe-4c3c-8699-79df48f829ee.jpg',312),(2410,'312/18ef9d3b-90a1-45cf-89cd-858a9d8c610e.jpg',312),(2411,'313/a3845c66-ac27-4a6e-b179-6129aecd1139.jpg',313),(2412,'313/fc176554-b8d6-4ad8-8029-2359384623cd.jpg',313),(2413,'313/5c169b5d-a28b-40f0-9287-99897aea98a2.jpg',313),(2414,'313/ba59e787-d4ac-43b4-84b6-4b075e738155.jpg',313),(2415,'313/c4aed2eb-a2a0-45e8-8436-b1ff042f669e.jpg',313),(2416,'313/04666a68-247c-4e90-99f2-6db114e9bde9.jpg',313),(2417,'314/0ecb8289-34c4-497d-80ac-5491cbd3eb81.jpg',314),(2418,'314/cda31fda-067c-47ab-a82e-6f31f858e597.jpg',314),(2419,'314/3a7f4b98-9a17-4a6b-a4e7-ca762137e0ae.jpg',314),(2420,'314/8df21367-7698-4fcd-98ad-7e94b688fd31.jpg',314),(2421,'314/cc2a95ed-905c-47bd-8355-3aee55c3d895.jpg',314),(2422,'314/64ff30e3-5109-47d8-89a7-db51992a187f.jpg',314),(2423,'315/217ec084-9030-42c9-8f71-0567df025f14.jpg',315),(2424,'315/70868667-c17b-4f4b-af3f-2b99918bdea8.jpg',315),(2425,'315/695f59b1-212d-444e-8b3c-8bc7a7f098f0.jpg',315),(2426,'315/7eb7b433-c3fd-4ad6-858f-4b6f4ee2145b.jpg',315),(2427,'315/9ccecd7f-b195-4da6-9168-14b51d31cd2b.jpg',315),(2428,'315/9f76f2b8-42b8-4413-b314-db773c5be0a8.jpg',315),(2429,'316/c0be631c-e684-4198-993a-ce02d265060e.jpg',316),(2430,'316/3a003351-a9ff-4ce8-8850-fc680bf541c7.jpg',316),(2431,'316/7aef9ed3-7f7b-4841-b14b-b6cdd0a7fe95.jpg',316),(2432,'316/7c423700-512b-4d36-bd33-357eb202c861.jpg',316),(2433,'316/7d412c30-522d-4348-9a80-cda4fcf5ed61.jpg',316),(2434,'316/9684792c-6bd2-4554-a419-dfda4e2645fc.jpg',316),(2435,'317/bfe148a2-1dca-465f-9ab7-bfe94fb1b4d6.jpg',317),(2436,'317/33d12353-46eb-4d5f-84f9-e358bae4768c.jpg',317),(2437,'317/d150d929-2386-4e45-81c9-3495f3ab76a0.jpg',317),(2438,'317/18c24a43-e5cf-4ced-b68e-51ae63b50917.jpg',317),(2439,'317/93c83df3-25b7-41a1-9b4b-29e9f7df9c14.jpg',317),(2440,'317/504c9cc2-46a2-4181-9f5e-886a9a16311e.jpg',317),(2441,'318/e1257cd7-56ce-469c-8aca-daaacaa02bbc.jpg',318),(2442,'318/02901e4a-628d-4afa-acd0-4502dca1b0e4.jpg',318),(2443,'318/d826d012-0b32-40f1-b394-08c2b08e6d26.jpg',318),(2444,'318/595fd64f-f4f8-4fa7-96a2-ccaa5a89edce.jpg',318),(2445,'318/73423f1b-6d4c-4a1e-a7a7-3b6faed3dc8a.jpg',318),(2446,'318/b03a554b-0d10-4593-a079-6d1609b15acd.jpg',318),(2447,'319/49e4e8dd-3d13-4e1c-af6c-a22d97d416d5.jpg',319),(2448,'319/7a4f4c9d-3ebb-487e-aeac-1b71f52d9346.jpg',319),(2449,'319/2064d0ed-2c4b-4062-89ea-24079d3ade31.jpg',319),(2450,'319/6a8ad6a3-fc94-4dc5-9dc3-faa352d50544.jpg',319),(2451,'319/9b007c64-1f0e-4429-ada4-4a4306589b25.jpg',319),(2452,'319/ddde6688-db4b-4e87-8b44-ab9841aa3e15.jpg',319),(2453,'320/aefab5bb-cc2b-4923-960a-aea35f5a37a8.jpg',320),(2454,'320/4ffe80ff-053a-40c5-b2f3-166d3279d7fe.jpg',320),(2455,'320/b5622a59-0bec-401e-a81a-fa7d5d2816fa.jpg',320),(2456,'320/f3fa97ad-0eca-4594-b371-4581c97f46a6.jpg',320),(2457,'320/747f0b07-7597-4728-aaca-3452f938302e.jpg',320),(2458,'320/807edc22-7239-461d-88ef-02f364d8a2f7.jpg',320),(2459,'321/0143fdd8-9515-44bf-b9c3-749aebe52435.jpg',321),(2460,'321/3ed73f41-4032-4aaa-bedf-16132edb25a4.jpg',321),(2461,'321/8a439d15-bba8-416f-91a9-0476328eab33.jpg',321),(2462,'321/fb0bd1dd-b0af-4404-82fb-c1aec7ae78dc.jpg',321),(2463,'321/d93185bf-8548-45c1-bec3-c073738dc07a.jpg',321),(2464,'321/8e7bc1cd-cceb-4db8-91a8-28b1b54272c0.jpg',321),(2465,'322/229abdbd-7cca-49e0-9d02-bc23f9ea328e.jpg',322),(2466,'322/a2a29fc6-beda-42cb-8e17-9550ea9fc31e.jpg',322),(2467,'322/05732a94-41a6-4ed2-a9d1-3fa7ae7ee2da.jpg',322),(2468,'322/a9790d3e-587e-4fcb-9986-28f1a8126802.jpg',322),(2469,'322/608ce83e-51a4-4a6b-ab3d-b83c0e671fd8.jpg',322),(2470,'322/028f5a16-bd0b-4960-8889-05746edf38b8.jpg',322),(2471,'323/0c0ef8b9-59bf-4ff5-9de3-e785540311fe.jpg',323),(2472,'323/b04b5125-2510-4bd0-9abe-ed7e76e46128.jpg',323),(2473,'323/d8958d51-7fae-48ff-88eb-b8e9e67f7f1f.jpg',323),(2474,'323/fe5f7e01-feae-4cb1-b682-41abfd7a87f7.jpg',323),(2475,'323/961e95a2-4460-45d3-83c7-e29fa753d1af.jpg',323),(2476,'323/760fd448-99ec-4330-8095-57abf36d02a8.jpg',323),(2477,'324/7b303fee-3528-4c87-bbd2-44a0b2321899.jpg',324),(2478,'324/b7ee6d8c-e743-419a-a35d-b9556d6cba8e.jpg',324),(2479,'324/9c0d5b5c-3b8c-45a8-9352-40b29e9ac566.jpg',324),(2480,'324/ff6f1707-df6e-4997-90a2-d69190bf7b7b.jpg',324),(2481,'324/99e3296b-7abc-4d8d-a7c2-91fbffed984e.jpg',324),(2482,'324/abe469b2-145d-4a71-ada4-502d38b63cd3.jpg',324),(2483,'325/85275b3f-f4c8-40cf-85bd-53de4a018788.jpg',325),(2484,'325/2edc1c5c-f4f4-44ae-a8b8-d6cf9781517c.jpg',325),(2485,'325/c014ce18-0650-4043-99d1-1de527f4b6ff.jpg',325),(2486,'325/48cb4f15-2d69-4869-83c0-4596bdbaf7a6.jpg',325),(2487,'325/d967c909-a496-4e34-9f96-58cfa5ff59b4.jpg',325),(2488,'325/54a95c93-7db8-44eb-9b74-d2e2bfe5d70c.jpg',325),(2489,'326/18c67ba4-5ece-4c39-be5b-17fb08f1fc9d.jpg',326),(2490,'326/6e5d2ee5-cd42-4d0a-801b-1927e7a82d44.jpg',326),(2491,'326/679f4260-f13b-4a00-91dd-a5429d3df92f.jpg',326),(2492,'326/5a9a47c0-7375-41b3-a436-d23ebb8d92c1.jpg',326),(2493,'326/a2e1f1f1-fdd7-4302-b3c5-c4c0df748e09.jpg',326),(2494,'326/d6f5a018-0fdb-431c-a35d-40c1e1cc6fda.jpg',326),(2495,'327/9bea5843-0235-49cc-9c56-bf007dd297a1.jpg',327),(2496,'327/4261353c-2934-48ba-bbc5-8167ba50bf8d.jpg',327),(2497,'327/e592fe20-3794-47e2-bf57-3df5512ae921.jpg',327),(2498,'327/5db3902f-9fb3-4cb2-ae5d-a0abb9d20294.jpg',327),(2499,'327/28afdf11-0152-435f-8491-ad07775bb903.jpg',327),(2500,'327/8b719032-396b-4528-a336-6cebf61a94d3.jpg',327),(2501,'328/32d534c9-99c1-4182-baf3-fb2f83b9751d.jpg',328),(2502,'328/d104e562-160d-444c-86a7-9a9635d31a78.jpg',328),(2503,'328/2565296d-152d-43de-8379-ca1c0c2927a2.jpg',328),(2504,'328/59a66010-965c-49c7-b2c6-de7e50ff1a26.jpg',328),(2505,'328/396a57ef-c504-4058-90d7-f0da65470d5f.jpg',328),(2506,'328/4d776da5-8ae9-44f1-8848-a7037b5f5834.jpg',328),(2507,'329/a93d2895-8be2-4929-8d7c-af4b69a4e8b2.jpg',329),(2508,'329/39f7697b-0807-4305-80a2-9ebd5ec13c7b.jpg',329),(2509,'329/2531c63a-5036-45ce-a21f-4f5a005c63db.jpg',329),(2510,'329/a9a3d74f-7473-4268-a75b-a4c8868cd80d.jpg',329),(2511,'329/942da53b-d224-4453-8380-00f236455a3c.jpg',329),(2512,'329/3d2966ad-4479-44e4-85a5-555b5a2b4788.jpg',329),(2513,'330/adee1ac1-782f-41db-9c68-fee29b67dfef.jpg',330),(2514,'330/4437cc83-c4cf-46fc-b53d-c7ac6c2fb9a5.jpg',330),(2515,'330/1b3ef038-00df-4e6d-8011-d624b8cd794e.jpg',330),(2516,'330/a5017d7d-e4ea-4a46-b4f6-adbabb37eb60.jpg',330),(2517,'330/5aa28bcb-fa07-4cf2-a23b-04af705007df.jpg',330),(2518,'330/851c08ac-933d-4171-a047-2eb8b2729416.jpg',330),(2519,'331/dce5abab-ba8d-471e-84fb-b2d934dc5d5e.jpg',331),(2520,'331/d21b2688-a943-4c8c-9677-94f347852c18.jpg',331),(2521,'331/4e3db7c7-e328-4c92-905b-4d14f9f6563c.jpg',331),(2522,'331/cc809506-e00d-4194-96da-2f32116fe9cd.jpg',331),(2523,'331/e7513033-1c86-455c-a012-c21d9c1c7f51.jpg',331),(2524,'331/2aeb26a3-b704-4d9f-951a-67d6d6cafa1c.jpg',331),(2525,'332/5e1f6ec7-570e-4562-b385-a20b9fafe2d3.jpg',332),(2526,'332/c3617ad7-291a-4927-bcfb-9fbc80065113.jpg',332),(2527,'332/b72f1d24-e8af-4095-b702-5b6578c9188d.jpg',332),(2528,'332/a343be0f-e2af-48f4-bba8-4557e8d143fb.jpg',332),(2529,'332/31a7acc1-1176-4248-abc1-bdd06c22c227.jpg',332),(2530,'332/c2faf3c4-05b0-4c9e-826b-8bd3295d544e.jpg',332),(2531,'333/8118205f-d39e-4945-85fe-265aeb5a870c.jpg',333),(2532,'333/0876b283-1fc1-4176-abda-787ca8f22276.jpg',333),(2533,'333/1bfd1b45-b640-4bfa-9225-3def481e00a8.jpg',333),(2534,'333/2200f873-fa84-4c3f-8bce-e8e07f0f0b9e.jpg',333),(2535,'333/ec4f3627-8051-484f-afb9-a58714569e40.jpg',333),(2536,'333/2461d06d-408d-4a73-9982-5b7b10678d3b.jpg',333);
/*!40000 ALTER TABLE `prt_images_t` ENABLE KEYS */;
UNLOCK TABLES;

--
-- Table structure for table `shopping_cart_t`
--

DROP TABLE IF EXISTS `shopping_cart_t`;
/*!40101 SET @saved_cs_client     = @@character_set_client */;
/*!40101 SET character_set_client = utf8 */;
CREATE TABLE `shopping_cart_t` (
  `cart_id` int(11) NOT NULL AUTO_INCREMENT,
  `user_id` int(11) DEFAULT NULL,
  `prt_count` int(11) DEFAULT NULL,
  `total_price` decimal(6,2) DEFAULT NULL,
  PRIMARY KEY (`cart_id`)
) ENGINE=InnoDB AUTO_INCREMENT=6 DEFAULT CHARSET=utf8;
/*!40101 SET character_set_client = @saved_cs_client */;

--
-- Dumping data for table `shopping_cart_t`
--

LOCK TABLES `shopping_cart_t` WRITE;
/*!40000 ALTER TABLE `shopping_cart_t` DISABLE KEYS */;
INSERT INTO `shopping_cart_t` VALUES (1,1,1,2000.00),(2,2,NULL,NULL),(3,3,NULL,NULL),(4,4,NULL,NULL),(5,5,NULL,NULL);
/*!40000 ALTER TABLE `shopping_cart_t` ENABLE KEYS */;
UNLOCK TABLES;

--
-- Table structure for table `subcategory_t`
--

DROP TABLE IF EXISTS `subcategory_t`;
/*!40101 SET @saved_cs_client     = @@character_set_client */;
/*!40101 SET character_set_client = utf8 */;
CREATE TABLE `subcategory_t` (
  `id` int(11) NOT NULL AUTO_INCREMENT,
  `name` varchar(45) DEFAULT NULL,
  `top_id` int(11) DEFAULT NULL,
  `des` varchar(45) DEFAULT NULL,
  PRIMARY KEY (`id`)
) ENGINE=InnoDB AUTO_INCREMENT=25 DEFAULT CHARSET=utf8;
/*!40101 SET character_set_client = @saved_cs_client */;

--
-- Dumping data for table `subcategory_t`
--

LOCK TABLES `subcategory_t` WRITE;
/*!40000 ALTER TABLE `subcategory_t` DISABLE KEYS */;
INSERT INTO `subcategory_t` VALUES (1,'女装',1,'ads'),(2,'男装',1,'asd'),(3,'童装',1,'adsa'),(4,'食品',2,'asdsa'),(5,'酒水',2,'dasd'),(6,'茶叶',2,'sad'),(7,'水果',2,'asda'),(8,'书籍',3,'sd'),(9,'音像',3,'asd'),(10,'电子书',3,'asd'),(11,'家电',4,'as'),(12,'数码',4,'das'),(13,'电脑',4,'d'),(14,'珠宝',5,'sad'),(15,'贵金属',5,'as'),(16,'手表',5,'das'),(17,'电影票',6,'d'),(18,'游戏点卡',6,'sad'),(19,'家具',7,'sa'),(20,'厨具',7,'dsa'),(21,'床上用品',7,'d'),(22,'笔',8,'asd'),(23,'笔记本',8,'sa'),(24,'书架',8,'dsa');
/*!40000 ALTER TABLE `subcategory_t` ENABLE KEYS */;
UNLOCK TABLES;

--
-- Table structure for table `sys_function_t`
--

DROP TABLE IF EXISTS `sys_function_t`;
/*!40101 SET @saved_cs_client     = @@character_set_client */;
/*!40101 SET character_set_client = utf8 */;
CREATE TABLE `sys_function_t` (
  `FUNCTION_ID` int(11) NOT NULL AUTO_INCREMENT COMMENT '权限ID',
  `PARENT_ID` int(11) DEFAULT '0' COMMENT '权限父ID',
  `FUNCTION_NAME` varchar(100) DEFAULT NULL COMMENT '权限名',
  `FUNCTION_URL` varchar(255) DEFAULT NULL COMMENT '权限URL',
  `FUNCTION_TYPE` tinyint(1) DEFAULT '0' COMMENT '权限类型 1菜单 2功能',
  `CREATE_TIME` timestamp NULL DEFAULT NULL COMMENT '创建时间',
  `SORT` int(11) DEFAULT '0' COMMENT '排序',
  PRIMARY KEY (`FUNCTION_ID`)
) ENGINE=InnoDB AUTO_INCREMENT=34 DEFAULT CHARSET=utf8 COMMENT='权限表';
/*!40101 SET character_set_client = @saved_cs_client */;

--
-- Dumping data for table `sys_function_t`
--

LOCK TABLES `sys_function_t` WRITE;
/*!40000 ALTER TABLE `sys_function_t` DISABLE KEYS */;
INSERT INTO `sys_function_t` VALUES (1,0,'商品管理',NULL,1,NULL,0),(2,1,'商品上架','/admin/product/addProduct',1,NULL,0),(3,1,'查看商品','/admin/product/listProduct.html',1,NULL,0),(4,1,'商品更新','/admin/product/updateProduct.html',1,NULL,0),(5,0,'用户管理',NULL,1,NULL,0),(6,5,'新增用户','/admin/user/addUserAction',0,NULL,0),(7,1,'上架商品','/admin/product/addProductAction',0,NULL,0),(8,1,'更新商品','/admin/product/updateProductAction',0,NULL,0),(9,0,'权限管理',NULL,1,NULL,0),(10,9,'角色修改','/admin/system/updateRole.html',1,NULL,0),(11,9,'权限修改','/admin/system/updateFunction.html',1,NULL,0),(12,9,'权限变更','/admin/system/viewFunction.html',1,NULL,0),(13,0,'公告管理',NULL,1,NULL,0),(14,13,'头条更新','/admin/notice/updateHeadline.html',1,NULL,0),(15,13,'公告更新','/admin/notice/updateAnnoun.html',1,NULL,0),(16,13,'更新头条','/admin/notice/updateHeadlineAction',0,NULL,0),(17,13,'更新公告','/admin/ajax/notice/updateAnnounAction',0,NULL,0),(18,0,'订单管理',NULL,1,NULL,0),(19,18,'查看订单','/admin/orders/viewOrders.html',0,NULL,0),(20,18,'订单审核',NULL,1,NULL,0),(21,18,'审核订单',NULL,0,NULL,0),(22,5,'密码修改','/admin/user/changePassword.html',1,NULL,0),(23,5,'用户新增','/admin/user/addUser.html',1,NULL,0),(24,9,'创建角色','/admin/system/createRoleAction',0,NULL,0),(25,9,'更新角色','/admin/system/updateRoleAction',0,NULL,0),(26,9,'变更权限','/admin/system/ajax/submitFunc',0,NULL,0),(27,9,'查看权限','/admin/system/ajax/roleFunc',0,NULL,0),(28,9,'加载权限','/admin/system/ajax/loadFunction',0,NULL,0),(29,9,'后台首页','/admin/index.html',0,NULL,0),(30,9,'增加权限','/admin/system/addFunctionAction',0,NULL,0),(31,9,'修改权限','/admin/system/updateFunctionAction',0,NULL,0),(32,18,'加载订单','/admin/ajax/orders/loadOrders',0,NULL,0),(33,18,'订单发货','/admin/order/ajax/delivery',0,NULL,0);
/*!40000 ALTER TABLE `sys_function_t` ENABLE KEYS */;
UNLOCK TABLES;

--
-- Table structure for table `sys_role_function_t`
--

DROP TABLE IF EXISTS `sys_role_function_t`;
/*!40101 SET @saved_cs_client     = @@character_set_client */;
/*!40101 SET character_set_client = utf8 */;
CREATE TABLE `sys_role_function_t` (
  `ROLE_ID` int(11) DEFAULT '0' COMMENT '角色ID',
  `FUNCTION_ID` int(11) DEFAULT '0' COMMENT '权限ID'
) ENGINE=InnoDB DEFAULT CHARSET=utf8 COMMENT='角色权限关联表';
/*!40101 SET character_set_client = @saved_cs_client */;

--
-- Dumping data for table `sys_role_function_t`
--

LOCK TABLES `sys_role_function_t` WRITE;
/*!40000 ALTER TABLE `sys_role_function_t` DISABLE KEYS */;
INSERT INTO `sys_role_function_t` VALUES (3,2),(3,3),(3,4),(3,7),(3,8),(3,29),(4,29),(4,14),(4,15),(4,16),(4,17),(5,10),(5,11),(5,12),(5,24),(5,25),(5,26),(5,27),(5,28),(5,29),(7,6),(7,22),(7,23),(7,11),(7,12),(7,24),(7,25),(7,27),(7,29),(8,19),(8,20),(1,2),(1,3),(1,4),(1,7),(1,8),(1,19),(1,20),(1,21),(1,32),(1,33),(1,6),(1,22),(1,23),(1,10),(1,11),(1,12),(1,24),(1,25),(1,26),(1,27),(1,28),(1,29),(1,30),(1,31),(1,14),(1,15),(1,16),(1,17),(2,2),(2,3),(2,4),(2,7),(2,8),(2,19),(2,20),(2,21),(2,32),(2,33),(2,29),(10,2),(10,3),(10,4),(10,7),(10,8),(10,19),(10,20),(10,21),(10,32),(10,33),(10,6),(10,22),(10,23),(10,10),(10,11),(10,12),(10,24),(10,25),(10,26),(10,27),(10,28),(10,29),(10,30),(10,31),(10,14),(10,15),(10,16),(10,17),(9,19),(9,20),(9,21),(9,32),(9,33);
/*!40000 ALTER TABLE `sys_role_function_t` ENABLE KEYS */;
UNLOCK TABLES;

--
-- Table structure for table `sys_role_t`
--

DROP TABLE IF EXISTS `sys_role_t`;
/*!40101 SET @saved_cs_client     = @@character_set_client */;
/*!40101 SET character_set_client = utf8 */;
CREATE TABLE `sys_role_t` (
  `ROLE_ID` int(11) NOT NULL AUTO_INCREMENT COMMENT '角色ID',
  `ROLE_NAME` varchar(100) DEFAULT NULL COMMENT '角色名',
  `CREATE_TIME` timestamp NULL DEFAULT NULL COMMENT '创建时间',
  PRIMARY KEY (`ROLE_ID`)
) ENGINE=InnoDB AUTO_INCREMENT=11 DEFAULT CHARSET=utf8 COMMENT='角色表';
/*!40101 SET character_set_client = @saved_cs_client */;

--
-- Dumping data for table `sys_role_t`
--

LOCK TABLES `sys_role_t` WRITE;
/*!40000 ALTER TABLE `sys_role_t` DISABLE KEYS */;
INSERT INTO `sys_role_t` VALUES (1,'超级管理员','2016-07-22 08:48:28'),(2,'商品管理员','2016-07-19 16:00:00'),(3,'商品采购员','2016-07-22 00:39:48'),(4,'公告管理员','2016-07-22 00:45:45'),(5,'系统管理员','2016-07-22 08:45:28'),(7,'权限管理员','2016-07-22 08:53:04'),(8,'订单管理员','2016-08-02 09:30:39'),(9,'客服','2016-08-02 09:42:48'),(10,'测试人员','2016-08-02 09:46:17');
/*!40000 ALTER TABLE `sys_role_t` ENABLE KEYS */;
UNLOCK TABLES;

--
-- Table structure for table `sys_user_t`
--

DROP TABLE IF EXISTS `sys_user_t`;
/*!40101 SET @saved_cs_client     = @@character_set_client */;
/*!40101 SET character_set_client = utf8 */;
CREATE TABLE `sys_user_t` (
  `USER_ID` int(11) NOT NULL AUTO_INCREMENT COMMENT '主键',
  `LOGIN_NAME` varchar(20) NOT NULL DEFAULT '' COMMENT '登录名',
  `LOGIN_PWD` varchar(32) NOT NULL DEFAULT '' COMMENT '登录密码',
  `ACTUAL_NAME` varchar(50) DEFAULT NULL COMMENT '用户真实姓名名',
  `STATUS` tinyint(1) DEFAULT '0' COMMENT '状态.0: 正常,1:冻结,2：删除',
  `LAST_LOGIN_TIME` timestamp NULL DEFAULT NULL COMMENT '最后登录时间',
  `LAST_LOGIN_IP` varchar(20) DEFAULT NULL COMMENT '最后登录IP',
  `CREATE_TIME` timestamp NULL DEFAULT NULL COMMENT '创建时间',
  `EMAIL` varchar(50) DEFAULT NULL COMMENT '邮件地址',
  `TEL` varchar(12) DEFAULT NULL COMMENT '手机号码',
  `ROLE_ID` int(11) DEFAULT '0' COMMENT '所属角色ID',
  PRIMARY KEY (`USER_ID`)
) ENGINE=InnoDB AUTO_INCREMENT=4 DEFAULT CHARSET=utf8 ROW_FORMAT=COMPACT COMMENT='系统用户表';
/*!40101 SET character_set_client = @saved_cs_client */;

--
-- Dumping data for table `sys_user_t`
--

LOCK TABLES `sys_user_t` WRITE;
/*!40000 ALTER TABLE `sys_user_t` DISABLE KEYS */;
INSERT INTO `sys_user_t` VALUES (1,'lsqwell@sina.com','123456','张三',0,NULL,NULL,NULL,NULL,NULL,1),(2,'lsqgood@sina.com','123456','李四',0,NULL,NULL,NULL,NULL,NULL,2),(3,'admin@latewind.com','123456','赵钱孙',0,NULL,NULL,NULL,NULL,NULL,1);
/*!40000 ALTER TABLE `sys_user_t` ENABLE KEYS */;
UNLOCK TABLES;

--
-- Table structure for table `thirdcategory_t`
--

DROP TABLE IF EXISTS `thirdcategory_t`;
/*!40101 SET @saved_cs_client     = @@character_set_client */;
/*!40101 SET character_set_client = utf8 */;
CREATE TABLE `thirdcategory_t` (
  `id` int(11) NOT NULL AUTO_INCREMENT,
  `name` varchar(45) DEFAULT NULL,
  `des` varchar(45) DEFAULT NULL,
  `sub_id` int(11) DEFAULT NULL,
  PRIMARY KEY (`id`)
) ENGINE=InnoDB AUTO_INCREMENT=66 DEFAULT CHARSET=utf8 COMMENT='三级分类';
/*!40101 SET character_set_client = @saved_cs_client */;

--
-- Dumping data for table `thirdcategory_t`
--

LOCK TABLES `thirdcategory_t` WRITE;
/*!40000 ALTER TABLE `thirdcategory_t` DISABLE KEYS */;
INSERT INTO `thirdcategory_t` VALUES (1,'女衣',NULL,1),(2,'女鞋',NULL,1),(3,'女包',NULL,1),(4,'男衣',NULL,2),(5,'男鞋',NULL,2),(6,'男包',NULL,2),(7,'童衣',NULL,3),(8,'童鞋',NULL,3),(9,'童帽',NULL,3),(10,'零食',NULL,4),(11,'特产',NULL,4),(12,'干货',NULL,4),(13,'白酒',NULL,5),(14,'啤酒',NULL,5),(15,'葡萄酒',NULL,5),(16,'红茶',NULL,6),(17,'绿茶',NULL,6),(18,'花茶',NULL,6),(19,'温带水果',NULL,7),(20,'热带水果',NULL,7),(21,'进口水果',NULL,7),(22,'科普读物',NULL,8),(23,'文艺作品',NULL,8),(24,'工具书',NULL,8),(25,'影视','',9),(26,'音乐',NULL,9),(27,'游戏光盘',NULL,9),(28,'科普e',NULL,10),(29,'生活e',NULL,10),(30,'文艺e',NULL,10),(31,'电视机',NULL,11),(32,'小家电',NULL,11),(33,'电冰箱',NULL,11),(34,'手机',NULL,12),(35,'数码配件',NULL,12),(36,'相机',NULL,12),(37,'笔记本电脑',NULL,13),(38,'台式电脑',NULL,13),(39,'组装电脑',NULL,13),(40,'玉器',NULL,14),(41,'玛瑙',NULL,14),(42,'琥珀',NULL,14),(43,'银首饰',NULL,15),(44,'金首饰',NULL,15),(45,'白金首饰',NULL,15),(46,'机械表',NULL,16),(47,'电子表',NULL,16),(48,'电影票',NULL,17),(49,'游戏点卡',NULL,18),(50,'沙发',NULL,19),(51,'椅子',NULL,19),(52,'桌子',NULL,19),(53,'锅',NULL,20),(54,'碗',NULL,20),(55,'盆',NULL,20),(56,'床单',NULL,21),(57,'被子',NULL,21),(58,'枕头',NULL,21),(59,'钢笔',NULL,22),(60,'铅笔',NULL,22),(61,'中性笔',NULL,22),(62,'笔记本',NULL,23),(63,'便签',NULL,23),(64,'金属书架',NULL,24),(65,'塑料书架',NULL,24);
/*!40000 ALTER TABLE `thirdcategory_t` ENABLE KEYS */;
UNLOCK TABLES;

--
-- Table structure for table `top_prt`
--

DROP TABLE IF EXISTS `top_prt`;
/*!40101 SET @saved_cs_client     = @@character_set_client */;
/*!40101 SET character_set_client = utf8 */;
CREATE TABLE `top_prt` (
  `top_id` int(11) NOT NULL,
  `prt_id` int(11) NOT NULL,
  `id` int(11) NOT NULL AUTO_INCREMENT,
  PRIMARY KEY (`id`)
) ENGINE=InnoDB AUTO_INCREMENT=8 DEFAULT CHARSET=utf8;
/*!40101 SET character_set_client = @saved_cs_client */;

--
-- Dumping data for table `top_prt`
--

LOCK TABLES `top_prt` WRITE;
/*!40000 ALTER TABLE `top_prt` DISABLE KEYS */;
INSERT INTO `top_prt` VALUES (1,1,1),(1,2,2),(2,1,3),(2,2,4),(1,3,5),(3,3,6),(3,6,7);
/*!40000 ALTER TABLE `top_prt` ENABLE KEYS */;
UNLOCK TABLES;

--
-- Table structure for table `topcategory_t`
--

DROP TABLE IF EXISTS `topcategory_t`;
/*!40101 SET @saved_cs_client     = @@character_set_client */;
/*!40101 SET character_set_client = utf8 */;
CREATE TABLE `topcategory_t` (
  `id` int(11) NOT NULL AUTO_INCREMENT,
  `name` varchar(45) DEFAULT NULL,
  `des` varchar(45) DEFAULT NULL,
  PRIMARY KEY (`id`)
) ENGINE=InnoDB AUTO_INCREMENT=9 DEFAULT CHARSET=utf8 COMMENT='一级分类';
/*!40101 SET character_set_client = @saved_cs_client */;

--
-- Dumping data for table `topcategory_t`
--

LOCK TABLES `topcategory_t` WRITE;
/*!40000 ALTER TABLE `topcategory_t` DISABLE KEYS */;
INSERT INTO `topcategory_t` VALUES (1,'服装','服饰 衣服 服装'),(2,'食品','吃的 喝的'),(3,'图书','图书'),(4,'电子产品','电子 '),(5,'奢侈品','奢侈品'),(6,'娱乐','娱乐'),(7,'家居用品','家居 生活'),(8,'办公用品','办公 ');
/*!40000 ALTER TABLE `topcategory_t` ENABLE KEYS */;
UNLOCK TABLES;

--
-- Table structure for table `user_info_t`
--

DROP TABLE IF EXISTS `user_info_t`;
/*!40101 SET @saved_cs_client     = @@character_set_client */;
/*!40101 SET character_set_client = utf8 */;
CREATE TABLE `user_info_t` (
  `user_id` int(11) NOT NULL AUTO_INCREMENT,
  `user_name` varchar(45) DEFAULT NULL,
  `password` varchar(45) DEFAULT NULL,
  `tel` varchar(45) DEFAULT NULL,
  `sex` int(11) DEFAULT NULL,
  `nickName` varchar(45) DEFAULT NULL,
  `actual_name` varchar(45) DEFAULT NULL,
  `address` varchar(100) DEFAULT NULL,
  `birth_date` datetime DEFAULT NULL,
  `salt` varchar(45) DEFAULT NULL,
  `idnumber` varchar(45) DEFAULT NULL,
  `head` blob,
  PRIMARY KEY (`user_id`),
  UNIQUE KEY `nickName_UNIQUE` (`nickName`),
  UNIQUE KEY `user_name_UNIQUE` (`user_name`)
) ENGINE=InnoDB AUTO_INCREMENT=6 DEFAULT CHARSET=utf8;
/*!40101 SET character_set_client = @saved_cs_client */;

--
-- Dumping data for table `user_info_t`
--

LOCK TABLES `user_info_t` WRITE;
/*!40000 ALTER TABLE `user_info_t` DISABLE KEYS */;
INSERT INTO `user_info_t` VALUES (1,'demo@latewind.com','c24b22ff01ccf76319c2ee8927a6d1b7','18713500000',1,'一脚让你飞','张三','山东省莱芜市','1991-11-08 00:00:00','bc50c6c027c32043f246e96f5ba3337a','371202199111088888','\\\0JFIF\0\0\0\0\0\0\\0C\0\n\n\r\Z\Z (\"&#0$&*+-.-\"251,5(,-,\\0C	,,,,,,,,,,,,,,,,,,,,,,,,,,,,,,,,,,,,,,,,,,,,,,,,,,,\0\0\0\"\0\\0\0\0\0\0\0\0\0\0\0\0\0\0	\\0R\0\0\0!1AQaq\"2\#r3BRb\ST\$5c\%4CDUs67t\\\0\0\0\0\0\0\0\0\0\0\0\0\0\\01\0\0\0\0\01!2AQ\"qBa3#4R\\0\0\0?\0Հ\\0\0\0\0\0\0\0\0\0\0\0\0\0\0\0\0\0\0\0\0\0\0\0\0\0\0\0\0\0\0\0\0\0\0\0\0\0\0\0\0\0\0\0\0\0\0\0\0\0\0\0\0\0\0\0\0\0\0\0\0\0\0\0\0\0\0\0\0\0\0\0\0\0\0\0\0\0\0\0\0\0\0\0\0\0\0\0\0\0\0\0\0\0\0\0\0\0\0\0\0\0\0\0\0\0\0\0\0\0\0\0\0\0\0\0\0\0\0\0\0\0\0\0\0\0\0\0\0\0\0\0\0\0\0\0\0\0\0\0\0\0\0\0\0\0\0\0\0\0\0\0\0\0\0\0\0\0\0\0\0\0\0\0\0\0\0\0\0\0\0\0\0\0\0\0\0\0\0\0\0\0\0\0\0\0\0\0\0\0\0\0\0\0\0\0\0\0\0\0\0\0\0\0\0\0\0\0\0\0\0\0\0\0\0\0\0\0\0\0\0\0\0\0\0\0\0\0\0\0\0\0\0\0\0\0\0\0\0\0\0\0\0\0\0\0\0\0\0\0\0\0\0\0\0\0\0\0\0\0\0\0\0\0\0\0\0\0\0\0\0\0\0\0\0\0\0\0\0\0\0\0\0\0\0\0\0\0\0\0\0\0\0\0\0\0\0\0\0\0\0\0\0\0\0\0\0\0\0\0\0\0\0\0\0\0\0\0\0\0\0\0\0\0\0\0\0\0\0\0\0\0\0\0\0\0\0\0\0\0\0\0\0\0\0\0\0\0\0\0\0\0\0\0\0\0\0\0\0\0\0\0\0\0\0\0\0\0\0\0\0\0\0\0\0\0\0\0\0\0\0\0\0\0\0\0\0\0\0\0\0\0\0\0\0\0\0\0\0\0\0\0\0\0\0\0\0\0\0\0\0\0\0\0\0\0\0\0\0\0\0\0\0\0\0\0\0\0\0\0\0\0\0\0\0\0\0\0\0\0\0\0\0\0\0\0\0\0\0\0\0\0\0\0\0\0\0\0\0\0\0\0\0\0\0\0\0\0\0\0\0\0\0\0\0\0\0\0\0\0\0\0\0\0\0\0\0\0\0\0\0\0\0\0\0\0\0\0\0\0\0\0\0\0\0\0\0\0\0\0\0\0\0\0\0\0\0\0\0\0\0\0\0\0\0\0\0\0\0\0\0\0\0\0\0\0\0\0\0\0\0\0\0\0\0\0\0\0\0\0\0\0\0\0\0\0\0\0\0\0\0\0\0\0\0\0\0\0\0\0\0\0\0\0\0\0\0\0\0\0\0\0\0\0\0\0\0\0\0\0\0\0\0\0\0\0\0\0\0\0\0\0\0\0\0\0\0\0\0\0\0\0\0\0\0\0\0\0\0\0\0\0\0\0\0\0\0\0\0\0\0\0\0\0\0\0\0\0\0\0\0\0\0\0\0\0\0\0\0\0\0\0\0\0\0\0\0\0\0\0\0\0\0\0\0\0\0\0\0\0\0\0\0\0\0\0\0\0\0\0\0\0\0\0\0\0\0\0\0\0\0\0\0\0\0\0\0\0\0\0\0\0\0\0\0\0\0\0\0\0\0\0\0\0\0\0\0\0\0\0\0\0\0\0\0\0\0\0\0\0\0\0\0\0\0\0\0\0\0\0\0\0\0\0\0\0\0\0\0\0\0\0\0\0\0\0\0\0\0\0\0\0\0\0\0\0\0\0\0\0\0\0\0\0\0\0\0\0\0\0\0\0\0\0\0\0\0\0\0\0\0\0\0\0\0\0\0\0\0\0\0\0\0\0\0\0\0\0\0\0\0\0\0\0\0\0\0\0\0\0\0\0\0\0\0\0\0\0\0\0\0\0\0\0\0\0\0\0\0\0\0\0\0\0\0\0\0\0\0\0\0\0\0\0\0\0\0\0\0\0\0\0\0\0\0\0\0\0\0\0\0\0\0\0\0\0\0\0\0\0\0\0\0\0\0\0\0\0\0\0\0\0\0\0\0\0\0\0\0\0\0\0\0\0\0\0\0\0\0\0\0\0\0\0\0\0\0\0\0\0\0\0\0\0\0\0\0\0\0\0\0\0\0\0\0\0\0\0\0\0\0\0\0\0\0\0\0\0\0\0\0\0\0\0\0\0\0\0\0\0\0\0\0\0\0\0\0\0\0\0\0\0\0\0\0\0\0\0\0\0\0\0\0\0\0\0\0\0\0\0\0\0\0\0\0\0\0\0\0\0\0\0\0\0\0\0\0\0\0\0\0\0\0\0\0\0\0\0\0\0\0\0\0\0\0\0\0\0\0\0\0\0\0\0\0\0\0\0\0\0\0\0\0\0\0\0\0\0\0\0\0\0\0\0\0\0\0\0\0\0\0\0\0\0\0\0\0\0\0\0\0\0\0\0\0\0\0\0\0\0\0\0\0\0\0\0\0\0\0\0\0\0\0\0\0\0\0\0\0\0\0\0\0\0\0\0\0\0\0\0\0\0\0\0\0\0\0\0\0\0\0\0\0\0\0\0\0\0\0\0\0\0\0\0\0\0\0\0\0\0\0\0\0\0\0\0\0\0\0\0\0\0\0\0\0\0\0\0\0\0\0\0\0\0\0\0\0\0\0\0\0\0\0\0\0\0\0\0\0\0\0\0\0\0\0\0\0\0\0\0\0\0\0\0\0\0\0\0\0\0\0\0\0\0\0\0\0\0\0\0\0\0\0\0\0\0\0\0\0\0\0\0\0\0\0\0\0\0\0\0\0\0\0\0\0\0\0\0\0\0\0\0\0\0\0\0\0\0\0\0\0\0\0\0\0\0\0\0\0\0\0\0\0\0\0\0\0\0\0\0\0\0\0\0\0\0\0\0\0\0\0\0\0\0\0\0\0\0\0\0\0\0\0\0\0\0\0\0\0\0\0\0\0\0\0\0\0\0\0\0\0\0\0\0\0\0\0\0\0\0\0\0\0\0\0\0\0\0\0\0\0\0\0\0\0\0\0\0\0\0\0\0\0\0\0\0\0\0\0\0\0\0\0\0\0\0\0\0\0\0\0\0\0\0\0\0\0\0\0\0\0\0\0\0\0\0\0\0\0\0\0\0\0\0\0\0\0\0\0\0\0\0\0\0\0\0\0\0\0\0\0\0\0\0\0\0\0\0\0\0\0\0\0\0\0\0\0\0\0\0\0\0\0\0\0\0\0\0\0\0\0\0\0\0\0\0\0\0\0\0\0\0\0\0\0\0\0\0\0\0\0\0\0\0\0\0\0\0\0\0\0\0\0\0\0\0\0\0\0\0\0\0\0\0\0\0\0\0\0\0\0\0\0\0\0\0\0\0\0\0\0\0\0\0\0\0\0\0\0\0\0\0\0\0\0\0\0\0\0\0\0\0\0\0\0\0\0\0\0\0\0\0\0\0\0\0\0\0\0\0\0\0\0\0\0\0\0\0\0\0\0\0\0\0\0\0\0\0\0\0\0\0\0\0\0\0\0\0\0\0\0\0\0\0\0\0\0\0\0\0\0\0\0\0\0\0\0\0\0\0\0\0\0\0\0\0\0\0\0\0\0\0\0\0\0\0\0\0\0\0\0\0\0\0\0\0\0\0\0\0\0\0\0\0\0\0\0\0\0\0\0\0\0\0\0\0\0\0\0\0\0\0\0\0\0\0\0\0\0\0\0\0\0\0\0\0\0\0\0\0\0\0\0\0\0\0\0\0\0\0\0\0\0\0\0\0\0\0\0\0\0\0\0\0\0\0\0\0\0\0\0\0\0\0\0\0\0\0\0\0\0\0\0\0\0\0\0\0\0\0\0\0\0\0\0\0\0\0\0\0\0\0\0\0\0\0\0\0\0\0\0\0\0\0\0\0\0\0\0\0\0\0\0\0\0\0\0\0\0\0\0\0\0\0\0\0\0\0\0\0\0\0\0\0\0\0\0\0\0\0\0\0\0\0\0\0\0\0\0\0\0\0\0\0\0\0\0\0\0\0\0\0\0\0\0\0\0\0\0\0\0\0\0\0\0\0\0\0\0\0\0\0\0\0\0\0\0\0\0\0\0\0\0\0\0\0\0\0\0\0 \0\n\0\0\0\0\0\0\0\0\0\0\0\0\0\0\0\0\0\0\0\0\0\0\0\0\0\0\0\0\0\0\0\0 \0\0\0\n\0r\0\0\0(\0\0\0\0\0\0\0\0\0\0\0\0\0\0\0\0\0\0\0\0\0\0\0	\\0\nF@\0\0\0\0\0\0\0\0\0\0\0\0\0\0\0\0\0\0\0\0\0\0\0\0\0\0\0\0\0\0\0\0\0\0\0\0\0\0\0\0:r5&\\/\5W\Z)F\\\\3-o6\\je\r+z&\n\JoFRo\`N\\\\QW\0\Q\ۭKX(QM%F)\L\]cg\\톼\e\]vi\\\fj\\ӥ\\"K	`\)ZG\'6\b/W%\N8)>]N/\\0W\9W\\<AP\[\K\x]ӓuW*R_K1\aӋ\[V\\\\mqu-QJr^qg\\i\-3Q:wtf\0L\\\\\e\j5\9Q~\|-h[\_S`\<e\(\rZ\Z΂\(/Us\I\q-Y.ɋ6<\ݎy\0b\0\0\0\0\0\0\0\0\0\0\0\0\0\0\0NrV9,G>f#̸׳ںΠ\0\\nk\{֜)ܷ)sPE?\ɜb./\{\WH4\r_?5\0۩\ج=\YVIyIůOk^ZܽKs \d\\qc8y[%\Z5qzq#գt{u>\8\ƥ\_\c\ʯ\\\J4*<\0d\Q\ڝ\\d?ZKN+\EEB}!i\\\\[z\ӏV;pWiB\9\;i\}X\b#\TFqGި\\+\#F?\jrĪӇ\'Q\e\Z\&\\Wj\0\t\0\00\0\cn\\'^^p_\\EA_9\\\?\sW\0[\\\q\=\\\	\0\_n\>\	aT%焾da\\qzw\0xW\kޗ\\\\\,F\O\\,w(\OG\=Mb\\\}.\\GB[Զ\\ZwN/|.\'ޜ_܌\'Nir+\\R5\֏zS^\M{\l*iV\'mJ^qt[\4\y{\G1IKOUW\0*ۿA6\:\\l\E|]V\Bjo˚)\|\V\\\\]K}\\\}I7:\(\-\0-\n57ci\rCN}uM5f\\Tg\(8>sY-2VX\0\0\0\0\0\0\0\0\0\0\0\0\0\0\0\0\0\\c_qvv\P\\H\+3\\\\^\\</RZJ0)7\&m\;[\\T\$\]yR\\B\t\%meFL}X$ri\[>fc\\b\\\2i%\\\[Y\^,\0e?<FbHˎNDjR<Y}Ko\"8+)\'=J^^c\W\Q\0\&nT9W\屸\\\r\A\Zթ}\u=-\\rZH\I\"\ȌgV\\\M\\OT:\ʣz2\'_\Z6\\5\\O\QL\\\jN%mVKQ\[Rc\\_\=\\\\\ң:\\B\e#L%	bK\%jv|Xvk݊ܰ\00r@\0\0\0\0\0\0\0\0\0\0\0\0\0\0\0\0\0\0\0\0\0\0\0\0\0\0\0\0\0\\cP\\n\&\\Ooel+\U׮\Jڜ\D\h֚5-\+\r_\\c\j\\~i-:U\׹K/\rg\nфaE($}`lXqf\gqH\2q\JX\̜n\\C\\](aefi\\ƍ\+\?\nA\zJhTJ\\m\\nh\۵*ATȟ|\tguqij#J\\r\0u֬5*qks\nK?U\LԺ\\RH	$\02/\\*\\u*yY\\\ܖ\3\㉇7S{6OT\\\nsJT\r\nchI\zFq\Ā\@\*[\\A\}Vl3\z_Wǽ^\}P\07\0\0\0\0\0 \.X${N\յ|:6\Q\~\03(\\\6<Qݒxr9ͤ\֑Կ^I4=.1嵍iGUb\\\V\\׶}G\\eu[,\>\FۥUi\\v\~=%\'Jԭ\RExEc]Zǖ?/\D#M;Uw^g㏫67ehtyiZ)cę\\_\f\Y˫J\ڂ\*4\\;	/$r\ r\F@\0Jy\\\\\"t\\\m\\KKsʸ\~ضjjTq\#\4\\lz\R_\ԭǍN5\ZU$	0G`x\0|\i\0G\J\?\\0\#\0X=\+(^{I}\"?\\0:\C/S7%@\MqMN\Z\\0ѷ\Vڹt\ZO/WǷ\\Z=\\;l\CTnb\p:uaQ}Ydd>\\F\\PNis9\Q\z\my[]\#g\ڙ\?\1\֝Y7iu:8]\M3V\nc&\\ʽ5,\|\\oonbncއ\IƵXrn/A\Ǥ`VP\F\"\K(ֵ^\Zy(\|=\'e\Eg\=?\\\*j\J2ԧ\\r\0#DնMƽ3l7v=n\\\\%\rϓb\\0\0\0\0\0\0\w\0}l\/k*vR^QY;z&q\4Ey$\Y>m=c\SQU%\(\\\r0ᜟI\-\nm?f8W\j\jXʦ\\dgZ\P\Z!\aau;y\r6t\Zxy\\m\we\\}A\_k~Fu.nN0Yy4WGL-B\,|\\Д(Ļb>T=%t*nv&\Eo6늫wNL9\;\D\a\i}N~\\qxSMaΌ*A\P\\4\\M7WW\~g\1\"\Ĺ\Z9u݊xUwm\\7SsFq}$\G<\kz%e+kjIxMvH/z\Zvu-ڼ,.\0\\\ך~\)\0/h\0\;,{\0\0\0\0\0\0\0\0\0\0\0\0\0\0\0\0\0\0\0\0\0\0\0\0sv\*ѻM:U6|Oi\\ۇYm>L\m/\\\=-\FW|y|3y\X\[\i}S;6V4lh*4)FI$v0f,7i\\333\ev>7TmhJjI\v\ܚv\Ҫ\j5\F57\^\U>#Y\ws\\k\XaŨW.\_\HϽxeBƧӮ}G\u\^׹Z\K:oO)T\\\'շ\p\\\WueR\Z뙳\\̀\rq<\Zcץ%eg\n&͛\iN^QXS\n$87u\'gyNY<:S\ZyK\\Q_\wK\u\r\:}\Kj|\\X\\	\9I>\!\0yV.\K\UI>\*\\ӌ\\JYROENkۣj\nM9ҩ\:lG2LE}1e\\<L*ֽ]\:\i\R\\'Xm\0k-Jh\WT^:\ޭ\Kz\pM\{MFlS^\zob\\\0\ZK\r.tkU![YOm<\\5\nP\5je7\\\r\\\ڑ\\!XhzS\ҥG\\oz/%\ZEJ\\\d\vKZt\\'u5kuR\\3#?p\0G\\[xVi\'-+jTV)҄&Z˟&i\\iq\\\\LW`|+\PjЧ<\Z\\毪ћP7\ \\\'\玓\Zd\_\Zk~{rv7-b\nT -\mN\\\\0F\'jib\8x\4e0\xYs]kwoت4xW7}n.*V럯,\} ~&ם\?#QԽ\'\\Ƭ?8\\0&\K\W\\\m%/\0)jm\WN:~\z\n\e\i>_\\\k\qWQ\\\08\\y\ں/}FpzXuj5\g\0\R\\'/y\\ t<\\t\0O#^K\deJIaJI{\WZM\\\/\\\\=f\R;}v\4[q\'wZrjy{f16\r;{\\/]};f\0)\'-;\kY%R~?\0m\}\'w*\\_\\`.nǽc\\0I\6?cRi[j\\o\%(>ٶ\ol\mQ؛A8~Ѿf\O\g\(\o7~$m\\\N\\'\\py##(\~Fbdl\4ԭuJ.M\'\\\\I7xU9FQfsB0װ\\YQ%j\E\Gd>V&k<\Mָm\qЍ\ZYH\[\6e\';<W]<e\S\lo\v\\\UJJ\\\skV<e\-4VugJ}ۏR9ܜ%O\\\c\\ɫ5m\\\\" zZ\\ΝխHcMt}O7\\LyeJ\\O \0zzw58Y\I7\\:(T\ZT\)ya\\n\ZJ\\]NVW\\`\\'4\[WG\>ݡ\(Bu\z\\͕&\c6լV8\\|f\\qӱ$m\/\quJ҄\WN	JOH8\ugR\I۷3З$\,v\׹_$86)+\u+\Y\0oHgW棣YS\\S1y^\#\kf\\\7U.j\TgK\\\w&Uuou\Z%.봟ܺl)ɹ?6`@ g+ٶ\\l\Fvu\>*o:Iڼo\zW3\\qG6䍽\Egw4%Q\\ㄊxrVt*ƭ)8Tʒxh\[{7TZcV]%}J\n6\\vꕦyV\\\1\Y\gW\-^\k\xK\^\"Qk\\n(W\ZZ|\\'iv02Ls\\gWmv\\sZ\m\K\FZgG\t\]ҍHIc\\76_B\+P>Z|ϑ\f|=\=uXڧ\\Gـ\0\0\0\0\0\0\0\0\0\0\0\0\0\0\0\0\0\0\0\0\0)ʤ\bo\\n4\\[םJ:4dtҽ\Í]l6\v֧\K\,e.ᅓI%\\׶8y\{\d,vg7>t\\\N8j	,6\\V	U.XA9I$S4\\,\(\Y\|\>\2|\"o}rY\0O\D\:\\\\:2\0\0KM\v\E\/\Vҟ\ tA\U\\\Z^5\y5+\Օ:E@|@`\0\084\g\X^񒲾\Cu_N,\'ey9R:5\\Q\\\\0V5iF$,8\%hZF\h˖oa}\$\V<8\)\qSi\Zoԗ\X\MRYGV\\sN5 $|c\\\\\\+\\Z&\\5ڱ\s)&)\\YY5Z\\\襌|!Y\\4}]B=vb>X_-66?N?\_\񵱡gESX\ߕ&=:\\m<\\n8ky\^\U;\\Kp\}N𸼷=\zTcjQ__g\\ZRo\c\U\N-%W+_bd\\!xZ\\\}\\\qZ9\i$\D{\oQ*{:T#9u\\\Nrܧ76[ɂ/\r^\V\\Uy\\c\ ~\jNUg\96\ c\3۰\0\0\0\0\0\0\0\0\0\0\0\0\0\0\0\0\0\0\0\0\0\0\0\0\0\0\0\0\0`\\0cօ\[isQg\\,n}:n\\PyJP_+m\IڮQYSyi9\=>\\z6\I[jT\\Ua\\f\F\\\ՅH>Вk?:\׫BjTJ\rx\\\v7&ظ*Wu+ӎRMcݑ\p{\Zt5Y[\}H}\1軓K\]ƽ?<5/Aȱ\LkRp̚\|H\spޤ%_K8\ynyO%Yv0C\|u7W>\o:\\wmR<\-斯R\,KyRNjKqM~\	;\[MTh?\p2kZ>u\,۟ˡ\\jWp>M{\\MX,~SҴ[\Q\\v,:wRݶ\y\>>\5j79\F1Ym\q\\\\i\nn \IŴⳅ{\\\\\)j5h\Z5X;x\ƥN\~d)9\\M\U&\6ܤ\0F@\0\0\0\09B\Ҍ=k]^C\_8=KͷX&\l\O{͕9hq\0{\\rs\vӏ,%۩?A6\\\\\rBάg\n\I姌\`\n\-]iiWe+$\Q\\\\6\SyE}SMyO\ִV\\rW\n\δT\J2YM3\-K\keKNtjʝH\/\r?+n\H\uk~\\\\\\\\r-\5p\0`\\0\0\0\0\0\0\0\0\0\0\0\0\0\0\0\0\0\0\03%\/|5\^\PU/<g\VN\l\\mT{di-\4)ӊH\jW:of\\/\\>Wuխj\Jo\Y6.\Щ\\\n䤗|v\ZR\)ɷ)<M\\\u9[NT๲\fFP\0fI\7)<$*TjW\Zt\)\]\s\7j7ZŽ{%%)aIϩ?\жZ\j\T\ZU I\<\{QzQJ  -oshh4iit\V3VnMQ\\(\*vt *:\Oö\\\6R;6H\a\~\0BU:2\\ɕs\wi]:Zj-Fm}Wk&6Vtz9NU\wȼ7ɶd\\\yd\U\BTjJ8Ru4jA@\0\\\n6\\\-\nT\zglg^\zmR#Z|I~Ef\\otkɺSQXJ~\0\0a\%WuqBڶw}nxA\\\e8\-\I%ש\n&mm\Zխ\x&Te\.\ԯ;\q\\\hBo.r\%Nػ\x\T\\g99R.M\\\^\\5>km\nm(\\#\Iv!\CW\+έ\\J\rdm\j\r\n],\+S\n\S\\kF?ե$Tkߨ=]Ol\\ZEYB½.^\Phk\0\0\0\0\0\0\0\0\0\0\0\0\0\0\0\0\0\0\0\0\0\0\0\0\0\0\0\0\0\0\0\0\0\0\0\0\0\0\0\0\00?? |}\n\Vӯ\\vq\΅+\m\\%\-{)&\\uF+]\\*\n8u[q\=h;\m\*tޝ\VAM)u(]*\.U\\SI\\L\u\5\.[Tʕ9\j\yFJ}\"=:1\\F\RU\\R^9\|~,\_O[)\yh\\9\K>\\\ܼ\n*FMߟeKs\p\\7GVnQ&XIm\ZΕBP\'YF]VZ\+@e\0\ѴsTceFukTxJ+/\jkV\IrS[\'\;+JW)TmK\\I㇒K\\n4[םV\וYsE\\Бi9k:7v΅\r\",,e\[=\\֐6ԗ\'hu\'YTX\'\<7ں\Z\\\x\W4q\>\rXo\GZw[fKܛ̗*\\e䂵M&FgmRڽ9r\XhkqOZV\\oohZ\\Z4\'Nmc\\\LSL\5\ZWtN)85:W*u\'J$\(Mx\;iB\\\2|>)e\E>$nk~Z[\ou.Z\	a~`\ɉ,q5R\%reb\\\j5j?Z?\\+݂\\\JFKJ-`\Z͋\uz5\ߏ&ng|\\\\\\\0\0\0\0\0\0\0\0\0\0\0\0\0\0\0\0\0\0\0\0߅r\IF*X5\\-\0\\rZ)\0t\ckQ枢\7ܘ2j|L\\0d\XR\\o%{\6\ v=&lR\\\rv\Z\\Wwun%\\O`\=ݼ,[\5Rmž\8~,mvޣ(,\\J/\r@M((ӥEr>b\0\0\0\0u\0&\ٷQJ\)N\\\)UյK;\Վ\'c\~ץ\Z)I,N./\)7\ZH\|NS!4\\\\",4\0\0P+\g\UR\\G{DkZ2qqr5:q\$\k[M\lj]_\\ӧ\nk-9\0.ݼsѶ\ݷcRW7ң\0xOw\u\cv\\\\䜲)4ݒ	FJ\T\\*\2=t\X\\F\-\Ӕ\WrI\'~v\y5}6\*\\'\M\\]>p\d\\S\)Ԟ:\=H5np\'J\Qԝ;\Ⱦw\O\Ė\PFIF)$\焻kF\ʛ\\)ʎ\3N\ӳ\=Q9C\G[BNU%@6mSC\iпzrXi\t\Ӻ\kҵZs\i\Qԩ\ˢ\\\\[\EJhM?)&\0\gR\:5\Z%7\'ǖpy\\[L\z<\(WĽ]L$Ԛk9\oV{\XJyR]\\Ek \0\0\0\0\0\0\0\0\0\0\0\0\0\0\0\0\0\0\0\0\0\0\0\0\0\0\0\0\0\0\0\0\0\0?Z\?\w}\uz>w&\MnGOIF\\\'\\md\\\w\&n#.k\t;A(\)uRo\zMp\0nhM6\Z\ٰSFQ2\RO	\0Xy^t}b\YBe\-o_GB\ևqJڶ>9\X\\\Zy,d\\ϴ=;=J\|和q\)qj{n7zmĨ\]^0y>4FeV)O	?K̿ٚK+\b\\M<\",\'m\mu]7]\nP~h׫\<ĝ\V\U͝h֥.\2O?;\GӦ\r\dq3Zٷ4Ե*r|S}߰/AX\G􏪣Yѹ]\8\a\K\m۫nKސE7\>\\%$$\h\'\\\5\\\μ\|\\0\z:\v7\r\\"\Z)SM>;%r\l\k67N\\/\\\i\[v\\IS\yE \\n\0\0\0l\*\Z4o?xǈ4u[?\k+\r|\R<g\ɢ2wm}Bq\F\du_\;CN\\{\=5)j>\rr=H\b	\\\\e\?q^xa-\RYus|E\!.3\Q֭kr\qc;2v\E(\\0j\0\0\0\0\0\0\0\0\0\0\0\0\0\0\0\0\0\\1U\\\0/\$\J\\-I^?e\\s\0v@S\4Z]?ۉ<W\	=NR_\,\E\}\\\"iuu*g\H~\T\\Y\&	K \0\0\0\0\0\0bKPP\jeF\\$\7Ry\)У>gJ?\~,\"P&\M<4\0Vue\9JO\q\KPz;v\\Z尴+UQ`YGGN\%\ҍ\\\9X]Wo7j\Zh\oi\\]\7kZ\\v\\ZPnig\\2qqq[P&\O)w}zF\\\M\^YG)?\Hܻ\uoo\o1\">\[m퀬\s)6rc2\Ŷwi%*\\k>&ˢ?u\5\K=E<^_\ԁEپ\'R47$ QN)\\\\t\\_iassN\?K>hǵo#V\jp\:\]^KZV(\\z:\k[\](ѕĹ#\p\0\0\0\0\0\0\0\0\0\0\0\0\0\0\0\0\0\0\0\0\0\0\0\0\0\0\0\0\0\0\0\0\0H| \2ޛni\\Q|\%l47\\\zLh\\]ѴJ-ƛ\~/+V\\}-40\\ITOm,\k̎\\%\/7\$\\\0%\JF5\O\DyC\[\8ҸJ}\"\uŝ\uSzO\N?\\OݙO\\0\\\\Tk\\RAg1(M{+\A\\]Nl\\KQ\ʆf\'\N2]\\8~Y\\jѸ\n\t\\<=ޛbs7\T\NI\'Ю\>\Fo(SMV:g\-3z\\\\qbe,?߇TԬ+izͅ\yj\T9\'\\%>>mh\\\\\%b\\E\n\\jZe\.l\JXv\0c\\ާ4]jPuM*uaOT\\LuRy\\0\0\0\rWZ\\fl_Ƚ?\"\:n\n+ZjS~Y/\;*5Ki\\%\\0\0\0\0\0\0\0t跱\tf~|\4GRdIu^_\\y-V	Yq.{\\E\ɀj\)lmK/8?r \0E\%\wK\\p*HCkz\qI׵}|>\\-\A\0ޢ(\0\Z\0\0\0\0\0\0\0\0\0\0\0\0\0\0\0\0\0\0\0\085x\\Z1&خ\\8Ԗ\7,z\S\%O1L\\\4yM60\q\0Lo/*c>\n_\\T\w\rs\\9N\n#\'gRsi(51\gXϣN솟]\\ݨ\\\\{/\\z\Z:SR\^2\\\ZwՎ\)׷\\J5\\\X\0\0\0\0ax#>.q>\fhouVN0\\\\x\f\\ܰ\,N.N^){s\T3*\'\Syo\;\Zίw\\\ZiV^nr\0\0\0\0rRtjƥ98\/) ji+\\Ւ\Qt@\0\0\0\0\0\0\0\0\0\0\0\0\0\0\0\0\0\0\0\0\0\0\0\0\0\0\0\0\0\0\0\0\0\0\0\0\0\0\0\0\0\0\0`\@\0\0\0\0\0\0\0{Ox\CT݅zIjq\\<~\0ܷowj.\\A\_ћz%\\4ѐ\0\0\0\0\0\07\WRz\ޙs\\9К\*\*KW\a!\%NjpfV5-\R\rJ2IO^8%\u}]\g.JS\೏,,d\\Lx\0\0\0\\\y\khF90#N?\\z͕g\\ΚQUToqG}\\u^u,\6\K>X42`;zM\KZq\uj\<x6ҿf\\xK\^9Jlvƚceф01G\\\q\p\\]y`\~\7\\\\;}kʆ\qv;/w\w~!\rS\@\0\0\0\0\0\0\0\0\0\0\0\0\0\0\0\0\0\0\0:\\\V\\0V3<N\*qYh	\iUl&۩Ae\\0C~&j\>\\\\\\kSj%\.-{G3d4\Җ\ޮ\7\Z\K\\E\\Ŏ\\QE97\)]ݵK;ʶ\V\'NN, l=lM]^XR\'E)mv4m\aI6n	Ό\Ǜ=|3k[WoQө\\H\2I&Ȧ[ۋo\4\\]B>ĺ|	#N\y\\e\EN\\:ڿ\W\־\}Dcs*+~/l]/\\N\\\JO^\0n]\}uYNsqO	#\\\Mq\M52e\0\0\0\0\0\0\0\0\0\0\0\0\0\0\0\0\0\0\0\0\0\0\0\0\0\0\0\0\0\0\0\0\0\0\0\0\0\0\0\0\0\0\0\0\0\0\0\0\0\0\0\0\0\0\0\0\0\0\0\0\0\0\0\0\0\0\0\0\0\0\0\\0[K\WnhIƭ\^1h\\\rä\ҵj\\\\Ni:0_K;\\\WVpNJI`i\\&J\&mt\tuJ+\u1׫G(6\xNǊD{\E*o\}ӟz|rzFk:/U\vs>G\ YM˼a+\\k8\\:K\꽍t4\<$]D\wY\Uֵ\rf\׾ug&ߒ\\:d0\0%m	\\ΞR\r\ٷ\r\\XYVԯZ[\JWĺ ٱ\*ڄ]zm{[0K~TVLtFYx+\F\G\P}J}u;\\RWO\hn\-\\5w\b@δ\淛\0\\0\0\0\0\0\0\0\0\0\0\0\0\0\0\0\0\0\0\0l\\-B3T\jKϣ\\k6re[v\/|5͎q\ĭx\ЧVN5g`_?h[\Me8$&s{\r\/^E}Lӊ\0f\'e\\nTۧFG\$\E\c,gV\0OԭgmuN5)M4\%\֚x껂d\\v\qi\'SO\iu\\\\J.2i\5ө0\0\0:y\0\0\0\0\0\0\0\0\0\0\0\0\0\0\0\0\N\\vէ0l;\9}6K\P%_\\X\\td@u\t\M\p_`\\0\0\0\0\0\0\0\0\0\0\0\0\0\0\0\0\0\0\0\0\0\0\0\0\0\0\0\0\0\0\0\0\0\0\0\0\03\0S\\n7#\#R\Ӯ\\\'ԴFkO\\΍ZO)ʛ@\0\0\0\0\0\0\0\0\0\0\0\0\0\0\\\\0\0\0o;\\䢓m%j\\0+\\iҳsK^}\\\n\+[U<K\\\nQ\c\y}:ʝ8ӥM%v_DV!׾ggVY(\m\>\HxU6βu%\.?\̹zz\\\\UM\_ܕF|\ `\Mp6\y\\r-6e\0\8\_\0_`\0\0\0\0\0\0\0\0\0\0\0\0\0\0\0\0\0\0\0\0\0sK\\\\Z+\yrΟ\ٻ\\#U8\el=vF\IJi\H\\\珳E\:dob\\\xY蜏mn{\b\T\\nQox=\>&\&-\\rc+M/L8\\\P\n\R\%$\ >&z?R]So\ҫ\ܭ\\\^E]4\?<5=&G	P$\_]Ͱ\ZB\'\\n\F{֭q]Q	6\BKx,F\\\6\c۳E*u􋉨M\|pkwZUqgZP\0\0\0\0\0\0\0\0\0\0\0\ҊnM\/2O\\u\U\\\\\Y. \7t\\\N\nk\V4\'q^\aղd\~\ZmN\Wv13I\^~eڼ?\v\Z6v=m5\&[~}[6^§(npj\i:\\,\08\\,R>kO(\|w\uiiTa\N֌c䠎}\\FJ\C\\0ivMMd\0\Z0\\FۏћJF\n\\E}\$0gwq\	JW+[\cKM<3V\\\\\QVXjQLxjҶ\(\\\'A&/\\E\U\\\wR\zK-J\tj\x\\'\`P\0\0\0\0\0\0\0\0\0\0\0\0\0\0\0\0\0\0\0\0\0\0\0\0\0\0\0\0\0^p\QZ#ݛ\\6\\Tdԋ\r\lh;>\eFӊS\\\\r[K\\\\\)R\jJ}l{_\ޏ{cEjW|\\]BKZ#ȩ\^\rǭgOh\~Hh\?t\\n\&qYeBYXy\\\\6\ڞ}~h\\0\ \k\0AۋѫDS\W\Tq(\\\\.WBwv]xG	/x^G\\ލ\)SJ \dL//ΩA\|Xkf\>\;\LF\\r9F\re\\%Ы{f\GPm*IK3Is\"0\0\0\0\0\0\0\0\0\0\0\08Y3\c)r`qr\I\/$og^`\MG\f\\g\CI\5Zn+h\r?\\\Z-Rj%ʣwڞמ}z`\ǟU%㶶.\ҰӨSW\\\oϮA\#Ꮳ\	Q\w\rGR\\g\nj-4\?\"}F\nJ8FD\>^@C0\2xۇr\m\nnjus,&b#g[̺uP\zdKU\\"W]OQj5MT~\r\+é\\IJ|\Ym.\5Y|I\<=;\\\;\03z\0\0\0\0\0\0\0\0\0\0\0\0\0\0\0\0\0\0\0\0\0\0\0\0\0\0\\\*WԞv\\rTk(\F+\n\}\/+\׍kz^\'#y\\hGŽ^\i.\rsibqMR{G8\0Xm感GgL\\盽?>r\v\|\P^a\Md\흷}:UMF\5*)\u手Z\(\\U\\J9iF7\\\;]\=pE)sIc-/\0\0\0\0\0\0\0\0\0YK\;k-ۯп\0\i}n\\5͆e~{\Z\\\X\m\mi\8A\\\\\\cJQV1+;hѡ\np]@@\0\0\0\0\0\0x\0\\\\\Djp\~%do\\\\{\~I\Q嗃^\	q_6\@Q?W{FT\׳%2v/\\\kE¥)8\:\0\0\0\0\0\0\0\0\0\0\0\0\0\0\0\0\0\0\0\0\0\0\0\00d_+[S\R\\h\N|\\E\\\.\T\慝,Τs\FҨ\\AB%\pi\Z5aN\\\)SJ)Ac8\0\\0*\0\0\0\0\0\0\0\0\7\\\w+kx\\\t\^\Z\\mf\Z\7l.\\j\5\ZS\\^\!\k-\\mjF5R}ǡ\\\vtRxxyYa\\0\0\0\0\0\0\09Ш\S⤡%,?\:&\ݻr\\\Z=KG \.IvǙP\\$NoGwь\\k]8J-.\0v3m\IJ\D%\GJ:1\#\+\HW	]OX!8Acy+R\O\ת\2E{Sqv\]W\\G\kHl4~}\qߖݵ\\\rz	\p\ε\Yre\=\0(/k\]\\\NU&\5s\O\:F-(\}\\0;x\0\0\0\0\0\0\0\0\0\0\0\0\0\0\0\0\0\0\0\0\0\0\0\0\0\0\0\0\0==\Z\ma\\\'ײ,R\\)Z\Xzv\\թ\\*9^0Ksi\Qn|\0\n\_s\r\c\\׺Z\NJ	6\(W\#rU\۲\\\\˿\\==ŬV׷ޥZnr6\~\'F@\0\0\0\0\0\0\0\0\0vލ[_\VzuVvϴk\ڛN\LN1FSK2x\\\W\0F\vsnJ~\\2\h\Y@\0\0\\J.zN))<$E[\mh2\ZUL	g(\y+5_JZ\\|d{nzLiu\-ZmW\e\#B\N\U\71qR\dY^)\0\0\0bQ\X}+_\a}CpXR)\RUR_[2}=\\0oGr\\68\֦\\\oġͅ]3Z	R(a\0\0\0\0\0\0\0\0\0\0\0\0\0\0\0\0\0\0\0\0\0\0\0\0}-\N\\4i\]%\0\(n-\\.(\KX7%%\-I/\\k8\J\(NHݗcbqX\0\0o[\&3\\wv\ҧ(\j\\$\>=}\QP5s(\i\\^2\A0W;Ҋ.ޟMA\\ͤK\KsxQN\QxҔ_\ n\0\\d\0\05@~\:Z ҂URI66\0\"}::ƟKU\.\^\OkuhU\r~Zn:״H\\0\0\0\0\0\0\0\0	\8\0\=\\\[n:=\IJ\\&\VS_5G\C8w+m=\c\nQF^\F\(jezpWTpP\]\svW\wb\\J۶\o°\\rSV\*\\.j9\n.*o\\KŽYjt\\\\+eI\\#sK[O/\\\\q\֭\\0\06 \0\0\0\0\0\0\0\0\0\0\0\0\0\0\0\0\0\0\0\0\0\0\0\0\0\0\0\0\0\\tJޔܤ\\\t\n\\\Z\E!\\\0鎝p:\j\\,\.hZe=\'F*pI=/!u\p+\rZmo2KW#w\oᷭ~\۪\k\X]߸(sVxT\\\QMɪ\\%Q*.=<?<\0\"\0\0\0\0\0\0\0\\*\\c\'oI\\ԒS;~\\\Z-[7S̐\7oZ\\oXЊ\cF=\\0\08ԜiӔ\\\5N#\v.x\XP]q\ˋWzд[RFO\Μ\r\{~,TZs\m\\qZwZ7\\|㰸l^k[Rrxi?\"\\\r\Ct\kZ\K暓I}~|GїtO\D)J^7۬ \\d\0\0I{2SN<\գq\\\yQ\>]#e\+.\k\Ea\U#,.\\"·\0\0\0\0\0\0\0\0\0\0\0\0\0\0\0\0\0\0\0\0\0\0-ǣݎ\\-{\\&yy\fiKG\\˗\rs	{˰\0@\0q\Z|t:^q,\;\OSmR\"\D8jn\w}<$S}\\\u;\V\w7+՛mɷ\\\0\0t]wQ\u\nwz}\Z \\$\xy\<\\\a4ZvU\*Pnq\t\͒yH8%KA\eFߪ	ӚOÕ\v\\\K\d@\0\0\ziч$+\'N_ԂKc\/ae_\B^\\J\\\0\0\0\0\0\0\0\0\0\0-\\\QO//+\\WManKv\\QR8\se5:}\;>\&\ZSXy\vŮo]\)ʚ\NN\\u`\U$(2\U\Z\i\~uR^d0ۧv\\\rs\0\0\0\0\0\0\0\0\0\0\0\0\0\0\0\0\0\0\0\0\0\0\0\0\0\0\0\0\0\039\F+2o,\\cmx\q\2\S\w0\a8cɲ\\\T-\ӊR9gIFϵpG\/쌾\^\\\\εyF#`\\\0\1]->\@8\^S\\\\\\k\F孹\\Y\q9R\T\rP\0\0\0\0\0\0\0\0\0\0=-\c̲\C\=}Z475\4\e\0\>m6\\0\GvJ\\0\0#^:\r\v\+yg\\Q\\Z\\,dJK\\vo\k\\\mn`\զ\\X:\0\0	\\负*\\$Ckh}\Z\\9/G-vrO\0\0\0\0\\d[\Ь\\A~\.B\ߙb\\\Ǧ?R,*\0\0\0\0\0\0\0\0\0\0\0\0\0\0\0\0\0\0\0\0\0;ZdUMR\2Y\'\Nt\t*q\K\ZO\ԋOН*jo%\N?%\\0\0Bs\\\\q\nT\\JU)KGx\w\\Ҝ(VJpmto	\0\0\0\\p=\e\Z>i:)\E3\.ڞċj\'omNu%,<v\0]\0\0\0E\}pһTg<v\)q \N\ru5ħXd\0\0\0\0\0\0\0\0\0Mw@d=\-ǵ>ZV\\N\\w\M\\\Hƕ-\拍	\򤲙RYd{ōN(G\SY{\\nGKS{ԣQe5duf,󯞹c\*\\C]zvuk9y\x{;\\r\0\\0\0\0\0\0\0\0\0\0\0\0\0\0\0\0\0\0\0\0\0\0\0\0\0\0\0\PrJYri <{n\ri1\\j&2_χ\K\AFud\y5\C\zڽ\r\nlrt%X\'[W\5\)U_+_>\j)>\P\0\0\0\0\0\0\0\0\0\0\U\Z\Z/\'wfjT\\Zu\\\I.·D>{k.63糊X~\K%\\0\0J)Ŭe3 <z5\8\I}e\\\֭yQM\qxiRz5j{sr\_K\詾\\@P\\\\\\@Y:nQHp;k\\#VvR/+_\\n®]oMR5o3BƗ,\\ou\\hzM\i\J8pvmm(ZRT\V\0\0\0\0\0V_J\rb7fNK4eQ\/t\Z,\I(E(\u\\\D\\Ө\EU\ODXi@\0\0\0\0\0\0\0\0\0\0\0\0\0\0\0\0\0\0\0\0\0\0T\*\'\^\1\6E9C{`d\j\OѧQI\\o?%`d@\0d\8\k=bo\]Ћt\s\o\\]ö֡;K\\\O)\:\\\wYQ\č/Gss*t\yT \0\ôvv8ZYSxm)K\eyZM+\l\\S\a\k$oi\r\ҡ\A,\r\\h[Pī~][xmw~(\\.\@\0\0\0a\\r\?Yiԛ\o\E=yW*`\"\'#&@\0\0\0\0\0\0\0\0\0\0\0vt\\_nԗ2lU\[H\]Kh?6?\2ѳs\-s\fڔRS\\\'!ZO\7I\Y_\h\\\r9V\_Ks:sϳ\Ax5\Ժ^|ǰ\08\\\0\0\0\0\0\0\0\0\0\0\0\0\0\0\0\0\0\0\0\0\0\0\0\0\0\0z{r\\ے\\\\\<\qᅇ\7}ߪ{{\gֈq7r\,VO(\K\n8;&\"=;3\/z	ͼ(\3\-E//NxA?\O\\UM\'Fhu}\J\!\0\0\0\0\0\0\0\0\0\0\0\0\0J\\\Jҽǫj\\ˉJ:\R%\f\\;WnhT%8\\s87hngoVqu\n|2\.\*JJ\2\0\0\0\0\0\0\0\0\0\0\0\\V\T))6\Z/w-%Ѽ\Z=pܤ\5\swVI9N~/$\\ ,Jo%K>jQ\\,J_[\\\0\0\0\0\0 c\eSE0\>\\+zًgGgnz\{r\lR\j{wQ|\	~\:9/\\r@\\c\<x*3\Rk7\0/\\rT^\\r\Z	/Эu\m\5l0I[փjT3]\\0\\0\0\0\0\0w}Mi^4\\g\KK?L	$?E\)\\\ӯJjt\\N2]k>3%GqiKɥwkIB_ڌc&eج@\0\0\0\0\0\0\0\0\0\0\0Yߛ\k\K\굕*j^\\\\\ԍ(\riF+-\O\;*Ŧĳ\\ 꺍K\r\ygX(\0\0\0\0\0\0\0\0\0\0\0\J\\\\\Z\\uy(\\\k=Ԗ?\w~tʡ^-`K\\\\i/)\ƴT\X\eyAǙ_yZn\:\צR9vkf\n\s\Sk	ʹp6\\\\\l\^\\0\0\0\0\0\0\0\0\0\0\0\0\0\0\0\0\0\0\0\0\0\0\0\0\0\0W\Փj\~?xCf\Ju\\֯9\ZPezVϲDFN0yL\m`}\"5UaÙ\\\\OU\\"3\{X\\02+C \0\0\0\0\0\0\0\0\0\0\0\0\0	\\ݷ;;r\\Tr\\\95{;wX\\r\Z\i\\\l+(\x\mJq/\iԥ\cǧC}hOm>\3ʹ٧&8\0 \0\0\0\0\0\0Z\nnuf\\9(GM$Y_8\ŘZӫ\)NkjFK\\}x\vmt\t\\I7<Zo.\\]Ը*j>iI,C\ܤ\m开9зsQSJUf\"ok;qbtР\۩\\\0\l\\\ח\QUȳWѷI\\4畜{Q(\\?\\Z!\"\iu*77N\\QOƶc蹩UzFߧh\\\\Y\ӄQIv\9`yCz/ٰ\|\K\nPϷ\\\1\PyYf݌գYЂ(A%\>\8WQVI{\\\SĦ˕{\HNjI8\\ㄭh˽8˾ۺnJє}\rOW\\գ\'R\J\%R]?@@@\ǣu\O\\',\0hzϣ^籧*wP/e\AyPm_bk-YF\Ow`\~*\R\rxI4~\i\ս:ԥ\\K(\7vͥ\\m?E(\H?nF\xʶ:ucnr\?5폯\\4\^9\+\Zi07\\׭;\\\}\tu췾ߧqEu\jSY\EMdomGe\\\Z1RYR]S^`\}l.&h\M\\T.R\\\n\R\0\0\0\0\0\0\0\07}!,\o\\Ӵk[Ppn)5\\1Ʈ-ZhZ]ޅd\K\t\\E~^M>j\ʥIsN]\\\uKgT^\u+\\r~l鑓 \0\0\0\0\0\0\0\0\0\0\0\0\0:t\)\tqxA[:w\\ʅ5	<7f\\ϼ:u\"\roEIqr@[t7cPW\D\\hĭnR\~)}F\~\G\8D`P\0\0\0\0\0\0\0\0\0\0\0\0\0\0\0\0\0\0\0\0\0\0\0\0\kmV\\4h\ʣ\\ٍ+2\J\**T\\9tI.\\v3\\A\}[ɯ\nQ\]\KE4{tD(D\rꗞu\M8C(>\OZ)\k<r\VTHE\\">l*x^lͿߴxV]q<u\5\-&\XNX\G\+\)ˤ\uȫ8W\\=k}eI/Y\ؿC\mW\une\GIqYR_PaMaQ=G/ض?\!\|j|zc7E:p%	\6\GJѲ&`߱~\,٬~Gm\ʫ\w]\\\ox>\\[xcl\䯳O \\0 \0\0\0\0zs\f7zmǪ\e><\\,\ж\\Z\0j\JkZ]ҭ	vqg\p5Ϳ(+ZjIt&\^eT\ڮ\rB\\\}6\06o:΅V1]\7\_S\G~\'ʿԄWVo˞ L8N)\\rb[^5oJ\ZP\\L\]w\'.\n\Օ*$\\\<I\\^\s\h-\	g\V}\\rsuZZVjYN+$cuys{[\\W^~u$\|H39ʤܥ\')I\`\Ju \DM\\\ַN\\\\J9mu\0\lnv+MJlv\0=z:\*֖M\\>\\0`o-hF֕z\Y\\9\<\G$$xMi\\\UkC\0Qgow\\\|\\0\0\0\0T[m$O;\\\l\r2W\\:Q\~+G J\l(J^x?j\\<C\\r隍ϯ\R\orMN\r\n>q\\\P\kח.&jI\\'[ċ\L\\Ƶ|\0V	hjqCv֛<\\N+\j@\rO\R\D\\qyYIr\1S\h	D\VӍ+{Y\\\\\p\Hv޿wt$\Z)YM<e\襥\%Rڽ:}S;OĢ7:мJw5hG9ԓXd8\敽\J\\׫&\pA$d \0\0t=J\[¬%\+\\!\\\uU\?V1VRx\\8[g\l+N>\\\ߑzťn\*u`\08\\\$\dk\\\G\7[V\HKܹc\\{J߻6Vo\o[\1]c<<?k\-\nlk:U\"\]\\HS\\ZRRU_^8\V\0~\;J\ma^\hMt\\~~}hW\n#V\⚇h*QdI\roLa{k\\\\ʜ- }7\sH\\NHW\qO\|OI\r7To˞&zP\\O\Z\\\\ɃrV[I{Y\=\\Jnu:qʂ3o\*\\\\\\\\AJS}RI#k\FQ*5k\_כ\E\0qZvZ4Ҵ\Njo\ZVU*I\Ryr~g\0\0\0\0\0\0\0\ `\	Tx\oņؾYk>\ckE|u\1Wd\\M8ʵdߊ\Q\\Z}(\Ù\q\H\\\\\\\\9eI|	F:%X0\#?l\C\\r\E5\`\'Uۚ}TתI(θ\v\:Ө\bT=7Oh~\\ov\r/Y$xU\\M¬_޶-&}L\Z\\'\E\CW\\\$^o1EE1\> \\\0YNĹ\}I\h|TF٩]G.?3{\}N\+\:\Np\\czVa\\\*\r\0}pRwN\\X\/vh<M5\4%\Zx\Ls\\0\\\0\0\0\0\0\0\0\0\0\0\0\0\0\0\0\0\0\0\0\0\\\ޭ\zth\S\\\;l\r\nҮ\\O\v]Oѣ\ғ\\\e\k\b+\l<Guuy\3}\\\\1שOO^\'9\\5\ӹ4K\5*\PQO/.>_y\\n#[\Q=HVjYI甄]fWkқo\'\\\Oh\/d\\0ɛڿֿ`P־\Js\zt\SB	/q\\䵼Z\\0\0`\0\0\0¥(U,ऽ\\&\"ckӷ\n*j\ZM֝Yµ6]*k{\N\N-S\]wt;16\\o\`\v\m?J^\ƿM-a\6u\_\\$\0\\\0\0\0\0\0\0\0`a\0`\0\\\\6k:K2itK\l>ឭ5(F\Z\4Uza-\\\\KNJ.%VI9K9h\\1\]ۅ\b\y]#\[ҷѧ\Zp\QXH\\0\0\0\0\0\0u5-F\Kӫ\\MB9ɷ\%\\"/Hv\t\\+Ό\	d\\F\;y˧Y1O:g\Gpm\\d\0\0\0\0\0\0\0\0\\5;&ݥYRNJIut87Ĉ\\\\Z~6V^DR\\:\J\\]\%\O)@@\0\0\0\0u\->m\n\~\'0Q\W\0\r\"\w\>jԤ\u;jm\Jh:u (\a~NjBQyBR\]BZI[^e\pV\'| \\%K;yЭM\,Ec\=}\\0\0\0\0\0\0\0\0\0\0ByS\9\k6&Smn\\*U=\kB\F\\9T\He#]=\=3\\6\Ѱ\m,)\ӗ;\atIfg˹\Ï\r{q\\0\0\0\\0qպ\\)J5iE\w\a\\\\x\f\Ж\Bާ-*U\\1$˅ewF\jQ\niuρT;<\۵79e7ZݬrKnk:So[\\Z3\\we\nbܖ\\s\v=\\\\&&9E-\KG\\\\Q*R\ \!\:=ij6p涩&䢾\o\'~Si5\Z\\	Ů\|㌑\a\zMh>aTc&Ӿ6]T䄕If\賞\Z{Vk<K\5\cd\>\\0_p\0\0\0\0\0\0\0\0\0\0\0\0\0\0\0\0\0DߗSo\\Qko\eP?#TFU\)҂\䢗,n\Vma(%ZtԦz|}\\\\M~+?\͎ڌm\F#\+\ž\\33̲\#\\"o\v\ӭ^nkC\xG\w\襷tI\-ןHE/_U\oj\\V^^<\n\\<GB\?3hϖ?L/z*%\9\g\Y\\\\0\0\0\0\0\0\0\0\0\0\0)Ƭ$On-\;-ʔo&H\\\4%JT/,}ө~3\4\ֱryGm\hs.φ2N;Ǽ\0\'\\0\0\0\0\0\0\0.;D¾\o-J\\\:z4\4\}\8Z\!uR\nA\Rk\\\\\U[XZҍ:T R]9|\oi\\z0XI\03\\0\0\0\0\0\0\0\0\"\j\Z+3\rKSS\u\N%XW\6u\\޺)Sm\'Yʔ\}R42\0\0\0\0\0\0\0\0\0>*\\\(NQH	:\rMs|\E>J0\%ꥄp3`\\bw˧vn)<%x%\0\0\0\0\0\0v2\0x½/|\\kZcuT3\\\S\÷\6ޫ;\8\/G\\~\-t#\(\\}i.T\ӧJ/xKf\AyR`zZ\}u:\:mti\\r\0q\Y\0\0\0\0\0\0\0\0\0\M3JTP\o\Zzu˯\M]\A9g\\\M~\ngкLR1=\\08.\\0\0\0\0\0\0\0\0\0\0\0\06\\Z.(\TAn\u*\,.n\b^\\u6\N3I%$|\\k=\\\I\??\\+a{KwK\'\\\1-wx\\[Dm%\\_^ul/goW\nPxŬ-\Ͷ\^\\\S\\\$wQ\\\\\\y~Z\>x\0\=\0\0\0\0\0\0\0\0\0\0\0\0\0\0\0\0\0$\Iwsᖈ\\R5;d,|\F*R\QpEZ~;ɦׄs\soN\<\|\\\xO\x\ӕIF\'܏\'\з׭.%\^ݱ\Wm\\_$\;֜\F1\\\r-\\<\Z\R\\0>\0\0\0\0\0\0\0\0\0\0\0\0\0#\ִ\_\\"✔[Ljӕ*5E\_}V\0w\\\V;\[˧KF\cǖt_\0 \0\0\0\\ͅon4mh\V\\\jcѵ\\<\rG׵}:\ZQ\\-{p]^lmOUR\O$MC\4VTaJ\_#\@\0\0\0\0\0\0\0\0\0\0\0\V\0H\v·\bvL$Nkk:p\\Cl\\4F\tkS\\\?B\Z\\#%pL\t\']\Vױ#8B/	\9\\\ER&f)\_\Ԅ2\f\I/^\V@\0\0\0\0>֗+j3Qr\\7\%\Xp\z[Z:P\nu#on:t\v8Of\Q\w.%yB-7\\b\\\\S\Zt(\a/S\1QXDr\0 \0\0\0\0\0\0\0\0\0\0a\0Dg\-᡻t\\g\5\B\9RFn\Z%()\'~\iF\\!6\\'*\\\t]z{»\^@\0\0\0\0\0\0`6ޛCS5(ߗ\y$2kM\ڑϓ\\F\\=\^:qN0\b@\Z/ODDD\02\0\0\0\0\0\0\0\0\0\0\0\0\0\08K=}\ne\l\T\	c%H_C\j\\mf;_CQ\(\\ŪO(\kd\l\\:?/\\=\>\ҩ\MjIw\g*c\\)y\h|¨_\N\\ӥ7ǃnQ\\0f\GY,F_\\ \\\L=S<l`X\0>nP\0\0\0\0\0\0\0\0\0\0\0\0\0\0vt\\T\ub\3v٧%	篹V9g\'\\k!a{EgѣbC\I.t2o\"85{M\6I%#[z\n8\\+]&\q\\JY,wVURRrnO8{v\\"\\}~\?og\\0k]\0\0\0\0\0\0\0\0\0\0\0\0\0\0\0\0<]\e*OZh\5V\Pi<:[b\\m1\r\\\Z~\0\R\iHa\\\Y\0\0\0\\r`\\\\kB*Q˔\7ms\wE\Te)J4(\\\\o\\0K8QXYo/=\"\0\0\0\0\0\0\0\0\0\0\0\0\0\0I\0smM/tZzF:R\?b+p\4\ZGsK9Ӓi<蟰&%ӊy\n\vWJ\⏫xr7dr\\=Sih:\%&\㛿=$\J\0&\hiɓ)\oZ檧B\MYr)peSӣ,x9\͏J\\\%m\*\7I7\\\\<%O\e,9V4,_5\zʾ\\'SոHm\\SPF#SIaxx\0\0\0\0\0\0\0\0\0\0\0\0\0\0\0\\:scV)Ƽ:K+;Kf\\\\\I:&\NJ-,3K.?v\r\r͵k_RZ\M\rJ-\]\Z#(\0\0\0\0\00wJw:>SWd4]j\5*\).\Zݫsn\~\y\?\\0\0\0\0\0\0\0\0\0\0\0\0\0\0\0\0\d\\]m\h\m\ˑuCtyIU򽫷\r5\\vk\m;O޾̵Pn\e\[SHxeM\吢\Y ثͧ]8r8WZ^\W^/\\}7o\?\,\0#\0\0\0\0\0\0\0\0\0\0\0\0\0\0\{u[te\0A\4BH\\%-nO\	l1\\\\\\\?\9%\dĖQy$k\\\\R\N?\H%\}_Sdf\\k6\D=\\^\\\08n\\0\0\0\0\0\0\0\0\0\0\0\0\0\0\0\0\F\\\o\07ZKW<H\\9\\\?\0>\0oّ\R4\	<\\&W\r&Ʀ[Z\Yu*(^\tzz&ֱ\4\'\qY	/l\0T\0\0\0\0\0\0\0\0\0\0\0\0\0\0\0\0\0\0\0\0\0\0\0\0\0\0\0\0\0\0\0\0\0\0\0\0\0\0\0\0\0\0|B\\tj,\i\=\}\\\#*RJQoe\/+Y\0zL\\\\Z%UM `(\0\07}I+jq\ͰֶO\/\6SOy\/V\\\\\0\\\0\0\0\0\0\0\0\0\0\0\0\0\0\0\0\0ǰ\]\i\5֍p\0\\0?kC^\\+AG5\\%\9Ǎ\K\\74\\W\)\\\h\\\[\*\\0\_\%\}-3ے`w@\0\0\0\0\0\0\0\0\0\0\0\0\0$n\\\j\\V\HM\7*\I\\\#\\k:{GX\ȗcrIiMmI\0a\_\HfҶq\Z3I56Fۏ\/L_{W,\0\0\0\0\0\0\0\0\0\0\0\0\0\0\0\0\0\0\!nk3K\W\\U\\\GnVAx\\? \08@\0	/Z FJ*P\N%\I(+gޖ{j\\%O/Yg\YE\$\0\0\0\0\0\0\0\0\0\0\0\0\0\0\0\0\0\0\0\0\0\0\0\0\0\0\0\0\0\0\0\0\0\0\0\0\0\0\0\0\0\0jC\alyF-\,m\B_f%+{\\d\RQǹ#b\\\7֫o\\\Tqϗ35\2\0\0\0\0o%\^<\\j;h֥\q\\WZ-\0ŷ\0\0\0\0\0\0\0\0\0\0\0\0\0\0\0\0ci^D?\Gl=V䒟g\r\M{\1\G\xKX\0k{e\\Կ\K\eܵ\\rsS=\X\.\\\fs\;ץb{2Y\0t\0\0\0\0\0\0\0\0\0\0\0\0\0\0{eݻM\drʦ}ǂ}\k;}Bh\L<O/|I\L\j\Z5\n\l;Ȟc޳KMg\\_QW6\˴\\?U\*Ӓi>cĵҎS^\r`8\\\qJyR^k\0S^c\1L\?\0\Z\0ֽ\0\0\0\0\0\0\0\0\0\0\0\0\0\0\0\0>7uUYM#\k\r֩ӧcuM\\l4;\Y\Ah\\t\\\0@~\^\-e\6u\V\\\U\4\mO\|\\\$\0\0\0\0\0\0\0\0\0\0\0\0\0\0\0\0\0\0\0\0\0\0\0\0\0\0\0\0\0\0\0\0\0\0\0\0\0\0\0\0\0\0\0\0\2\Z\Îz\%\Y~22&\I{W\r\\J8\\\0\00d\ەGS6\0^>̛\0i2U\Еh\U\Qvɭگ\\>؋`3\@\v\0\0\0\0\0\0\0\0\0\0\0\0\0\0\0?t\0_j\4ڥO\Ў1ᆄݹN太\\E9ay6ru\١\N՟6nA6\.jIԫ\s\/\\O3o\\xͩ\\ج\O)\0\"5{V\\0\9\\wO\@\v@\0\0\0\0\0\0\0\0\0\0\0\0\0\0{o\4\RgB\Dr\lχ\\M\\'SiIu\oUVNiǙc\m\\Na׵~\\#\\\qnK]\Rj^:t>u`E\X\\}^蚴k\*QpXi\\r\jRb\\nӔp[\jۉzz\bJO\0`\\0\0\0\0\0\0\0\0\0\0\0\0\0\00䢛}nA^\N1aOߓm\ZtE5\&K?\̎%\'99I徭\\\.\M\֤\ \ \0\\\pc\0ۋ\Ȑb1\U۸\|e\"N+\0\0\0\0\0\0\0\0\0\0\0\0\0\0\0\0\0\0\0\0\>-`\^)\,\O\+\\M*)8\\jRT\s.\\\U\ĭû{ۧBW\\@C\\\VlsjƢ\R\~uCR%(\\Mi\\{\WZ~q(K2\w\r\\)j6cRLg\0\0\0\0\0\0\0\0\0\0\0\0\0\0\0\0\0\0\0\r\\n\6\\*}?\dLN \1TiR\Ϗ+!2\0\0\0$u(\XƄ\,%=;Rieêkl}mF\\lE\J\0[օ\ԄR^=\u^\"\ \0\0\0\0\0\0\0\0\0\0\0\0\0\.RQIt	/ckhu\ni\T^Ѵoi\G\]\\?Ia4\HqXm]l}\~\3\\05M\\|\.\\S\k\\[T䔦V^<ɵc+fRe\nqW*\59\\n+\ԙKҹZj\|\%\\i\\k>\\0\0\0\0\0\0\0\0\0\0\0\0\0\0\0\0(I\jI᧔\\=\\r_m\۹f\nj2|\l{3sT\z\k\\\\\}d\i:·\k_=\eSc\\u\n\Z;y\};ie\嶬\\Y\n[Eg,)?,uO]u\\A\\Z\\G\\5ӱ?@\\\k\V#\nף8{\\=ΥO\n\\\\&ccW11\/I\xVy\0f\0\0\0\0\0\0\0\0\0\0]Bi*_Չ\\Vb\]\*\f\D\a\7~\/T\\\\?|C\js\\ZYQ\\"\\`\\b\<\.Ke\ \0\0\0=\-g>6弚\\ȜWbz.jц\)\y$e]1\0P\0\0\0\0\0\0\0\0\0\0\0\0\0\0\0\05\\m\rwU\iFo\>\\]-mVJjEvm9&-w\r\\\\ڥy\Ք\oû<@\0\0\0x!Ī\_\\\\\R\-V\<\phՍjp	sFQRO\~r\ם\:\\\:rRM{K\ڷF̷s\^ޜ!,\0E @\0\0\0\0\0\0\0\0\0\0\0\0\0\0\0\0p\+\ˢNS&\\oԖ\KԚ~\\dGڛ\S\rU+\\\\0\0\0\0\0m;[^VY\m\O\#xO+$?8II6\wۻZ_GS]8g꫻t.-x6a4\yMg&NǸ\0\n\0\0\0\0\0\0\0\0\0\0vUMj	+jRM\'͌\-VʎkkZJN\\\0B\\[k}\[S!(\'\c\k\\\\s\\ZN3ztT\IxOa5#fɟ)\\Ԃx+\ZM\r),d\\r\GAѪӅD\,F)^\uT\U\\pvaܽ9\\m9>\\0\\\0\n\0\0\0\0\0\0\0\0\0\0\0\0\0\0\0\0\\\0\-q\\֩=Ӌ\Q/G<$-^mF\\\.LV\r\\^]שJn\)2\Z\շu̓G7\\-\\\\2yߏ\r\Z5R\u˝2ky\\k$\5\Z\'|e\$VC\msV֢)\\˂/\\:gY˧=]\)EF\2ZjV\V/\̲k\\Ե\\-\vŲ\0\0\09\0:zՏOeb&|0Jc\\\\rKW\iI΢\\TMkT\S+X%ɳUsUԨ\\ŭ3\gW\Ǌ;5\5mv\T\~	t<\6Xq5\oy\0O\0\0\0\0\0|\=o>uW\,g\ӨS\\I)&~u\\\J\\^9|{}Gp\\Ӓ	-\0T\0\0\0\0\0\0\0\0\0\0\0\0\0\0\0\0|\\S)K=Juz\\n*\/\M.̼\\\kwY׼Y\0NM\0\0\0\0,\'\\7d,UI\/ޑ^\/ZӸn\?y\xY8\)\0\0\0\0\0\0\0\0\0\0\0\0\0\0\0\0JⶼyZ3eZ\\n\gt?]iі\ZNU\*V\שQ,\`\\0\0\0\0\0\038bf=\h;*F\\K]ΕXWS_f\iӏbp\Ž\\]7\F<J ״\\mwƾ)\\=zXVY%?\y8\\\G8\\\00r@\0P\0\0Vd\W\\'P\Vv*IN5&#$̫Yfϋsxzͨ\\H\\\HzYT}O껞\PnJ<-}\v-n=\\G\=\8\߶\k-^\Yh\9e\\7IٺeVG\PL/7	ní:Y1\NtDG:m\6Ov8UmE\3H\\\\Տ\5.\\\j{U\iRO\\\Z[\irs\\zo+k\0ɱ\0\0\0\0\0\0\0\0\0\0\0\0\0\0\0\0\0\0\0\7gH\\0\ZQ\\*.\}\\Zh*ud_\"A]\\n~ܓ\Q\t3\I<z+\'\r.ag\<x3\\Bx ҸF\\\\J/\ϐ\'e[Mg-\}k\U3۶\\0Nي4\'\\)o0\`\x=d㦾>o\:Ƀ\s\ԛqd=\Ee:\s8Өᘦi&\Z\\\\\\\=\\\}s\q^ŃȫqZ\J~m\'޴|CQo6y\%CL8\0\0\0\0\0\0\0\0\0ѯxr_\\.*\A\]\E}=m\\m\m\Ot\\k6\2\5핸\nk\օX\1d\\\\J\\0\0\0\0\0\0\0\0\0\0\0\0\0\0\0^lKW\0Ċ(\/Wa)\KT\\Ei\0\0\0l\xP\c\jjf\\kh\o\1I㖪}\0?\>·J_\_\0\0\0\0\0\0\0\0\0\0\0\0\0\0\0\0}\jw\t\:\y8ӣ95\Q-\\\sT*M({a= t&z\W=\0*0FP\0\0\0\0\0\0\0\0\0\0\0m>;ݤuZiye0I/2_I\\o+J1\\zw\uShFO\f\\\\\\ܤUƳvi\0t|&\\\rM\E>XՓ\O6\zMx\+P_2zG\\\׷2G\~\J\\\֭%$\Д\'6ߴ\dEb<4\3_,y\`\'ɂ\z=\36\<&E7-W\6̭mṲ)\ĖLeb\mˮB\\\0\F\\Ƌoe\'\\\t\lG;\P\0v\\0\0\0\0\0\0\0\0\0\0\0\0\0\0\0\0\0\0*Q\\%\\Za\×3\0y\xJ\\^ҏl\'\]\#\<sr\\d*/\\w\待(\\Ҹy\SW\d\B;\0\0\0\0\0\0\0\0\0\0\0\0\0\0\0\0\0\0\0\0\0\0\0\0\0NޏD\m^I})Im|KJ$\\\곺cyJ\\*җ4d\W;k*w\\P唖f{2	\\\0\0\0\0\0\0\0\0\0\0\0\0\0\05\j\6\\$\0W\\\ԧ\ų^\.QŮ\\0\:]M\'vj#\\ZxXkX\0\0\0!pWO\䒗\G$\\ɢ;\y\*T{v\\QMr/$\\2\0\0\0\0\0\0\0\0\0\0\0\0\0\0\0f⡶v\ީYQq\f{ӡFU*\B1\\Sx\\ǹ5I\v2\\,Iy}\ao}\qMާY\\G-k~\0\0\0\0\0\0\0\0\0\0\0\0\0\0\0\0\0\0\0\0\0\0\0\0b\[Z<\2\\2/]\V\8\~\\\Y3\$\\qv\\\*9\'IbC\\Ėd+ێ.oM_Vk\0q\0\0\0\0\0\0\0\0\0\0\0\0\0\0\0\0\0\0;:uqЧ\3{&\^n\Z-e>gFTm>\0\߈XRXI\\N<\$}i^S?ed<Ev\+ssfXϸ\Y\\\\\\rWƷyVO.UL\0\0\0\0\0\0\0\0\0\0\0\0\0\0\0\0\0\0\0\0\0\0\0\0\0=5=\MBie.u\x\\0[{i\\Csks\n8:\̓k6Qo\Gb\J\\k\T«	EKg>-csv~\\\~\P	N5)\Mf/dߊ+l .\0\0\0\0\0\0\0\0\0\0\0\0\0*_N\zV\z\Z<nrWL\Re4(m\n{\d]\7]bt\xyYϛiU]b\OVޤ\]\\0\0ʜ%RaIsx=WC\W&N(<\'\wtZ\Tf\UN\x\\\\\.͕+;JV\V)҂}\ ;\0\0\0\0\0\0\0\0\0\0\0\0\0\0K6\؛QYo	\\r7GRZ\X\\\q׋?@Z&|\sSڔ\)>ݽeZ\y֫7:\w;ʵg\0\0\0\0\0\0\0\0\0\0\0\0\0\0\0\0\0\0\0\0\0\0\0\0\0\0\0/]\ϖ\O4a\WA\\Zm|\Tz^\0QyY	;y9P\\\}\X]\l\\6\yXe=f^qhW\0EK\\GwKd9(\\0\0\0\0\0\0\0\0\0\0\0\0\0\0\0\0\0\o|\'w;\]}Lh3oJVuTU^\\Kֳ-;\\}9GW)aCJ\\ӸgWr\,\n7Z~\g\IĶ~:\?D\i\U1ׯI~J#(\0@\0\0\0\0\0\0\0\0\0\0\0\0\0\0\0\0\0\0\0\0\0\0\0\0\0k\{ekt.>z*K\A?\\|6FҷΕrԎ9\\6ܟ;wrj;gSy\ԥ(\Iɬᧇeî5h۾-.j}B1̢\u\N1)$\fd \0\0\0\0\0\0\0\0\0\0`\0x\n_\\Ҥz\\x&UWFѯgk{o*u)}:|O\6x\\uōGL_/\꺼#n\<;\wJ\֋&IIty\n\nvm\n\6\0ç\e\i\#F\ڕ\nk, \\]iv=6\s>g9I\\\0\0\0\0\0\0\0\0\0\0\0\0\P\(\?y\Ե;M*ʥ\\UJ\"ۓMKZ8\\\3mWJ&\\nK\\u~\0\\zއb\$\ΥX}u:\\9ϝZ+֕Js\\\l\F@\0\0\0\0\0\0\0\0\0\0\0\0\0\0\0\0\0\0\0\0\0\0\0\0\0\0\0\Ҫzbʧ+\_	#d\Z\?C4{Y\\'YF\4N\\xwϞtiS?zM핋\R*T\\ӽݞk8\ \0\\_u\8o\\\\G4vMemvO\\\0\=ϸ\0\0\0\0\0\0\0\0\0\0\0\0\0\0\0\0\08:aN=e&^\\l-9i\F\jR$\Wn\\\0lnZ0\բ\U\ERJ?f\_qԧ:7y\l\{ze\(\RzH\?\}*RG3ixIJK\B\'\\Ԯ\7(\⣆[xk<22\0\0\0\0\0\0\0\0\0\0\0\0\0\0\0\0\0\0\0\0\0\0\0\0\0\0\0\0\0\02}\/n,n#Z޴\N>1xg`]\\IQZ\\\]I?\',Ni\դ.l.\W5\$\\%\\lK\:\4\z\\r\rh\'휂\^:V\Q\i\\\r\\]:Kt\ƭ\Z$*>\\0\0\0\0\0\0\0\0\0\0\0\0\0\0\0\0\0\0\0\0\0\0\0\0\g7n}B\x`{nJ+,\wtM֩Z\6\\N\r\^\\\\X\𷧗s\\٧\!\rGRծ\s}q;\)\ɑxn\\\pOZE\B2{|\o-\0P\0\0\0\0\0\0\0\0\0\0\0\0\0\0\0\0\0\0\0\0\0\0\0\0\0\0\0\0\0\0\0`\=v\&\V\K\.X\M8\\n6]BQ&\~h.Dwŝ\ZZJ ܩ˫^]I\j\qӫQgJVa\\\:\>ʨޫi+-Z\\\0BrKܛGP\Lq\\Z\/h2\0\0\0\0\0\0\0\0\0\0\0\0\0\0\0;zM\rZ\\.\b9\\Jͧ\%hSqV\\˕\	R=\?D\)\ze+zqPQ0Ew\N\\<mN\Ų\ݒ9\^\[ccU\n\\1S\\\H㯰>:\\hW\kvٶ\}(BRnRm@\0\0\0\0\0\0\0\0\0\0\0\0\0\0\0\0\0\0\0\0\0\0\0\0\0\0\0\0\0\0\0\0\0	)FN2]x7m\mǵ+\W+\\$\ɯ\3H\0Z\\poFV\'\\\	ƛ^eP\\\|ޏujZ~sEtK\\\ny\\\Sfc\KX;\܉\m\\\\#N.ݽY}X\I\D6\_\uHY_QnVz*J]@\\0\0\0\0\0\0\0\0\0\0\0\0GΥjt\\:^-\ͷӛ\hFP\ng=#t;8J\ZC^Me(\g\\R)Eʤ\j{gm\_L\\:&*\\\\֜\\k[ѓy>\G\ڍ\]ֽq6\R\\\H\'\\#R\\[\5VRI}p\\!gsk\ZwSRp\d\t<\0\0\0\0\0\0\0\0\0\0\0\0\0\0\0\0\0\0\0\0\0\0\0\0\0\0\0\0\0\0\0\0\0\0\0\\/隝\/sG:\hj\RF/9]\~~\7\\jz\r]g)YB>/ɹ6	Ng9#>+\]\\Q)\\\\->qOEz\\\T\\\\\+Ǒاm\0w-ԬO\0\0\0\0\0\0\0\0\0\0\0\0\0\0\0	+{}__\\*EВK\\\҄\\[fU$%\\Zж\*-GSQ\֧uu\PnF\roYeI2y\\:\-m\j%\hNiIj-Uj5nkI\Ro~\\\hm\j\kM8к,\0E\0\0\0\0\0\0\0\0\0\0\0\0\0\0\0\0\0\0\0\0\0\0\0\0\0\0\0\0\0\0\0\0\0\0\0\0\0\0`vf@\?FpQ\&o:/7vZUՏfN?\~:%i\j댯\\%\\.mQM\<8].7\ȮMFQ}R\\\k\\^\XB\kk\\jhQ{\ph)\Z\\`g?\6\0\\\0&\¹\c\w_\5\0PpSh?oN\0a\6\0\\\0&\]\\_\\/\}\-\\=fżg\\A\&\\F\~U\\\/\Qupר\0\\թ.$.N\m\n\Usӓ\jz텼ZlrrE_\0\7꾓[Ņ\n1kFKsk&\1\\\_#N\0}n.\\\sVS\\0\0\0\0\0\0\0\0\0\0\0\0\0\0\0\0\0\0\0\0\0\0\0\0\0\0\0\0\0\0\0\0\0\0\0\0\0\0\0\0\0}[\\\"Z9MF\\2;>W3qM\T椟%Jj\S\_g\rq\rpOO3F_\(\\WdV./,\B\dɹ\i:մ\T\.We\\"/mR\W\\]wWvoNm\>,\0}z@\0\0\0\0\0\0\0\0\0\0\0\0a9S\ԍ8ܞ:\nmj{\\7BRm?\1#$l-OF۔*\\\\\\ͩtF\;(γ;{31\=\\\W\4\>\\Hӧ\˱\}O\+yKG\J\Wğ\I8v^xg\\\	\Ex$\o-}A\0\0\0\0\0\0\0\0\0\0\0\0\0\0\0\0\0\0\0\0\0\0\0\0\0\0\0\0\0\0\0\0\0\0\0\0\0\0\0\0\0\0\0\0\0\0\0\0\0\0\0\0\0\0\0\0\0\0\0\0\0\0\0\0\0\0\0\0\0\0\0\0\0\0\0\0\0\0\0\0\0\0\0\0\0\0\0\0\0\0\0\0\0\0\0\0\0\0\0\0zm\\\\\qqU\/Ws7KF;_Y\K=Bާ$\TO?\\_=X\U>\\\\$)v<Mץ\V\w܊s9rn:\\|侯a1\p\I\x|©j\+\ԋ\\\\\0t/\\ҧu\3~\@}\.JvZa\[ \070\0\0\0\0\0\0\0\0\0\06\hZ\\\\0)?QB\{ihz*TU|&\\\\٢\{)1_\\\i$E.\`\b=\"dۼ𼹧igV\\:Psu)<7:\MѧYq\}U\ؑb\0>)ֽ\\\4S\NUg)\\Ryo\\\\0(\0\0\0\0\0\0\0\0\0\0\0\0\0\0\0\0\0\0\0\0\0\0\0\0\0\0\0\0\0\0\0\0\0\0\0\0\0\0\0\0\0\0\0\0\0\0\0\0\0\0\0\0\0\0\0\0\0\0\0\0\0\0\0\0\0\0\0\0\0\0\0\0\0\0\0\0\0\0\0\0\0\0\0\0\0\0\0\0\0\0\0\0\0\0\0\0\0\0\0\0\0|=\o\\R\+\\j۾h]\ʰm8\56\q\Z4\b\\\kw4.µ58k?3V-O:\\Uu(\9Ϛ\oq\\r˺\[Z\N-tk^8kU\\'{0p6\\\\gZ߼5\0w\0\0\0\0\0\0\0\0x0\ݼ\\k\j[[\\ѓI)IrFiQ8(p\nA稿Y\^\6\\>ʼ\\\\O鯴𻹅[Q(6tG܊x\F>W^O9K)|\CF<^\7\5+[zi/>2\rn][d\0\0\0\0\0\0\0\0\0\0\0\0\0\0\0\0\0\0\0\0\0\0\0\0\0\0\0\0\0\0\0\0\0\0\0\0\0\0\0\0\0\0\0\0\0\0\0\0\0\0\0\0\0\0\0\0\0\0\0\0\0\0\0\0\0\0\0\0\0\0\0\0\0\0\0\0\0\0\0\0\0\0\0\0\0\0\0\0\0\0\0\0\0\0\0\0\0\0\0\0\0\0\0\0).<\0\\\kp\\֫\\Y\1\0%p;w=\\n>\2\f\0B\ѫ\ZԡR-8\)\.\0qqCo_o}\"k\w\+\\ޚL\х\	Қ\d_\azūÑ\eM\\$\\N/\r3ǾtiMSG(\^im^\\\r\lu\_\\0\0\0\0\0\06\m\\{\sFݩK1\h\\NJ1YrxHc-+nүRj뙶\r0c\Iַ~SZ{gO7zPP\\XIa`Fsn\\\m\כ\)\ɿbE1\v[zҔ8ΒY\y\\Hm\P\;\ZWwsa\X)j+םZsRNR\\#(q\0\0\0\0\0\0\0\0\0\0\0\0\0\0\0\0\0\0\0\0\0\0\0\0\0\0\0\0\0\0\0\0\0\0\0\0\0\0\0\0\0\0\0\0\0\0\0\0\0\0\0\0\0\0\0\0\0\0\0\0\0\0\0\0\0\0\0\0\0\0\0\0\0\0\0\0\0\0\0\0\0\0\0\0\0\0\0\0\0\0\0\0\0\0\0\0\0\0\0\0\0\0\0\0\0\0\0ʕIѫӓ\\]\n\{cYͼVMBI\6\R\07My\ҫܸZ]\lKr\E\-e?4r*#^-\\0\OMz\U|̤\"kk8_YUR*Q\\ѺthVs\k=\\ޚ\\\:?g\08.\\0\0\0\0\0o\Ql\nZ\\&7\Eoz($\ZW\r6\\}^3\\0S{6\*[?\X>U\ƍ\'9\F1\\oݺ\\\z[W5\Zt\ǚoL\4*\\}\=ռ\)ӒV\p+\}x79\巖\\0\0\0\0\0\0\0\0\0\0\0\0\0\0\0\0\0\0\0\0\0\0\0\0\0\0\0\0\0\0\0\0\0\0\0\0\0\0\0\0\0\0\0\0\0\0\0\0\0\0\0\0\0\0\0\0\0\0\0\0\0\0\0\0\0\0\0\0\0\0\0\0\0\0\0\0\0\0\0\0\0\0\0\0\0\0\0\0\0\0\0\0\0\0\0\0\0\0\0\0\0\0\0\0\0\0\0\0vt\\fk}EYoV5:\0\4\\\\J.Q\$Tm\ʳ\\f\t\;\'I,c?YibqmG㸇\jIB1R\\\ͲXgCVө\ZUŴ\z2W9?juv+?ʪiҵz\\Zkݓi&8z\;\\\0}\0\0d\\~5ӦӖ{w5i.\\N.\q\gyR\rUW3i\\\kM\\rތ(PJ	(\8Is\\\\\{<}\´\N\\Mݿg7EK;jvVp\k	\.K?\q{\gmG*r_I~+8\\\إUN\\T\\')6[\\"À\0(\0\0\0\0\0\0\0\0\0\0\0\0\0\0\0\0\0\0\0\0\0\0\0\0\0\0\0\0\0\0\0\0\0\0\0\0\0\0\0\0\0\0\0\0\0\0\0\0\0\0\0\0\0\0\0\0\0\0\0\0\0\0\0\0\0\0\0\0\0\0\0\0\0\0\0\0\0\0\0\0\0\0\0\0\0\0\0\0\0\0\0\0\0\0\0\0\0\0\0\0\0\0\0\0\0\0\0\0\0jmj\ޤΌ^mwN޷\-f\jEIލjCeNᇏ%e|]ib\\p\\JO}?ĊKG4ZƓRڤs\+\VKI\\Uiӓ_c5{Xm\=ӻ\p\v\Y~A\\\k\54\cem\mm\n00J+\G)ۿA\>^UjM\>&\[my2>?+\\¬\:R\s4..n\;Wb\K\z8P\\\C\\\\}\\*\\i\YFm<ߏH\Z\Ք\\'&Y\0\0\0\0\0\0\0\0\0\0\0\0\0\0\0\0\0\0\0\0\0\0\0\0\0\0\0\0\0\0\0\0\0\0\0\0\0\0\0\0\0\0\0\0\0\0\0\0\0\0\0\0\0\0\0\0\0\0\0\0\0\0\0\0\0\0\0\0\0\0\0\0\0\0\0\0\0\0\0\0\0\0\0\0\0\0\0\0\0\0\0\0\0\0\0\0\0\0\0\0\0\0\0\0\0\0\0\0\0\0\0\ں\},\ZXɤ\\JI\\\x\\=Cp\]7TnhF}]Q\>\o\\n\\m淤\IJK\m\\,[+1\\Vi/S\a%չy\r{z\߶\żbD\>9\IӤ\ή\miVp}-\g{Zޢĩ\\\\ӽf&-z_H\ZF.Jr\\\<#rd\݄-R?ZIl4\\rgT܍Mk_\\U+H[Ҋ]?33y4\\y\B2cݾȨ{\z\B5\q\M\X(\e-\6*\.Vr\3Q\U\\ZNYd!\2\0P\0\0\0\0\0\0\0\0\0\0\0\0\0\0\0\0\0\0\0\0\0\0\0\0\0\0\0\0\0\0\0\0\0\0\0\0\0\0\0\0\0\0\0\0\0\0\0\0\0\0\0\0\0\0\0\0\0\0\0\0\0\0\0\0\0\0\0\0\0\0\0\0\0\0\0\0\0\0\0\0\0\0\0\0\0\0\0\0\0\0\0\0\0\0\0\0\0\0\0\0\0\0\0\0\0\0\0\0\0\0\0\0\0\\\\[jomB\qI{Oz4Fо=*\\e\\~x\'\\]\R\9\թ\(\n-7\\\$\3\,\q\TW\\'h\7{Rjy9).ݗ\\ <E\!m\rG\\nR\_tjvi\g-Ϛֈ;SV\\\SYrϻ%\izMJzcp@n⾧qAF)Sm{L+\cN\Kw\g5_r0̚\\Tv\ٹ\*T9\/\\,庲zDokqѭM6ğFBGsV\j꺵\\yάܲ\N\0\0\0\0\0\0\0\0\0\0\0\0\0\0\0\0\0\0\0\0\0\0\0\0\0\0\0\0\0\0\0\0\0\0\0\0\0\0\0\0\0\0\0\0\0\0\0\0\0\0\0\0\0\0\0\0\0\0\0\0\0\0\0\0\0\0\0\0\0\0\0\0\0\0\0\0\0\0\0\0\0\0\0\0\0\0\0\0\0\0\0\0\0\0\0\0\0\0\0\0\0\0\0\0\0\0\0\0\0\0\0\0\0\0\0\0pvVڛ\ʲFH¢MNQ\oq	\\QꟵ)g^6\5 \ȳ;;e+Y(4\/IM<\^n(T8\32qoq\\%J\K~cM;wTZ\2mwi&q)\V\\w}2\4m\D\\gm\Zq\\Tpdx#i-iZyZ$V\Cc\\z\R\\\x\Zr}\\nr]\\mg(e磓2<p\0\0\0\0\0\0\0\0\0\0\0\0\0\0\0\0\0\0\0\0\0\0\0\0\0\0\0\0\0\0\0\0\0\0\0\0\0\0\0\0\0\0\0\0\0\0\0\0\0\0\0\0\0\0\0\0\0\0\0\0\0\0\0\0\0\0\0\0\0\0\0\0\0\0\0\0\0\0\0\0\0\0\0\0\0\0\0\0\0\0\0\0\0\0\0\0\0\0\0\0\0\0\0\0\0\0\0\0\0\0\0\0\0\0\0\00d&pO{T\۩PQ{龙J_s(\3˪g\M:V5!&Qy8Y\gZ9U)ӌfy\O\\[B\ҫhMa⏢\\n<\0ۘZYUQ\Zq\y\r\\4\0\kJRK\\\?V\r۞{z\^ST\,?\\Z@\0\0\0\0\0\0\0\0\0\0\0\0\0\0\0\0\0\0\0\0\0\0\0\0\0\0\0\0\0\0\0\0\0\0\0\0\0\0\0\0\0\0\0\0\0\0\0\0\0\0\0\0\0\0\0\0\0\0\0\0\0\0\0\0\0\0\0\0\0\0\0\0\0\0\0\0\0\0\0\0\0\0\0\0\0\0\0\0\0\0\0\0\0\0\0\0\0\0\0\0\0\0\0\0\0\0\0\0\0\0\0\0\0\0\0\0\0\0\0\0Mʦ\\W\.#\'\?\\\\\h]Y\h<T.e\ ~\JPR]S&\\jє\P/0}\\\n\\":\*2\{\Ǻ\\IӚDJqǽ\qgJoj\qe\>а%\')\[y\1$P\0\0\0\0\0\0\0\0\0\0\0\0\0\0\0\0\0\0\0\0\0\0\0\0\0\0\0\0\0\0\0\0\0\0\0\0\0\0\0\0\0\0\0\0\0\0\0\0\0\0\0\0\0\0\0\0\0\0\0\0\0\0\0\0\0\0\0\0\0\0\0\0\0\0\0\0\0\0\0\0\0\0\0\0\0\0\0\0\0\0\0\0\0\0\0\0\0\0\0\0\0\0\0\0\0\0\0\0\0\0\0\0\0\0\0\0\0\0\0\0\0m޳ܸQS\/<e(&\\\֕)\q|?\\rE\(k\ZM\V2xIkK\4vͺQBs<\(֡y[Q\+]\MԫZNrd\3\ŞFQԥ:9}TZ\,\0\0\0\0\0\0\0\0\0\0\0\0\0\0\0\0\0\0\0\0\0\0\0\0\0\0\0\0\0\0\0\0\0\0\0\0\0\0\0\0\0\0\0\0\0\0\0\0\0\0\0\0\0\0\0\0\0\0\0\0\0\0\0\0\0\0\0\0\0\0\0\0\0\0\0\0\0\0\0\0\0\0\0\0\0\0\0\0\0\0\0\0\0\0\0\0\0\0\0\0\0\0\0\0\0\0\0\0\0\0\0\0\0\0\0\0\0\0\0\0\0\0\0\02M4\TZF\Wm\\.3^\_Ryn^\6U3z\\\\6\h\\6E\d\'),(2,'lsqhaonb@latewind.com','0a5a7f9fd68259bf67e5226a8b8459d5','18713500001',1,'带你飞','李四','山东省莱芜市','1991-01-01 00:00:00','c35e2a7675001282e6e6dc5788c998c6','371202199111088888',NULL),(3,'lsqgood@sina.com','ccded3ff852610348ec6737f970a7e40','18713500002',1,'测试专用','测试','山东省莱芜市','1991-01-01 00:00:00','f05b446609bdd5f2201b2bc13c60e78c','371202199101011234',NULL),(4,'78878@qq.com','ae09eff13b216d2325bb87f3d5ebfcfc',NULL,NULL,NULL,NULL,NULL,NULL,'f8f6c19308264adbbdb3283a750ddfea',NULL,NULL),(5,'123789@sina.com','f3c1baa4d5d54ced8afdeebce212799a',NULL,NULL,NULL,NULL,NULL,NULL,'157e2e167e01b71af126c7c3af530bea',NULL,NULL);
/*!40000 ALTER TABLE `user_info_t` ENABLE KEYS */;
UNLOCK TABLES;

--
-- Table structure for table `user_t`
--

DROP TABLE IF EXISTS `user_t`;
/*!40101 SET @saved_cs_client     = @@character_set_client */;
/*!40101 SET character_set_client = utf8 */;
CREATE TABLE `user_t` (
  `id` int(11) NOT NULL AUTO_INCREMENT,
  `user_name` varchar(40) NOT NULL,
  `password` varchar(255) NOT NULL,
  `age` int(4) NOT NULL,
  `test_len` varchar(10) DEFAULT NULL,
  `test_img` blob,
  PRIMARY KEY (`id`),
  KEY `user_name_index` (`user_name`)
) ENGINE=InnoDB AUTO_INCREMENT=4 DEFAULT CHARSET=utf8;
/*!40101 SET character_set_client = @saved_cs_client */;

--
-- Dumping data for table `user_t`
--

LOCK TABLES `user_t` WRITE;
/*!40000 ALTER TABLE `user_t` DISABLE KEYS */;
INSERT INTO `user_t` VALUES (1,'测试','sfasgfaf',24,NULL,NULL),(2,'选择','asdfg',26,'1234567890',NULL),(3,'admin','123456',10,NULL,'\\\0JFIF\0\0\0\0\0\0\\0C\0\n\n\r\Z\Z (\"&#0$&*+-.-\"251,5(,-,\\0C	,,,,,,,,,,,,,,,,,,,,,,,,,,,,,,,,,,,,,,,,,,,,,,,,,,,\0\0\0\"\0\\0\0\0\0\0\0\0\0\0\0\0\0\0	\\0R\0\0\0!1AQaq\"2\#r3BRb\ST\$5c\%4CDUs67t\\\0\0\0\0\0\0\0\0\0\0\0\0\0\\01\0\0\0\0\01!2AQ\"qBa3#4R\\0\0\0?\0Հ\\0\0\0\0\0\0\0\0\0\0\0\0\0\0\0\0\0\0\0\0\0\0\0\0\0\0\0\0\0\0\0\0\0\0\0\0\0\0\0\0\0\0\0\0\0\0\0\0\0\0\0\0\0\0\0\0\0\0\0\0\0\0\0\0\0\0\0\0\0\0\0\0\0\0\0\0\0\0\0\0\0\0\0\0\0\0\0\0\0\0\0\0\0\0\0\0\0\0\0\0\0\0\0\0\0\0\0\0\0\0\0\0\0\0\0\0\0\0\0\0\0\0\0\0\0\0\0\0\0\0\0\0\0\0\0\0\0\0\0\0\0\0\0\0\0\0\0\0\0\0\0\0\0\0\0\0\0\0\0\0\0\0\0\0\0\0\0\0\0\0\0\0\0\0\0\0\0\0\0\0\0\0\0\0\0\0\0\0\0\0\0\0\0\0\0\0\0\0\0\0\0\0\0\0\0\0\0\0\0\0\0\0\0\0\0\0\0\0\0\0\0\0\0\0\0\0\0\0\0\0\0\0\0\0\0\0\0\0\0\0\0\0\0\0\0\0\0\0\0\0\0\0\0\0\0\0\0\0\0\0\0\0\0\0\0\0\0\0\0\0\0\0\0\0\0\0\0\0\0\0\0\0\0\0\0\0\0\0\0\0\0\0\0\0\0\0\0\0\0\0\0\0\0\0\0\0\0\0\0\0\0\0\0\0\0\0\0\0\0\0\0\0\0\0\0\0\0\0\0\0\0\0\0\0\0\0\0\0\0\0\0\0\0\0\0\0\0\0\0\0\0\0\0\0\0\0\0\0\0\0\0\0\0\0\0\0\0\0\0\0\0\0\0\0\0\0\0\0\0\0\0\0\0\0\0\0\0\0\0\0\0\0\0\0\0\0\0\0\0\0\0\0\0\0\0\0\0\0\0\0\0\0\0\0\0\0\0\0\0\0\0\0\0\0\0\0\0\0\0\0\0\0\0\0\0\0\0\0\0\0\0\0\0\0\0\0\0\0\0\0\0\0\0\0\0\0\0\0\0\0\0\0\0\0\0\0\0\0\0\0\0\0\0\0\0\0\0\0\0\0\0\0\0\0\0\0\0\0\0\0\0\0\0\0\0\0\0\0\0\0\0\0\0\0\0\0\0\0\0\0\0\0\0\0\0\0\0\0\0\0\0\0\0\0\0\0\0\0\0\0\0\0\0\0\0\0\0\0\0\0\0\0\0\0\0\0\0\0\0\0\0\0\0\0\0\0\0\0\0\0\0\0\0\0\0\0\0\0\0\0\0\0\0\0\0\0\0\0\0\0\0\0\0\0\0\0\0\0\0\0\0\0\0\0\0\0\0\0\0\0\0\0\0\0\0\0\0\0\0\0\0\0\0\0\0\0\0\0\0\0\0\0\0\0\0\0\0\0\0\0\0\0\0\0\0\0\0\0\0\0\0\0\0\0\0\0\0\0\0\0\0\0\0\0\0\0\0\0\0\0\0\0\0\0\0\0\0\0\0\0\0\0\0\0\0\0\0\0\0\0\0\0\0\0\0\0\0\0\0\0\0\0\0\0\0\0\0\0\0\0\0\0\0\0\0\0\0\0\0\0\0\0\0\0\0\0\0\0\0\0\0\0\0\0\0\0\0\0\0\0\0\0\0\0\0\0\0\0\0\0\0\0\0\0\0\0\0\0\0\0\0\0\0\0\0\0\0\0\0\0\0\0\0\0\0\0\0\0\0\0\0\0\0\0\0\0\0\0\0\0\0\0\0\0\0\0\0\0\0\0\0\0\0\0\0\0\0\0\0\0\0\0\0\0\0\0\0\0\0\0\0\0\0\0\0\0\0\0\0\0\0\0\0\0\0\0\0\0\0\0\0\0\0\0\0\0\0\0\0\0\0\0\0\0\0\0\0\0\0\0\0\0\0\0\0\0\0\0\0\0\0\0\0\0\0\0\0\0\0\0\0\0\0\0\0\0\0\0\0\0\0\0\0\0\0\0\0\0\0\0\0\0\0\0\0\0\0\0\0\0\0\0\0\0\0\0\0\0\0\0\0\0\0\0\0\0\0\0\0\0\0\0\0\0\0\0\0\0\0\0\0\0\0\0\0\0\0\0\0\0\0\0\0\0\0\0\0\0\0\0\0\0\0\0\0\0\0\0\0\0\0\0\0\0\0\0\0\0\0\0\0\0\0\0\0\0\0\0\0\0\0\0\0\0\0\0\0\0\0\0\0\0\0\0\0\0\0\0\0\0\0\0\0\0\0\0\0\0\0\0\0\0\0\0\0\0\0\0\0\0\0\0\0\0\0\0\0\0\0\0\0\0\0\0\0\0\0\0\0\0\0\0\0\0\0\0\0\0\0\0\0\0\0\0\0\0\0\0\0\0\0\0\0\0\0\0\0\0\0\0\0\0\0\0\0\0\0\0\0\0\0\0\0\0\0\0\0\0\0\0\0\0\0\0\0\0\0\0\0\0\0\0\0\0\0\0\0\0\0\0\0\0\0\0\0\0\0\0\0\0\0\0\0\0\0\0\0\0\0\0\0\0\0\0\0\0\0\0\0\0\0\0\0\0\0\0\0\0\0\0\0\0\0\0\0\0\0\0\0\0\0\0\0\0\0\0\0\0\0\0\0\0\0\0\0\0\0\0\0\0\0\0\0\0\0\0\0\0\0\0\0\0\0\0\0\0\0\0\0\0\0\0\0\0\0\0\0\0\0\0\0\0\0\0\0\0\0\0\0\0\0\0\0\0\0\0\0\0\0\0\0\0\0\0\0\0\0\0\0\0\0\0\0\0\0\0\0\0\0\0\0\0\0\0\0\0\0\0\0\0\0\0\0\0\0\0\0\0\0\0\0\0\0\0\0\0\0\0\0\0\0\0\0\0\0\0\0\0\0\0\0\0\0\0\0\0\0\0\0\0\0\0\0\0\0\0\0\0\0\0\0\0\0\0\0\0\0\0\0\0\0\0\0\0\0\0\0\0\0\0\0\0\0\0\0\0\0\0\0\0\0\0\0\0\0\0\0\0\0\0\0\0\0\0\0\0\0\0\0\0\0\0\0\0\0\0\0\0\0\0\0\0\0\0\0\0\0\0\0\0\0\0\0\0\0\0\0\0\0\0\0\0\0\0\0\0\0\0\0\0\0\0\0\0\0\0\0\0\0\0\0\0\0\0\0\0\0\0\0\0\0\0\0\0\0\0\0\0\0\0\0\0\0\0\0\0\0\0\0\0\0\0\0\0\0\0\0\0\0\0\0\0\0\0\0\0\0\0\0\0\0\0\0\0\0\0\0\0\0\0\0\0\0\0\0\0\0\0\0\0\0\0\0\0\0\0\0\0\0\0\0\0\0\0\0\0\0\0\0\0\0\0\0\0\0\0\0\0\0\0\0\0\0\0\0\0\0\0\0\0\0\0\0\0\0\0\0\0\0\0\0\0\0\0\0\0\0\0\0\0\0\0\0\0\0\0\0\0\0\0\0\0\0\0\0\0\0\0\0\0\0\0\0\0\0\0\0\0\0\0\0\0\0\0\0\0\0\0\0\0\0\0\0\0\0\0\0\0\0\0\0\0\0\0\0\0\0\0\0\0\0\0\0\0\0\0\0\0\0\0\0\0\0\0\0\0\0\0\0\0\0\0\0\0\0\0\0\0\0\0\0\0\0\0\0\0\0\0\0\0\0\0\0\0\0\0\0\0\0\0\0\0\0\0\0\0\0\0\0\0\0\0\0\0\0\0\0\0\0\0\0\0\0\0\0\0\0\0\0\0\0\0\0\0\0\0\0\0\0\0\0\0\0\0\0\0\0\0\0\0\0\0\0\0\0\0\0\0\0\0\0\0\0\0\0\0\0\0\0\0\0\0\0\0\0\0\0\0\0\0\0\0\0\0\0\0\0\0\0\0\0\0\0\0\0\0\0\0\0\0\0\0\0\0\0\0\0\0\0\0\0\0\0\0\0\0\0\0\0\0\0\0\0\0\0\0\0\0\0\0\0\0\0\0\0\0\0\0\0\0\0\0\0\0\0\0\0\0\0\0\0\0\0\0\0\0\0\0\0\0\0\0\0\0\0\0\0\0\0 \0\n\0\0\0\0\0\0\0\0\0\0\0\0\0\0\0\0\0\0\0\0\0\0\0\0\0\0\0\0\0\0\0\0 \0\0\0\n\0r\0\0\0(\0\0\0\0\0\0\0\0\0\0\0\0\0\0\0\0\0\0\0\0\0\0\0	\\0\nF@\0\0\0\0\0\0\0\0\0\0\0\0\0\0\0\0\0\0\0\0\0\0\0\0\0\0\0\0\0\0\0\0\0\0\0\0\0\0\0\0:r5&\\/\5W\Z)F\\\\3-o6\\je\r+z&\n\JoFRo\`N\\\\QW\0\Q\ۭKX(QM%F)\L\]cg\\톼\e\]vi\\\fj\\ӥ\\"K	`\)ZG\'6\b/W%\N8)>]N/\\0W\9W\\<AP\[\K\x]ӓuW*R_K1\aӋ\[V\\\\mqu-QJr^qg\\i\-3Q:wtf\0L\\\\\e\j5\9Q~\|-h[\_S`\<e\(\rZ\Z΂\(/Us\I\q-Y.ɋ6<\ݎy\0b\0\0\0\0\0\0\0\0\0\0\0\0\0\0\0NrV9,G>f#̸׳ںΠ\0\\nk\{֜)ܷ)sPE?\ɜb./\{\WH4\r_?5\0۩\ج=\YVIyIůOk^ZܽKs \d\\qc8y[%\Z5qzq#գt{u>\8\ƥ\_\c\ʯ\\\J4*<\0d\Q\ڝ\\d?ZKN+\EEB}!i\\\\[z\ӏV;pWiB\9\;i\}X\b#\TFqGި\\+\#F?\jrĪӇ\'Q\e\Z\&\\Wj\0\t\0\00\0\cn\\'^^p_\\EA_9\\\?\sW\0[\\\q\=\\\	\0\_n\>\	aT%焾da\\qzw\0xW\kޗ\\\\\,F\O\\,w(\OG\=Mb\\\}.\\GB[Զ\\ZwN/|.\'ޜ_܌\'Nir+\\R5\֏zS^\M{\l*iV\'mJ^qt[\4\y{\G1IKOUW\0*ۿA6\:\\l\E|]V\Bjo˚)\|\V\\\\]K}\\\}I7:\(\-\0-\n57ci\rCN}uM5f\\Tg\(8>sY-2VX\0\0\0\0\0\0\0\0\0\0\0\0\0\0\0\0\0\\c_qvv\P\\H\+3\\\\^\\</RZJ0)7\&m\;[\\T\$\]yR\\B\t\%meFL}X$ri\[>fc\\b\\\2i%\\\[Y\^,\0e?<FbHˎNDjR<Y}Ko\"8+)\'=J^^c\W\Q\0\&nT9W\屸\\\r\A\Zթ}\u=-\\rZH\I\"\ȌgV\\\M\\OT:\ʣz2\'_\Z6\\5\\O\QL\\\jN%mVKQ\[Rc\\_\=\\\\\ң:\\B\e#L%	bK\%jv|Xvk݊ܰ\00r@\0\0\0\0\0\0\0\0\0\0\0\0\0\0\0\0\0\0\0\0\0\0\0\0\0\0\0\0\0\\cP\\n\&\\Ooel+\U׮\Jڜ\D\h֚5-\+\r_\\c\j\\~i-:U\׹K/\rg\nфaE($}`lXqf\gqH\2q\JX\̜n\\C\\](aefi\\ƍ\+\?\nA\zJhTJ\\m\\nh\۵*ATȟ|\tguqij#J\\r\0u֬5*qks\nK?U\LԺ\\RH	$\02/\\*\\u*yY\\\ܖ\3\㉇7S{6OT\\\nsJT\r\nchI\zFq\Ā\@\*[\\A\}Vl3\z_Wǽ^\}P\07\0\0\0\0\0 \.X${N\յ|:6\Q\~\03(\\\6<Qݒxr9ͤ\֑Կ^I4=.1嵍iGUb\\\V\\׶}G\\eu[,\>\FۥUi\\v\~=%\'Jԭ\RExEc]Zǖ?/\D#M;Uw^g㏫67ehtyiZ)cę\\_\f\Y˫J\ڂ\*4\\;	/$r\ r\F@\0Jy\\\\\"t\\\m\\KKsʸ\~ضjjTq\#\4\\lz\R_\ԭǍN5\ZU$	0G`x\0|\i\0G\J\?\\0\#\0X=\+(^{I}\"?\\0:\C/S7%@\MqMN\Z\\0ѷ\Vڹt\ZO/WǷ\\Z=\\;l\CTnb\p:uaQ}Ydd>\\F\\PNis9\Q\z\my[]\#g\ڙ\?\1\֝Y7iu:8]\M3V\nc&\\ʽ5,\|\\oonbncއ\IƵXrn/A\Ǥ`VP\F\"\K(ֵ^\Zy(\|=\'e\Eg\=?\\\*j\J2ԧ\\r\0#DնMƽ3l7v=n\\\\%\rϓb\\0\0\0\0\0\0\w\0}l\/k*vR^QY;z&q\4Ey$\Y>m=c\SQU%\(\\\r0ᜟI\-\nm?f8W\j\jXʦ\\dgZ\P\Z!\aau;y\r6t\Zxy\\m\we\\}A\_k~Fu.nN0Yy4WGL-B\,|\\Д(Ļb>T=%t*nv&\Eo6늫wNL9\;\D\a\i}N~\\qxSMaΌ*A\P\\4\\M7WW\~g\1\"\Ĺ\Z9u݊xUwm\\7SsFq}$\G<\kz%e+kjIxMvH/z\Zvu-ڼ,.\0\\\ך~\)\0/h\0\;,{\0\0\0\0\0\0\0\0\0\0\0\0\0\0\0\0\0\0\0\0\0\0\0\0sv\*ѻM:U6|Oi\\ۇYm>L\m/\\\=-\FW|y|3y\X\[\i}S;6V4lh*4)FI$v0f,7i\\333\ev>7TmhJjI\v\ܚv\Ҫ\j5\F57\^\U>#Y\ws\\k\XaŨW.\_\HϽxeBƧӮ}G\u\^׹Z\K:oO)T\\\'շ\p\\\WueR\Z뙳\\̀\rq<\Zcץ%eg\n&͛\iN^QXS\n$87u\'gyNY<:S\ZyK\\Q_\wK\u\r\:}\Kj|\\X\\	\9I>\!\0yV.\K\UI>\*\\ӌ\\JYROENkۣj\nM9ҩ\:lG2LE}1e\\<L*ֽ]\:\i\R\\'Xm\0k-Jh\WT^:\ޭ\Kz\pM\{MFlS^\zob\\\0\ZK\r.tkU![YOm<\\5\nP\5je7\\\r\\\ڑ\\!XhzS\ҥG\\oz/%\ZEJ\\\d\vKZt\\'u5kuR\\3#?p\0G\\[xVi\'-+jTV)҄&Z˟&i\\iq\\\\LW`|+\PjЧ<\Z\\毪ћP7\ \\\'\玓\Zd\_\Zk~{rv7-b\nT -\mN\\\\0F\'jib\8x\4e0\xYs]kwoت4xW7}n.*V럯,\} ~&ם\?#QԽ\'\\Ƭ?8\\0&\K\W\\\m%/\0)jm\WN:~\z\n\e\i>_\\\k\qWQ\\\08\\y\ں/}FpzXuj5\g\0\R\\'/y\\ t<\\t\0O#^K\deJIaJI{\WZM\\\/\\\\=f\R;}v\4[q\'wZrjy{f16\r;{\\/]};f\0)\'-;\kY%R~?\0m\}\'w*\\_\\`.nǽc\\0I\6?cRi[j\\o\%(>ٶ\ol\mQ؛A8~Ѿf\O\g\(\o7~$m\\\N\\'\\py##(\~Fbdl\4ԭuJ.M\'\\\\I7xU9FQfsB0װ\\YQ%j\E\Gd>V&k<\Mָm\qЍ\ZYH\[\6e\';<W]<e\S\lo\v\\\UJJ\\\skV<e\-4VugJ}ۏR9ܜ%O\\\c\\ɫ5m\\\\" zZ\\ΝխHcMt}O7\\LyeJ\\O \0zzw58Y\I7\\:(T\ZT\)ya\\n\ZJ\\]NVW\\`\\'4\[WG\>ݡ\(Bu\z\\͕&\c6լV8\\|f\\qӱ$m\/\quJ҄\WN	JOH8\ugR\I۷3З$\,v\׹_$86)+\u+\Y\0oHgW棣YS\\S1y^\#\kf\\\7U.j\TgK\\\w&Uuou\Z%.봟ܺl)ɹ?6`@ g+ٶ\\l\Fvu\>*o:Iڼo\zW3\\qG6䍽\Egw4%Q\\ㄊxrVt*ƭ)8Tʒxh\[{7TZcV]%}J\n6\\vꕦyV\\\1\Y\gW\-^\k\xK\^\"Qk\\n(W\ZZ|\\'iv02Ls\\gWmv\\sZ\m\K\FZgG\t\]ҍHIc\\76_B\+P>Z|ϑ\f|=\=uXڧ\\Gـ\0\0\0\0\0\0\0\0\0\0\0\0\0\0\0\0\0\0\0\0\0)ʤ\bo\\n4\\[םJ:4dtҽ\Í]l6\v֧\K\,e.ᅓI%\\׶8y\{\d,vg7>t\\\N8j	,6\\V	U.XA9I$S4\\,\(\Y\|\>\2|\"o}rY\0O\D\:\\\\:2\0\0KM\v\E\/\Vҟ\ tA\U\\\Z^5\y5+\Օ:E@|@`\0\084\g\X^񒲾\Cu_N,\'ey9R:5\\Q\\\\0V5iF$,8\%hZF\h˖oa}\$\V<8\)\qSi\Zoԗ\X\MRYGV\\sN5 $|c\\\\\\+\\Z&\\5ڱ\s)&)\\YY5Z\\\襌|!Y\\4}]B=vb>X_-66?N?\_\񵱡gESX\ߕ&=:\\m<\\n8ky\^\U;\\Kp\}N𸼷=\zTcjQ__g\\ZRo\c\U\N-%W+_bd\\!xZ\\\}\\\qZ9\i$\D{\oQ*{:T#9u\\\Nrܧ76[ɂ/\r^\V\\Uy\\c\ ~\jNUg\96\ c\3۰\0\0\0\0\0\0\0\0\0\0\0\0\0\0\0\0\0\0\0\0\0\0\0\0\0\0\0\0\0`\\0cօ\[isQg\\,n}:n\\PyJP_+m\IڮQYSyi9\=>\\z6\I[jT\\Ua\\f\F\\\ՅH>Вk?:\׫BjTJ\rx\\\v7&ظ*Wu+ӎRMcݑ\p{\Zt5Y[\}H}\1軓K\]ƽ?<5/Aȱ\LkRp̚\|H\spޤ%_K8\ynyO%Yv0C\|u7W>\o:\\wmR<\-斯R\,KyRNjKqM~\	;\[MTh?\p2kZ>u\,۟ˡ\\jWp>M{\\MX,~SҴ[\Q\\v,:wRݶ\y\>>\5j79\F1Ym\q\\\\i\nn \IŴⳅ{\\\\\)j5h\Z5X;x\ƥN\~d)9\\M\U&\6ܤ\0F@\0\0\0\09B\Ҍ=k]^C\_8=KͷX&\l\O{͕9hq\0{\\rs\vӏ,%۩?A6\\\\\rBάg\n\I姌\`\n\-]iiWe+$\Q\\\\6\SyE}SMyO\ִV\\rW\n\δT\J2YM3\-K\keKNtjʝH\/\r?+n\H\uk~\\\\\\\\r-\5p\0`\\0\0\0\0\0\0\0\0\0\0\0\0\0\0\0\0\0\0\03%\/|5\^\PU/<g\VN\l\\mT{di-\4)ӊH\jW:of\\/\\>Wuխj\Jo\Y6.\Щ\\\n䤗|v\ZR\)ɷ)<M\\\u9[NT๲\fFP\0fI\7)<$*TjW\Zt\)\]\s\7j7ZŽ{%%)aIϩ?\жZ\j\T\ZU I\<\{QzQJ  -oshh4iit\V3VnMQ\\(\*vt *:\Oö\\\6R;6H\a\~\0BU:2\\ɕs\wi]:Zj-Fm}Wk&6Vtz9NU\wȼ7ɶd\\\yd\U\BTjJ8Ru4jA@\0\\\n6\\\-\nT\zglg^\zmR#Z|I~Ef\\otkɺSQXJ~\0\0a\%WuqBڶw}nxA\\\e8\-\I%ש\n&mm\Zխ\x&Te\.\ԯ;\q\\\hBo.r\%Nػ\x\T\\g99R.M\\\^\\5>km\nm(\\#\Iv!\CW\+έ\\J\rdm\j\r\n],\+S\n\S\\kF?ե$Tkߨ=]Ol\\ZEYB½.^\Phk\0\0\0\0\0\0\0\0\0\0\0\0\0\0\0\0\0\0\0\0\0\0\0\0\0\0\0\0\0\0\0\0\0\0\0\0\0\0\0\0\00?? |}\n\Vӯ\\vq\΅+\m\\%\-{)&\\uF+]\\*\n8u[q\=h;\m\*tޝ\VAM)u(]*\.U\\SI\\L\u\5\.[Tʕ9\j\yFJ}\"=:1\\F\RU\\R^9\|~,\_O[)\yh\\9\K>\\\ܼ\n*FMߟeKs\p\\7GVnQ&XIm\ZΕBP\'YF]VZ\+@e\0\ѴsTceFukTxJ+/\jkV\IrS[\'\;+JW)TmK\\I㇒K\\n4[םV\וYsE\\Бi9k:7v΅\r\",,e\[=\\֐6ԗ\'hu\'YTX\'\<7ں\Z\\\x\W4q\>\rXo\GZw[fKܛ̗*\\e䂵M&FgmRڽ9r\XhkqOZV\\oohZ\\Z4\'Nmc\\\LSL\5\ZWtN)85:W*u\'J$\(Mx\;iB\\\2|>)e\E>$nk~Z[\ou.Z\	a~`\ɉ,q5R\%reb\\\j5j?Z?\\+݂\\\JFKJ-`\Z͋\uz5\ߏ&ng|\\\\\\\0\0\0\0\0\0\0\0\0\0\0\0\0\0\0\0\0\0\0\0߅r\IF*X5\\-\0\\rZ)\0t\ckQ枢\7ܘ2j|L\\0d\XR\\o%{\6\ v=&lR\\\rv\Z\\Wwun%\\O`\=ݼ,[\5Rmž\8~,mvޣ(,\\J/\r@M((ӥEr>b\0\0\0\0u\0&\ٷQJ\)N\\\)UյK;\Վ\'c\~ץ\Z)I,N./\)7\ZH\|NS!4\\\\",4\0\0P+\g\UR\\G{DkZ2qqr5:q\$\k[M\lj]_\\ӧ\nk-9\0.ݼsѶ\ݷcRW7ң\0xOw\u\cv\\\\䜲)4ݒ	FJ\T\\*\2=t\X\\F\-\Ӕ\WrI\'~v\y5}6\*\\'\M\\]>p\d\\S\)Ԟ:\=H5np\'J\Qԝ;\Ⱦw\O\Ė\PFIF)$\焻kF\ʛ\\)ʎ\3N\ӳ\=Q9C\G[BNU%@6mSC\iпzrXi\t\Ӻ\kҵZs\i\Qԩ\ˢ\\\\[\EJhM?)&\0\gR\:5\Z%7\'ǖpy\\[L\z<\(WĽ]L$Ԛk9\oV{\XJyR]\\Ek \0\0\0\0\0\0\0\0\0\0\0\0\0\0\0\0\0\0\0\0\0\0\0\0\0\0\0\0\0\0\0\0\0\0?Z\?\w}\uz>w&\MnGOIF\\\'\\md\\\w\&n#.k\t;A(\)uRo\zMp\0nhM6\Z\ٰSFQ2\RO	\0Xy^t}b\YBe\-o_GB\ևqJڶ>9\X\\\Zy,d\\ϴ=;=J\|和q\)qj{n7zmĨ\]^0y>4FeV)O	?K̿ٚK+\b\\M<\",\'m\mu]7]\nP~h׫\<ĝ\V\U͝h֥.\2O?;\GӦ\r\dq3Zٷ4Ե*r|S}߰/AX\G􏪣Yѹ]\8\a\K\m۫nKސE7\>\\%$$\h\'\\\5\\\μ\|\\0\z:\v7\r\\"\Z)SM>;%r\l\k67N\\/\\\i\[v\\IS\yE \\n\0\0\0l\*\Z4o?xǈ4u[?\k+\r|\R<g\ɢ2wm}Bq\F\du_\;CN\\{\=5)j>\rr=H\b	\\\\e\?q^xa-\RYus|E\!.3\Q֭kr\qc;2v\E(\\0j\0\0\0\0\0\0\0\0\0\0\0\0\0\0\0\0\0\\1U\\\0/\$\J\\-I^?e\\s\0v@S\4Z]?ۉ<W\	=NR_\,\E\}\\\"iuu*g\H~\T\\Y\&	K \0\0\0\0\0\0bKPP\jeF\\$\7Ry\)У>gJ?\~,\"P&\M<4\0Vue\9JO\q\KPz;v\\Z尴+UQ`YGGN\%\ҍ\\\9X]Wo7j\Zh\oi\\]\7kZ\\v\\ZPnig\\2qqq[P&\O)w}zF\\\M\^YG)?\Hܻ\uoo\o1\">\[m퀬\s)6rc2\Ŷwi%*\\k>&ˢ?u\5\K=E<^_\ԁEپ\'R47$ QN)\\\\t\\_iassN\?K>hǵo#V\jp\:\]^KZV(\\z:\k[\](ѕĹ#\p\0\0\0\0\0\0\0\0\0\0\0\0\0\0\0\0\0\0\0\0\0\0\0\0\0\0\0\0\0\0\0\0\0H| \2ޛni\\Q|\%l47\\\zLh\\]ѴJ-ƛ\~/+V\\}-40\\ITOm,\k̎\\%\/7\$\\\0%\JF5\O\DyC\[\8ҸJ}\"\uŝ\uSzO\N?\\OݙO\\0\\\\Tk\\RAg1(M{+\A\\]Nl\\KQ\ʆf\'\N2]\\8~Y\\jѸ\n\t\\<=ޛbs7\T\NI\'Ю\>\Fo(SMV:g\-3z\\\\qbe,?߇TԬ+izͅ\yj\T9\'\\%>>mh\\\\\%b\\E\n\\jZe\.l\JXv\0c\\ާ4]jPuM*uaOT\\LuRy\\0\0\0\rWZ\\fl_Ƚ?\"\:n\n+ZjS~Y/\;*5Ki\\%\\0\0\0\0\0\0\0t跱\tf~|\4GRdIu^_\\y-V	Yq.{\\E\ɀj\)lmK/8?r \0E\%\wK\\p*HCkz\qI׵}|>\\-\A\0ޢ(\0\Z\0\0\0\0\0\0\0\0\0\0\0\0\0\0\0\0\0\0\0\085x\\Z1&خ\\8Ԗ\7,z\S\%O1L\\\4yM60\q\0Lo/*c>\n_\\T\w\rs\\9N\n#\'gRsi(51\gXϣN솟]\\ݨ\\\\{/\\z\Z:SR\^2\\\ZwՎ\)׷\\J5\\\X\0\0\0\0ax#>.q>\fhouVN0\\\\x\f\\ܰ\,N.N^){s\T3*\'\Syo\;\Zίw\\\ZiV^nr\0\0\0\0rRtjƥ98\/) ji+\\Ւ\Qt@\0\0\0\0\0\0\0\0\0\0\0\0\0\0\0\0\0\0\0\0\0\0\0\0\0\0\0\0\0\0\0\0\0\0\0\0\0\0\0\0\0\0\0`\@\0\0\0\0\0\0\0{Ox\CT݅zIjq\\<~\0ܷowj.\\A\_ћz%\\4ѐ\0\0\0\0\0\07\WRz\ޙs\\9К\*\*KW\a!\%NjpfV5-\R\rJ2IO^8%\u}]\g.JS\೏,,d\\Lx\0\0\0\\\y\khF90#N?\\z͕g\\ΚQUToqG}\\u^u,\6\K>X42`;zM\KZq\uj\<x6ҿf\\xK\^9Jlvƚceф01G\\\q\p\\]y`\~\7\\\\;}kʆ\qv;/w\w~!\rS\@\0\0\0\0\0\0\0\0\0\0\0\0\0\0\0\0\0\0\0:\\\V\\0V3<N\*qYh	\iUl&۩Ae\\0C~&j\>\\\\\\kSj%\.-{G3d4\Җ\ޮ\7\Z\K\\E\\Ŏ\\QE97\)]ݵK;ʶ\V\'NN, l=lM]^XR\'E)mv4m\aI6n	Ό\Ǜ=|3k[WoQө\\H\2I&Ȧ[ۋo\4\\]B>ĺ|	#N\y\\e\EN\\:ڿ\W\־\}Dcs*+~/l]/\\N\\\JO^\0n]\}uYNsqO	#\\\Mq\M52e\0\0\0\0\0\0\0\0\0\0\0\0\0\0\0\0\0\0\0\0\0\0\0\0\0\0\0\0\0\0\0\0\0\0\0\0\0\0\0\0\0\0\0\0\0\0\0\0\0\0\0\0\0\0\0\0\0\0\0\0\0\0\0\0\0\0\0\0\0\0\0\\0[K\WnhIƭ\^1h\\\rä\ҵj\\\\Ni:0_K;\\\WVpNJI`i\\&J\&mt\tuJ+\u1׫G(6\xNǊD{\E*o\}ӟz|rzFk:/U\vs>G\ YM˼a+\\k8\\:K\꽍t4\<$]D\wY\Uֵ\rf\׾ug&ߒ\\:d0\0%m	\\ΞR\r\ٷ\r\\XYVԯZ[\JWĺ ٱ\*ڄ]zm{[0K~TVLtFYx+\F\G\P}J}u;\\RWO\hn\-\\5w\b@δ\淛\0\\0\0\0\0\0\0\0\0\0\0\0\0\0\0\0\0\0\0\0l\\-B3T\jKϣ\\k6re[v\/|5͎q\ĭx\ЧVN5g`_?h[\Me8$&s{\r\/^E}Lӊ\0f\'e\\nTۧFG\$\E\c,gV\0OԭgmuN5)M4\%\֚x껂d\\v\qi\'SO\iu\\\\J.2i\5ө0\0\0:y\0\0\0\0\0\0\0\0\0\0\0\0\0\0\0\0\N\\vէ0l;\9}6K\P%_\\X\\td@u\t\M\p_`\\0\0\0\0\0\0\0\0\0\0\0\0\0\0\0\0\0\0\0\0\0\0\0\0\0\0\0\0\0\0\0\0\0\0\0\0\03\0S\\n7#\#R\Ӯ\\\'ԴFkO\\΍ZO)ʛ@\0\0\0\0\0\0\0\0\0\0\0\0\0\0\\\\0\0\0o;\\䢓m%j\\0+\\iҳsK^}\\\n\+[U<K\\\nQ\c\y}:ʝ8ӥM%v_DV!׾ggVY(\m\>\HxU6βu%\.?\̹zz\\\\UM\_ܕF|\ `\Mp6\y\\r-6e\0\8\_\0_`\0\0\0\0\0\0\0\0\0\0\0\0\0\0\0\0\0\0\0\0\0sK\\\\Z+\yrΟ\ٻ\\#U8\el=vF\IJi\H\\\珳E\:dob\\\xY蜏mn{\b\T\\nQox=\>&\&-\\rc+M/L8\\\P\n\R\%$\ >&z?R]So\ҫ\ܭ\\\^E]4\?<5=&G	P$\_]Ͱ\ZB\'\\n\F{֭q]Q	6\BKx,F\\\6\c۳E*u􋉨M\|pkwZUqgZP\0\0\0\0\0\0\0\0\0\0\0\ҊnM\/2O\\u\U\\\\\Y. \7t\\\N\nk\V4\'q^\aղd\~\ZmN\Wv13I\^~eڼ?\v\Z6v=m5\&[~}[6^§(npj\i:\\,\08\\,R>kO(\|w\uiiTa\N֌c䠎}\\FJ\C\\0ivMMd\0\Z0\\FۏћJF\n\\E}\$0gwq\	JW+[\cKM<3V\\\\\QVXjQLxjҶ\(\\\'A&/\\E\U\\\wR\zK-J\tj\x\\'\`P\0\0\0\0\0\0\0\0\0\0\0\0\0\0\0\0\0\0\0\0\0\0\0\0\0\0\0\0\0^p\QZ#ݛ\\6\\Tdԋ\r\lh;>\eFӊS\\\\r[K\\\\\)R\jJ}l{_\ޏ{cEjW|\\]BKZ#ȩ\^\rǭgOh\~Hh\?t\\n\&qYeBYXy\\\\6\ڞ}~h\\0\ \k\0AۋѫDS\W\Tq(\\\\.WBwv]xG	/x^G\\ލ\)SJ \dL//ΩA\|Xkf\>\;\LF\\r9F\re\\%Ы{f\GPm*IK3Is\"0\0\0\0\0\0\0\0\0\0\0\08Y3\c)r`qr\I\/$og^`\MG\f\\g\CI\5Zn+h\r?\\\Z-Rj%ʣwڞמ}z`\ǟU%㶶.\ҰӨSW\\\oϮA\#Ꮳ\	Q\w\rGR\\g\nj-4\?\"}F\nJ8FD\>^@C0\2xۇr\m\nnjus,&b#g[̺uP\zdKU\\"W]OQj5MT~\r\+é\\IJ|\Ym.\5Y|I\<=;\\\;\03z\0\0\0\0\0\0\0\0\0\0\0\0\0\0\0\0\0\0\0\0\0\0\0\0\0\0\\\*WԞv\\rTk(\F+\n\}\/+\׍kz^\'#y\\hGŽ^\i.\rsibqMR{G8\0Xm感GgL\\盽?>r\v\|\P^a\Md\흷}:UMF\5*)\u手Z\(\\U\\J9iF7\\\;]\=pE)sIc-/\0\0\0\0\0\0\0\0\0YK\;k-ۯп\0\i}n\\5͆e~{\Z\\\X\m\mi\8A\\\\\\cJQV1+;hѡ\np]@@\0\0\0\0\0\0x\0\\\\\Djp\~%do\\\\{\~I\Q嗃^\	q_6\@Q?W{FT\׳%2v/\\\kE¥)8\:\0\0\0\0\0\0\0\0\0\0\0\0\0\0\0\0\0\0\0\0\0\0\0\00d_+[S\R\\h\N|\\E\\\.\T\慝,Τs\FҨ\\AB%\pi\Z5aN\\\)SJ)Ac8\0\\0*\0\0\0\0\0\0\0\0\7\\\w+kx\\\t\^\Z\\mf\Z\7l.\\j\5\ZS\\^\!\k-\\mjF5R}ǡ\\\vtRxxyYa\\0\0\0\0\0\0\09Ш\S⤡%,?\:&\ݻr\\\Z=KG \.IvǙP\\$NoGwь\\k]8J-.\0v3m\IJ\D%\GJ:1\#\+\HW	]OX!8Acy+R\O\ת\2E{Sqv\]W\\G\kHl4~}\qߖݵ\\\rz	\p\ε\Yre\=\0(/k\]\\\NU&\5s\O\:F-(\}\\0;x\0\0\0\0\0\0\0\0\0\0\0\0\0\0\0\0\0\0\0\0\0\0\0\0\0\0\0\0\0==\Z\ma\\\'ײ,R\\)Z\Xzv\\թ\\*9^0Ksi\Qn|\0\n\_s\r\c\\׺Z\NJ	6\(W\#rU\۲\\\\˿\\==ŬV׷ޥZnr6\~\'F@\0\0\0\0\0\0\0\0\0vލ[_\VzuVvϴk\ڛN\LN1FSK2x\\\W\0F\vsnJ~\\2\h\Y@\0\0\\J.zN))<$E[\mh2\ZUL	g(\y+5_JZ\\|d{nzLiu\-ZmW\e\#B\N\U\71qR\dY^)\0\0\0bQ\X}+_\a}CpXR)\RUR_[2}=\\0oGr\\68\֦\\\oġͅ]3Z	R(a\0\0\0\0\0\0\0\0\0\0\0\0\0\0\0\0\0\0\0\0\0\0\0\0}-\N\\4i\]%\0\(n-\\.(\KX7%%\-I/\\k8\J\(NHݗcbqX\0\0o[\&3\\wv\ҧ(\j\\$\>=}\QP5s(\i\\^2\A0W;Ҋ.ޟMA\\ͤK\KsxQN\QxҔ_\ n\0\\d\0\05@~\:Z ҂URI66\0\"}::ƟKU\.\^\OkuhU\r~Zn:״H\\0\0\0\0\0\0\0\0	\8\0\=\\\[n:=\IJ\\&\VS_5G\C8w+m=\c\nQF^\F\(jezpWTpP\]\svW\wb\\J۶\o°\\rSV\*\\.j9\n.*o\\KŽYjt\\\\+eI\\#sK[O/\\\\q\֭\\0\06 \0\0\0\0\0\0\0\0\0\0\0\0\0\0\0\0\0\0\0\0\0\0\0\0\0\0\0\0\0\\tJޔܤ\\\t\n\\\Z\E!\\\0鎝p:\j\\,\.hZe=\'F*pI=/!u\p+\rZmo2KW#w\oᷭ~\۪\k\X]߸(sVxT\\\QMɪ\\%Q*.=<?<\0\"\0\0\0\0\0\0\0\\*\\c\'oI\\ԒS;~\\\Z-[7S̐\7oZ\\oXЊ\cF=\\0\08ԜiӔ\\\5N#\v.x\XP]q\ˋWzд[RFO\Μ\r\{~,TZs\m\\qZwZ7\\|㰸l^k[Rrxi?\"\\\r\Ct\kZ\K暓I}~|GїtO\D)J^7۬ \\d\0\0I{2SN<\գq\\\yQ\>]#e\+.\k\Ea\U#,.\\"·\0\0\0\0\0\0\0\0\0\0\0\0\0\0\0\0\0\0\0\0\0\0-ǣݎ\\-{\\&yy\fiKG\\˗\rs	{˰\0@\0q\Z|t:^q,\;\OSmR\"\D8jn\w}<$S}\\\u;\V\w7+՛mɷ\\\0\0t]wQ\u\nwz}\Z \\$\xy\<\\\a4ZvU\*Pnq\t\͒yH8%KA\eFߪ	ӚOÕ\v\\\K\d@\0\0\ziч$+\'N_ԂKc\/ae_\B^\\J\\\0\0\0\0\0\0\0\0\0\0-\\\QO//+\\WManKv\\QR8\se5:}\;>\&\ZSXy\vŮo]\)ʚ\NN\\u`\U$(2\U\Z\i\~uR^d0ۧv\\\rs\0\0\0\0\0\0\0\0\0\0\0\0\0\0\0\0\0\0\0\0\0\0\0\0\0\0\0\0\0\039\F+2o,\\cmx\q\2\S\w0\a8cɲ\\\T-\ӊR9gIFϵpG\/쌾\^\\\\εyF#`\\\0\1]->\@8\^S\\\\\\k\F孹\\Y\q9R\T\rP\0\0\0\0\0\0\0\0\0\0=-\c̲\C\=}Z475\4\e\0\>m6\\0\GvJ\\0\0#^:\r\v\+yg\\Q\\Z\\,dJK\\vo\k\\\mn`\զ\\X:\0\0	\\负*\\$Ckh}\Z\\9/G-vrO\0\0\0\0\\d[\Ь\\A~\.B\ߙb\\\Ǧ?R,*\0\0\0\0\0\0\0\0\0\0\0\0\0\0\0\0\0\0\0\0\0;ZdUMR\2Y\'\Nt\t*q\K\ZO\ԋOН*jo%\N?%\\0\0Bs\\\\q\nT\\JU)KGx\w\\Ҝ(VJpmto	\0\0\0\\p=\e\Z>i:)\E3\.ڞċj\'omNu%,<v\0]\0\0\0E\}pһTg<v\)q \N\ru5ħXd\0\0\0\0\0\0\0\0\0Mw@d=\-ǵ>ZV\\N\\w\M\\\Hƕ-\拍	\򤲙RYd{ōN(G\SY{\\nGKS{ԣQe5duf,󯞹c\*\\C]zvuk9y\x{;\\r\0\\0\0\0\0\0\0\0\0\0\0\0\0\0\0\0\0\0\0\0\0\0\0\0\0\0\0\PrJYri <{n\ri1\\j&2_χ\K\AFud\y5\C\zڽ\r\nlrt%X\'[W\5\)U_+_>\j)>\P\0\0\0\0\0\0\0\0\0\0\U\Z\Z/\'wfjT\\Zu\\\I.·D>{k.63糊X~\K%\\0\0J)Ŭe3 <z5\8\I}e\\\֭yQM\qxiRz5j{sr\_K\詾\\@P\\\\\\@Y:nQHp;k\\#VvR/+_\\n®]oMR5o3BƗ,\\ou\\hzM\i\J8pvmm(ZRT\V\0\0\0\0\0V_J\rb7fNK4eQ\/t\Z,\I(E(\u\\\D\\Ө\EU\ODXi@\0\0\0\0\0\0\0\0\0\0\0\0\0\0\0\0\0\0\0\0\0\0T\*\'\^\1\6E9C{`d\j\OѧQI\\o?%`d@\0d\8\k=bo\]Ћt\s\o\\]ö֡;K\\\O)\:\\\wYQ\č/Gss*t\yT \0\ôvv8ZYSxm)K\eyZM+\l\\S\a\k$oi\r\ҡ\A,\r\\h[Pī~][xmw~(\\.\@\0\0\0a\\r\?Yiԛ\o\E=yW*`\"\'#&@\0\0\0\0\0\0\0\0\0\0\0vt\\_nԗ2lU\[H\]Kh?6?\2ѳs\-s\fڔRS\\\'!ZO\7I\Y_\h\\\r9V\_Ks:sϳ\Ax5\Ժ^|ǰ\08\\\0\0\0\0\0\0\0\0\0\0\0\0\0\0\0\0\0\0\0\0\0\0\0\0\0\0z{r\\ے\\\\\<\qᅇ\7}ߪ{{\gֈq7r\,VO(\K\n8;&\"=;3\/z	ͼ(\3\-E//NxA?\O\\UM\'Fhu}\J\!\0\0\0\0\0\0\0\0\0\0\0\0\0J\\\Jҽǫj\\ˉJ:\R%\f\\;WnhT%8\\s87hngoVqu\n|2\.\*JJ\2\0\0\0\0\0\0\0\0\0\0\0\\V\T))6\Z/w-%Ѽ\Z=pܤ\5\swVI9N~/$\\ ,Jo%K>jQ\\,J_[\\\0\0\0\0\0 c\eSE0\>\\+zًgGgnz\{r\lR\j{wQ|\	~\:9/\\r@\\c\<x*3\Rk7\0/\\rT^\\r\Z	/Эu\m\5l0I[փjT3]\\0\\0\0\0\0\0w}Mi^4\\g\KK?L	$?E\)\\\ӯJjt\\N2]k>3%GqiKɥwkIB_ڌc&eج@\0\0\0\0\0\0\0\0\0\0\0Yߛ\k\K\굕*j^\\\\\ԍ(\riF+-\O\;*Ŧĳ\\ 꺍K\r\ygX(\0\0\0\0\0\0\0\0\0\0\0\J\\\\\Z\\uy(\\\k=Ԗ?\w~tʡ^-`K\\\\i/)\ƴT\X\eyAǙ_yZn\:\צR9vkf\n\s\Sk	ʹp6\\\\\l\^\\0\0\0\0\0\0\0\0\0\0\0\0\0\0\0\0\0\0\0\0\0\0\0\0\0\0W\Փj\~?xCf\Ju\\֯9\ZPezVϲDFN0yL\m`}\"5UaÙ\\\\OU\\"3\{X\\02+C \0\0\0\0\0\0\0\0\0\0\0\0\0	\\ݷ;;r\\Tr\\\95{;wX\\r\Z\i\\\l+(\x\mJq/\iԥ\cǧC}hOm>\3ʹ٧&8\0 \0\0\0\0\0\0Z\nnuf\\9(GM$Y_8\ŘZӫ\)NkjFK\\}x\vmt\t\\I7<Zo.\\]Ը*j>iI,C\ܤ\m开9зsQSJUf\"ok;qbtР\۩\\\0\l\\\ח\QUȳWѷI\\4畜{Q(\\?\\Z!\"\iu*77N\\QOƶc蹩UzFߧh\\\\Y\ӄQIv\9`yCz/ٰ\|\K\nPϷ\\\1\PyYf݌գYЂ(A%\>\8WQVI{\\\SĦ˕{\HNjI8\\ㄭh˽8˾ۺnJє}\rOW\\գ\'R\J\%R]?@@@\ǣu\O\\',\0hzϣ^籧*wP/e\AyPm_bk-YF\Ow`\~*\R\rxI4~\i\ս:ԥ\\K(\7vͥ\\m?E(\H?nF\xʶ:ucnr\?5폯\\4\^9\+\Zi07\\׭;\\\}\tu췾ߧqEu\jSY\EMdomGe\\\Z1RYR]S^`\}l.&h\M\\T.R\\\n\R\0\0\0\0\0\0\0\07}!,\o\\Ӵk[Ppn)5\\1Ʈ-ZhZ]ޅd\K\t\\E~^M>j\ʥIsN]\\\uKgT^\u+\\r~l鑓 \0\0\0\0\0\0\0\0\0\0\0\0\0:t\)\tqxA[:w\\ʅ5	<7f\\ϼ:u\"\roEIqr@[t7cPW\D\\hĭnR\~)}F\~\G\8D`P\0\0\0\0\0\0\0\0\0\0\0\0\0\0\0\0\0\0\0\0\0\0\0\0\kmV\\4h\ʣ\\ٍ+2\J\**T\\9tI.\\v3\\A\}[ɯ\nQ\]\KE4{tD(D\rꗞu\M8C(>\OZ)\k<r\VTHE\\">l*x^lͿߴxV]q<u\5\-&\XNX\G\+\)ˤ\uȫ8W\\=k}eI/Y\ؿC\mW\une\GIqYR_PaMaQ=G/ض?\!\|j|zc7E:p%	\6\GJѲ&`߱~\,٬~Gm\ʫ\w]\\\ox>\\[xcl\䯳O \\0 \0\0\0\0zs\f7zmǪ\e><\\,\ж\\Z\0j\JkZ]ҭ	vqg\p5Ϳ(+ZjIt&\^eT\ڮ\rB\\\}6\06o:΅V1]\7\_S\G~\'ʿԄWVo˞ L8N)\\rb[^5oJ\ZP\\L\]w\'.\n\Օ*$\\\<I\\^\s\h-\	g\V}\\rsuZZVjYN+$cuys{[\\W^~u$\|H39ʤܥ\')I\`\Ju \DM\\\ַN\\\\J9mu\0\lnv+MJlv\0=z:\*֖M\\>\\0`o-hF֕z\Y\\9\<\G$$xMi\\\UkC\0Qgow\\\|\\0\0\0\0T[m$O;\\\l\r2W\\:Q\~+G J\l(J^x?j\\<C\\r隍ϯ\R\orMN\r\n>q\\\P\kח.&jI\\'[ċ\L\\Ƶ|\0V	hjqCv֛<\\N+\j@\rO\R\D\\qyYIr\1S\h	D\VӍ+{Y\\\\\p\Hv޿wt$\Z)YM<e\襥\%Rڽ:}S;OĢ7:мJw5hG9ԓXd8\敽\J\\׫&\pA$d \0\0t=J\[¬%\+\\!\\\uU\?V1VRx\\8[g\l+N>\\\ߑzťn\*u`\08\\\$\dk\\\G\7[V\HKܹc\\{J߻6Vo\o[\1]c<<?k\-\nlk:U\"\]\\HS\\ZRRU_^8\V\0~\;J\ma^\hMt\\~~}hW\n#V\⚇h*QdI\roLa{k\\\\ʜ- }7\sH\\NHW\qO\|OI\r7To˞&zP\\O\Z\\\\ɃrV[I{Y\=\\Jnu:qʂ3o\*\\\\\\\\AJS}RI#k\FQ*5k\_כ\E\0qZvZ4Ҵ\Njo\ZVU*I\Ryr~g\0\0\0\0\0\0\0\ `\	Tx\oņؾYk>\ckE|u\1Wd\\M8ʵdߊ\Q\\Z}(\Ù\q\H\\\\\\\\9eI|	F:%X0\#?l\C\\r\E5\`\'Uۚ}TתI(θ\v\:Ө\bT=7Oh~\\ov\r/Y$xU\\M¬_޶-&}L\Z\\'\E\CW\\\$^o1EE1\> \\\0YNĹ\}I\h|TF٩]G.?3{\}N\+\:\Np\\czVa\\\*\r\0}pRwN\\X\/vh<M5\4%\Zx\Ls\\0\\\0\0\0\0\0\0\0\0\0\0\0\0\0\0\0\0\0\0\0\0\\\ޭ\zth\S\\\;l\r\nҮ\\O\v]Oѣ\ғ\\\e\k\b+\l<Guuy\3}\\\\1שOO^\'9\\5\ӹ4K\5*\PQO/.>_y\\n#[\Q=HVjYI甄]fWkқo\'\\\Oh\/d\\0ɛڿֿ`P־\Js\zt\SB	/q\\䵼Z\\0\0`\0\0\0¥(U,ऽ\\&\"ckӷ\n*j\ZM֝Yµ6]*k{\N\N-S\]wt;16\\o\`\v\m?J^\ƿM-a\6u\_\\$\0\\\0\0\0\0\0\0\0`a\0`\0\\\\6k:K2itK\l>ឭ5(F\Z\4Uza-\\\\KNJ.%VI9K9h\\1\]ۅ\b\y]#\[ҷѧ\Zp\QXH\\0\0\0\0\0\0u5-F\Kӫ\\MB9ɷ\%\\"/Hv\t\\+Ό\	d\\F\;y˧Y1O:g\Gpm\\d\0\0\0\0\0\0\0\0\\5;&ݥYRNJIut87Ĉ\\\\Z~6V^DR\\:\J\\]\%\O)@@\0\0\0\0u\->m\n\~\'0Q\W\0\r\"\w\>jԤ\u;jm\Jh:u (\a~NjBQyBR\]BZI[^e\pV\'| \\%K;yЭM\,Ec\=}\\0\0\0\0\0\0\0\0\0\0ByS\9\k6&Smn\\*U=\kB\F\\9T\He#]=\=3\\6\Ѱ\m,)\ӗ;\atIfg˹\Ï\r{q\\0\0\0\\0qպ\\)J5iE\w\a\\\\x\f\Ж\Bާ-*U\\1$˅ewF\jQ\niuρT;<\۵79e7ZݬrKnk:So[\\Z3\\we\nbܖ\\s\v=\\\\&&9E-\KG\\\\Q*R\ \!\:=ij6p涩&䢾\o\'~Si5\Z\\	Ů\|㌑\a\zMh>aTc&Ӿ6]T䄕If\賞\Z{Vk<K\5\cd\>\\0_p\0\0\0\0\0\0\0\0\0\0\0\0\0\0\0\0\0DߗSo\\Qko\eP?#TFU\)҂\䢗,n\Vma(%ZtԦz|}\\\\M~+?\͎ڌm\F#\+\ž\\33̲\#\\"o\v\ӭ^nkC\xG\w\襷tI\-ןHE/_U\oj\\V^^<\n\\<GB\?3hϖ?L/z*%\9\g\Y\\\\0\0\0\0\0\0\0\0\0\0\0)Ƭ$On-\;-ʔo&H\\\4%JT/,}ө~3\4\ֱryGm\hs.φ2N;Ǽ\0\'\\0\0\0\0\0\0\0.;D¾\o-J\\\:z4\4\}\8Z\!uR\nA\Rk\\\\\U[XZҍ:T R]9|\oi\\z0XI\03\\0\0\0\0\0\0\0\0\"\j\Z+3\rKSS\u\N%XW\6u\\޺)Sm\'Yʔ\}R42\0\0\0\0\0\0\0\0\0>*\\\(NQH	:\rMs|\E>J0\%ꥄp3`\\bw˧vn)<%x%\0\0\0\0\0\0v2\0x½/|\\kZcuT3\\\S\÷\6ޫ;\8\/G\\~\-t#\(\\}i.T\ӧJ/xKf\AyR`zZ\}u:\:mti\\r\0q\Y\0\0\0\0\0\0\0\0\0\M3JTP\o\Zzu˯\M]\A9g\\\M~\ngкLR1=\\08.\\0\0\0\0\0\0\0\0\0\0\0\06\\Z.(\TAn\u*\,.n\b^\\u6\N3I%$|\\k=\\\I\??\\+a{KwK\'\\\1-wx\\[Dm%\\_^ul/goW\nPxŬ-\Ͷ\^\\\S\\\$wQ\\\\\\y~Z\>x\0\=\0\0\0\0\0\0\0\0\0\0\0\0\0\0\0\0\0$\Iwsᖈ\\R5;d,|\F*R\QpEZ~;ɦׄs\soN\<\|\\\xO\x\ӕIF\'܏\'\з׭.%\^ݱ\Wm\\_$\;֜\F1\\\r-\\<\Z\R\\0>\0\0\0\0\0\0\0\0\0\0\0\0\0#\ִ\_\\"✔[Ljӕ*5E\_}V\0w\\\V;\[˧KF\cǖt_\0 \0\0\0\\ͅon4mh\V\\\jcѵ\\<\rG׵}:\ZQ\\-{p]^lmOUR\O$MC\4VTaJ\_#\@\0\0\0\0\0\0\0\0\0\0\0\V\0H\v·\bvL$Nkk:p\\Cl\\4F\tkS\\\?B\Z\\#%pL\t\']\Vױ#8B/	\9\\\ER&f)\_\Ԅ2\f\I/^\V@\0\0\0\0>֗+j3Qr\\7\%\Xp\z[Z:P\nu#on:t\v8Of\Q\w.%yB-7\\b\\\\S\Zt(\a/S\1QXDr\0 \0\0\0\0\0\0\0\0\0\0a\0Dg\-᡻t\\g\5\B\9RFn\Z%()\'~\iF\\!6\\'*\\\t]z{»\^@\0\0\0\0\0\0`6ޛCS5(ߗ\y$2kM\ڑϓ\\F\\=\^:qN0\b@\Z/ODDD\02\0\0\0\0\0\0\0\0\0\0\0\0\0\08K=}\ne\l\T\	c%H_C\j\\mf;_CQ\(\\ŪO(\kd\l\\:?/\\=\>\ҩ\MjIw\g*c\\)y\h|¨_\N\\ӥ7ǃnQ\\0f\GY,F_\\ \\\L=S<l`X\0>nP\0\0\0\0\0\0\0\0\0\0\0\0\0\0vt\\T\ub\3v٧%	篹V9g\'\\k!a{EgѣbC\I.t2o\"85{M\6I%#[z\n8\\+]&\q\\JY,wVURRrnO8{v\\"\\}~\?og\\0k]\0\0\0\0\0\0\0\0\0\0\0\0\0\0\0\0<]\e*OZh\5V\Pi<:[b\\m1\r\\\Z~\0\R\iHa\\\Y\0\0\0\\r`\\\\kB*Q˔\7ms\wE\Te)J4(\\\\o\\0K8QXYo/=\"\0\0\0\0\0\0\0\0\0\0\0\0\0\0I\0smM/tZzF:R\?b+p\4\ZGsK9Ӓi<蟰&%ӊy\n\vWJ\⏫xr7dr\\=Sih:\%&\㛿=$\J\0&\hiɓ)\oZ檧B\MYr)peSӣ,x9\͏J\\\%m\*\7I7\\\\<%O\e,9V4,_5\zʾ\\'SոHm\\SPF#SIaxx\0\0\0\0\0\0\0\0\0\0\0\0\0\0\0\\:scV)Ƽ:K+;Kf\\\\\I:&\NJ-,3K.?v\r\r͵k_RZ\M\rJ-\]\Z#(\0\0\0\0\00wJw:>SWd4]j\5*\).\Zݫsn\~\y\?\\0\0\0\0\0\0\0\0\0\0\0\0\0\0\0\0\d\\]m\h\m\ˑuCtyIU򽫷\r5\\vk\m;O޾̵Pn\e\[SHxeM\吢\Y ثͧ]8r8WZ^\W^/\\}7o\?\,\0#\0\0\0\0\0\0\0\0\0\0\0\0\0\0\{u[te\0A\4BH\\%-nO\	l1\\\\\\\?\9%\dĖQy$k\\\\R\N?\H%\}_Sdf\\k6\D=\\^\\\08n\\0\0\0\0\0\0\0\0\0\0\0\0\0\0\0\0\F\\\o\07ZKW<H\\9\\\?\0>\0oّ\R4\	<\\&W\r&Ʀ[Z\Yu*(^\tzz&ֱ\4\'\qY	/l\0T\0\0\0\0\0\0\0\0\0\0\0\0\0\0\0\0\0\0\0\0\0\0\0\0\0\0\0\0\0\0\0\0\0\0\0\0\0\0\0\0\0\0|B\\tj,\i\=\}\\\#*RJQoe\/+Y\0zL\\\\Z%UM `(\0\07}I+jq\ͰֶO\/\6SOy\/V\\\\\0\\\0\0\0\0\0\0\0\0\0\0\0\0\0\0\0\0ǰ\]\i\5֍p\0\\0?kC^\\+AG5\\%\9Ǎ\K\\74\\W\)\\\h\\\[\*\\0\_\%\}-3ے`w@\0\0\0\0\0\0\0\0\0\0\0\0\0$n\\\j\\V\HM\7*\I\\\#\\k:{GX\ȗcrIiMmI\0a\_\HfҶq\Z3I56Fۏ\/L_{W,\0\0\0\0\0\0\0\0\0\0\0\0\0\0\0\0\0\0\!nk3K\W\\U\\\GnVAx\\? \08@\0	/Z FJ*P\N%\I(+gޖ{j\\%O/Yg\YE\$\0\0\0\0\0\0\0\0\0\0\0\0\0\0\0\0\0\0\0\0\0\0\0\0\0\0\0\0\0\0\0\0\0\0\0\0\0\0\0\0\0\0jC\alyF-\,m\B_f%+{\\d\RQǹ#b\\\7֫o\\\Tqϗ35\2\0\0\0\0o%\^<\\j;h֥\q\\WZ-\0ŷ\0\0\0\0\0\0\0\0\0\0\0\0\0\0\0\0ci^D?\Gl=V䒟g\r\M{\1\G\xKX\0k{e\\Կ\K\eܵ\\rsS=\X\.\\\fs\;ץb{2Y\0t\0\0\0\0\0\0\0\0\0\0\0\0\0\0{eݻM\drʦ}ǂ}\k;}Bh\L<O/|I\L\j\Z5\n\l;Ȟc޳KMg\\_QW6\˴\\?U\*Ӓi>cĵҎS^\r`8\\\qJyR^k\0S^c\1L\?\0\Z\0ֽ\0\0\0\0\0\0\0\0\0\0\0\0\0\0\0\0>7uUYM#\k\r֩ӧcuM\\l4;\Y\Ah\\t\\\0@~\^\-e\6u\V\\\U\4\mO\|\\\$\0\0\0\0\0\0\0\0\0\0\0\0\0\0\0\0\0\0\0\0\0\0\0\0\0\0\0\0\0\0\0\0\0\0\0\0\0\0\0\0\0\0\0\0\2\Z\Îz\%\Y~22&\I{W\r\\J8\\\0\00d\ەGS6\0^>̛\0i2U\Еh\U\Qvɭگ\\>؋`3\@\v\0\0\0\0\0\0\0\0\0\0\0\0\0\0\0?t\0_j\4ڥO\Ў1ᆄݹN太\\E9ay6ru\١\N՟6nA6\.jIԫ\s\/\\O3o\\xͩ\\ج\O)\0\"5{V\\0\9\\wO\@\v@\0\0\0\0\0\0\0\0\0\0\0\0\0\0{o\4\RgB\Dr\lχ\\M\\'SiIu\oUVNiǙc\m\\Na׵~\\#\\\qnK]\Rj^:t>u`E\X\\}^蚴k\*QpXi\\r\jRb\\nӔp[\jۉzz\bJO\0`\\0\0\0\0\0\0\0\0\0\0\0\0\0\00䢛}nA^\N1aOߓm\ZtE5\&K?\̎%\'99I徭\\\.\M\֤\ \ \0\\\pc\0ۋ\Ȑb1\U۸\|e\"N+\0\0\0\0\0\0\0\0\0\0\0\0\0\0\0\0\0\0\0\0\>-`\^)\,\O\+\\M*)8\\jRT\s.\\\U\ĭû{ۧBW\\@C\\\VlsjƢ\R\~uCR%(\\Mi\\{\WZ~q(K2\w\r\\)j6cRLg\0\0\0\0\0\0\0\0\0\0\0\0\0\0\0\0\0\0\0\r\\n\6\\*}?\dLN \1TiR\Ϗ+!2\0\0\0$u(\XƄ\,%=;Rieêkl}mF\\lE\J\0[օ\ԄR^=\u^\"\ \0\0\0\0\0\0\0\0\0\0\0\0\0\.RQIt	/ckhu\ni\T^Ѵoi\G\]\\?Ia4\HqXm]l}\~\3\\05M\\|\.\\S\k\\[T䔦V^<ɵc+fRe\nqW*\59\\n+\ԙKҹZj\|\%\\i\\k>\\0\0\0\0\0\0\0\0\0\0\0\0\0\0\0\0(I\jI᧔\\=\\r_m\۹f\nj2|\l{3sT\z\k\\\\\}d\i:·\k_=\eSc\\u\n\Z;y\};ie\嶬\\Y\n[Eg,)?,uO]u\\A\\Z\\G\\5ӱ?@\\\k\V#\nף8{\\=ΥO\n\\\\&ccW11\/I\xVy\0f\0\0\0\0\0\0\0\0\0\0]Bi*_Չ\\Vb\]\*\f\D\a\7~\/T\\\\?|C\js\\ZYQ\\"\\`\\b\<\.Ke\ \0\0\0=\-g>6弚\\ȜWbz.jц\)\y$e]1\0P\0\0\0\0\0\0\0\0\0\0\0\0\0\0\0\05\\m\rwU\iFo\>\\]-mVJjEvm9&-w\r\\\\ڥy\Ք\oû<@\0\0\0x!Ī\_\\\\\R\-V\<\phՍjp	sFQRO\~r\ם\:\\\:rRM{K\ڷF̷s\^ޜ!,\0E @\0\0\0\0\0\0\0\0\0\0\0\0\0\0\0\0p\+\ˢNS&\\oԖ\KԚ~\\dGڛ\S\rU+\\\\0\0\0\0\0m;[^VY\m\O\#xO+$?8II6\wۻZ_GS]8g꫻t.-x6a4\yMg&NǸ\0\n\0\0\0\0\0\0\0\0\0\0vUMj	+jRM\'͌\-VʎkkZJN\\\0B\\[k}\[S!(\'\c\k\\\\s\\ZN3ztT\IxOa5#fɟ)\\Ԃx+\ZM\r),d\\r\GAѪӅD\,F)^\uT\U\\pvaܽ9\\m9>\\0\\\0\n\0\0\0\0\0\0\0\0\0\0\0\0\0\0\0\0\\\0\-q\\֩=Ӌ\Q/G<$-^mF\\\.LV\r\\^]שJn\)2\Z\շu̓G7\\-\\\\2yߏ\r\Z5R\u˝2ky\\k$\5\Z\'|e\$VC\msV֢)\\˂/\\:gY˧=]\)EF\2ZjV\V/\̲k\\Ե\\-\vŲ\0\0\09\0:zՏOeb&|0Jc\\\\rKW\iI΢\\TMkT\S+X%ɳUsUԨ\\ŭ3\gW\Ǌ;5\5mv\T\~	t<\6Xq5\oy\0O\0\0\0\0\0|\=o>uW\,g\ӨS\\I)&~u\\\J\\^9|{}Gp\\Ӓ	-\0T\0\0\0\0\0\0\0\0\0\0\0\0\0\0\0\0|\\S)K=Juz\\n*\/\M.̼\\\kwY׼Y\0NM\0\0\0\0,\'\\7d,UI\/ޑ^\/ZӸn\?y\xY8\)\0\0\0\0\0\0\0\0\0\0\0\0\0\0\0\0JⶼyZ3eZ\\n\gt?]iі\ZNU\*V\שQ,\`\\0\0\0\0\0\038bf=\h;*F\\K]ΕXWS_f\iӏbp\Ž\\]7\F<J ״\\mwƾ)\\=zXVY%?\y8\\\G8\\\00r@\0P\0\0Vd\W\\'P\Vv*IN5&#$̫Yfϋsxzͨ\\H\\\HzYT}O껞\PnJ<-}\v-n=\\G\=\8\߶\k-^\Yh\9e\\7IٺeVG\PL/7	ní:Y1\NtDG:m\6Ov8UmE\3H\\\\Տ\5.\\\j{U\iRO\\\Z[\irs\\zo+k\0ɱ\0\0\0\0\0\0\0\0\0\0\0\0\0\0\0\0\0\0\0\7gH\\0\ZQ\\*.\}\\Zh*ud_\"A]\\n~ܓ\Q\t3\I<z+\'\r.ag\<x3\\Bx ҸF\\\\J/\ϐ\'e[Mg-\}k\U3۶\\0Nي4\'\\)o0\`\x=d㦾>o\:Ƀ\s\ԛqd=\Ee:\s8Өᘦi&\Z\\\\\\\=\\\}s\q^ŃȫqZ\J~m\'޴|CQo6y\%CL8\0\0\0\0\0\0\0\0\0ѯxr_\\.*\A\]\E}=m\\m\m\Ot\\k6\2\5핸\nk\օX\1d\\\\J\\0\0\0\0\0\0\0\0\0\0\0\0\0\0\0^lKW\0Ċ(\/Wa)\KT\\Ei\0\0\0l\xP\c\jjf\\kh\o\1I㖪}\0?\>·J_\_\0\0\0\0\0\0\0\0\0\0\0\0\0\0\0\0}\jw\t\:\y8ӣ95\Q-\\\sT*M({a= t&z\W=\0*0FP\0\0\0\0\0\0\0\0\0\0\0m>;ݤuZiye0I/2_I\\o+J1\\zw\uShFO\f\\\\\\ܤUƳvi\0t|&\\\rM\E>XՓ\O6\zMx\+P_2zG\\\׷2G\~\J\\\֭%$\Д\'6ߴ\dEb<4\3_,y\`\'ɂ\z=\36\<&E7-W\6̭mṲ)\ĖLeb\mˮB\\\0\F\\Ƌoe\'\\\t\lG;\P\0v\\0\0\0\0\0\0\0\0\0\0\0\0\0\0\0\0\0\0*Q\\%\\Za\×3\0y\xJ\\^ҏl\'\]\#\<sr\\d*/\\w\待(\\Ҹy\SW\d\B;\0\0\0\0\0\0\0\0\0\0\0\0\0\0\0\0\0\0\0\0\0\0\0\0\0NޏD\m^I})Im|KJ$\\\곺cyJ\\*җ4d\W;k*w\\P唖f{2	\\\0\0\0\0\0\0\0\0\0\0\0\0\0\05\j\6\\$\0W\\\ԧ\ų^\.QŮ\\0\:]M\'vj#\\ZxXkX\0\0\0!pWO\䒗\G$\\ɢ;\y\*T{v\\QMr/$\\2\0\0\0\0\0\0\0\0\0\0\0\0\0\0\0f⡶v\ީYQq\f{ӡFU*\B1\\Sx\\ǹ5I\v2\\,Iy}\ao}\qMާY\\G-k~\0\0\0\0\0\0\0\0\0\0\0\0\0\0\0\0\0\0\0\0\0\0\0\0b\[Z<\2\\2/]\V\8\~\\\Y3\$\\qv\\\*9\'IbC\\Ėd+ێ.oM_Vk\0q\0\0\0\0\0\0\0\0\0\0\0\0\0\0\0\0\0\0;:uqЧ\3{&\^n\Z-e>gFTm>\0\߈XRXI\\N<\$}i^S?ed<Ev\+ssfXϸ\Y\\\\\\rWƷyVO.UL\0\0\0\0\0\0\0\0\0\0\0\0\0\0\0\0\0\0\0\0\0\0\0\0\0=5=\MBie.u\x\\0[{i\\Csks\n8:\̓k6Qo\Gb\J\\k\T«	EKg>-csv~\\\~\P	N5)\Mf/dߊ+l .\0\0\0\0\0\0\0\0\0\0\0\0\0*_N\zV\z\Z<nrWL\Re4(m\n{\d]\7]bt\xyYϛiU]b\OVޤ\]\\0\0ʜ%RaIsx=WC\W&N(<\'\wtZ\Tf\UN\x\\\\\.͕+;JV\V)҂}\ ;\0\0\0\0\0\0\0\0\0\0\0\0\0\0K6\؛QYo	\\r7GRZ\X\\\q׋?@Z&|\sSڔ\)>ݽeZ\y֫7:\w;ʵg\0\0\0\0\0\0\0\0\0\0\0\0\0\0\0\0\0\0\0\0\0\0\0\0\0\0\0/]\ϖ\O4a\WA\\Zm|\Tz^\0QyY	;y9P\\\}\X]\l\\6\yXe=f^qhW\0EK\\GwKd9(\\0\0\0\0\0\0\0\0\0\0\0\0\0\0\0\0\0\o|\'w;\]}Lh3oJVuTU^\\Kֳ-;\\}9GW)aCJ\\ӸgWr\,\n7Z~\g\IĶ~:\?D\i\U1ׯI~J#(\0@\0\0\0\0\0\0\0\0\0\0\0\0\0\0\0\0\0\0\0\0\0\0\0\0\0k\{ekt.>z*K\A?\\|6FҷΕrԎ9\\6ܟ;wrj;gSy\ԥ(\Iɬᧇeî5h۾-.j}B1̢\u\N1)$\fd \0\0\0\0\0\0\0\0\0\0`\0x\n_\\Ҥz\\x&UWFѯgk{o*u)}:|O\6x\\uōGL_/\꺼#n\<;\wJ\֋&IIty\n\nvm\n\6\0ç\e\i\#F\ڕ\nk, \\]iv=6\s>g9I\\\0\0\0\0\0\0\0\0\0\0\0\0\P\(\?y\Ե;M*ʥ\\UJ\"ۓMKZ8\\\3mWJ&\\nK\\u~\0\\zއb\$\ΥX}u:\\9ϝZ+֕Js\\\l\F@\0\0\0\0\0\0\0\0\0\0\0\0\0\0\0\0\0\0\0\0\0\0\0\0\0\0\0\Ҫzbʧ+\_	#d\Z\?C4{Y\\'YF\4N\\xwϞtiS?zM핋\R*T\\ӽݞk8\ \0\\_u\8o\\\\G4vMemvO\\\0\=ϸ\0\0\0\0\0\0\0\0\0\0\0\0\0\0\0\0\08:aN=e&^\\l-9i\F\jR$\Wn\\\0lnZ0\բ\U\ERJ?f\_qԧ:7y\l\{ze\(\RzH\?\}*RG3ixIJK\B\'\\Ԯ\7(\⣆[xk<22\0\0\0\0\0\0\0\0\0\0\0\0\0\0\0\0\0\0\0\0\0\0\0\0\0\0\0\0\0\02}\/n,n#Z޴\N>1xg`]\\IQZ\\\]I?\',Ni\դ.l.\W5\$\\%\\lK\:\4\z\\r\rh\'휂\^:V\Q\i\\\r\\]:Kt\ƭ\Z$*>\\0\0\0\0\0\0\0\0\0\0\0\0\0\0\0\0\0\0\0\0\0\0\0\0\g7n}B\x`{nJ+,\wtM֩Z\6\\N\r\^\\\\X\𷧗s\\٧\!\rGRծ\s}q;\)\ɑxn\\\pOZE\B2{|\o-\0P\0\0\0\0\0\0\0\0\0\0\0\0\0\0\0\0\0\0\0\0\0\0\0\0\0\0\0\0\0\0\0`\=v\&\V\K\.X\M8\\n6]BQ&\~h.Dwŝ\ZZJ ܩ˫^]I\j\qӫQgJVa\\\:\>ʨޫi+-Z\\\0BrKܛGP\Lq\\Z\/h2\0\0\0\0\0\0\0\0\0\0\0\0\0\0\0;zM\rZ\\.\b9\\Jͧ\%hSqV\\˕\	R=\?D\)\ze+zqPQ0Ew\N\\<mN\Ų\ݒ9\^\[ccU\n\\1S\\\H㯰>:\\hW\kvٶ\}(BRnRm@\0\0\0\0\0\0\0\0\0\0\0\0\0\0\0\0\0\0\0\0\0\0\0\0\0\0\0\0\0\0\0\0\0	)FN2]x7m\mǵ+\W+\\$\ɯ\3H\0Z\\poFV\'\\\	ƛ^eP\\\|ޏujZ~sEtK\\\ny\\\Sfc\KX;\܉\m\\\\#N.ݽY}X\I\D6\_\uHY_QnVz*J]@\\0\0\0\0\0\0\0\0\0\0\0\0GΥjt\\:^-\ͷӛ\hFP\ng=#t;8J\ZC^Me(\g\\R)Eʤ\j{gm\_L\\:&*\\\\֜\\k[ѓy>\G\ڍ\]ֽq6\R\\\H\'\\#R\\[\5VRI}p\\!gsk\ZwSRp\d\t<\0\0\0\0\0\0\0\0\0\0\0\0\0\0\0\0\0\0\0\0\0\0\0\0\0\0\0\0\0\0\0\0\0\0\0\\/隝\/sG:\hj\RF/9]\~~\7\\jz\r]g)YB>/ɹ6	Ng9#>+\]\\Q)\\\\->qOEz\\\T\\\\\+Ǒاm\0w-ԬO\0\0\0\0\0\0\0\0\0\0\0\0\0\0\0	+{}__\\*EВK\\\҄\\[fU$%\\Zж\*-GSQ\֧uu\PnF\roYeI2y\\:\-m\j%\hNiIj-Uj5nkI\Ro~\\\hm\j\kM8к,\0E\0\0\0\0\0\0\0\0\0\0\0\0\0\0\0\0\0\0\0\0\0\0\0\0\0\0\0\0\0\0\0\0\0\0\0\0\0\0`vf@\?FpQ\&o:/7vZUՏfN?\~:%i\j댯\\%\\.mQM\<8].7\ȮMFQ}R\\\k\\^\XB\kk\\jhQ{\ph)\Z\\`g?\6\0\\\0&\¹\c\w_\5\0PpSh?oN\0a\6\0\\\0&\]\\_\\/\}\-\\=fżg\\A\&\\F\~U\\\/\Qupר\0\\թ.$.N\m\n\Usӓ\jz텼ZlrrE_\0\7꾓[Ņ\n1kFKsk&\1\\\_#N\0}n.\\\sVS\\0\0\0\0\0\0\0\0\0\0\0\0\0\0\0\0\0\0\0\0\0\0\0\0\0\0\0\0\0\0\0\0\0\0\0\0\0\0\0\0\0}[\\\"Z9MF\\2;>W3qM\T椟%Jj\S\_g\rq\rpOO3F_\(\\WdV./,\B\dɹ\i:մ\T\.We\\"/mR\W\\]wWvoNm\>,\0}z@\0\0\0\0\0\0\0\0\0\0\0\0a9S\ԍ8ܞ:\nmj{\\7BRm?\1#$l-OF۔*\\\\\\ͩtF\;(γ;{31\=\\\W\4\>\\Hӧ\˱\}O\+yKG\J\Wğ\I8v^xg\\\	\Ex$\o-}A\0\0\0\0\0\0\0\0\0\0\0\0\0\0\0\0\0\0\0\0\0\0\0\0\0\0\0\0\0\0\0\0\0\0\0\0\0\0\0\0\0\0\0\0\0\0\0\0\0\0\0\0\0\0\0\0\0\0\0\0\0\0\0\0\0\0\0\0\0\0\0\0\0\0\0\0\0\0\0\0\0\0\0\0\0\0\0\0\0\0\0\0\0\0\0\0\0\0\0\0zm\\\\\qqU\/Ws7KF;_Y\K=Bާ$\TO?\\_=X\U>\\\\$)v<Mץ\V\w܊s9rn:\\|侯a1\p\I\x|©j\+\ԋ\\\\\0t/\\ҧu\3~\@}\.JvZa\[ \070\0\0\0\0\0\0\0\0\0\06\hZ\\\\0)?QB\{ihz*TU|&\\\\٢\{)1_\\\i$E.\`\b=\"dۼ𼹧igV\\:Psu)<7:\MѧYq\}U\ؑb\0>)ֽ\\\4S\NUg)\\Ryo\\\\0(\0\0\0\0\0\0\0\0\0\0\0\0\0\0\0\0\0\0\0\0\0\0\0\0\0\0\0\0\0\0\0\0\0\0\0\0\0\0\0\0\0\0\0\0\0\0\0\0\0\0\0\0\0\0\0\0\0\0\0\0\0\0\0\0\0\0\0\0\0\0\0\0\0\0\0\0\0\0\0\0\0\0\0\0\0\0\0\0\0\0\0\0\0\0\0\0\0\0\0\0\0|=\o\\R\+\\j۾h]\ʰm8\56\q\Z4\b\\\kw4.µ58k?3V-O:\\Uu(\9Ϛ\oq\\r˺\[Z\N-tk^8kU\\'{0p6\\\\gZ߼5\0w\0\0\0\0\0\0\0\0x0\ݼ\\k\j[[\\ѓI)IrFiQ8(p\nA稿Y\^\6\\>ʼ\\\\O鯴𻹅[Q(6tG܊x\F>W^O9K)|\CF<^\7\5+[zi/>2\rn][d\0\0\0\0\0\0\0\0\0\0\0\0\0\0\0\0\0\0\0\0\0\0\0\0\0\0\0\0\0\0\0\0\0\0\0\0\0\0\0\0\0\0\0\0\0\0\0\0\0\0\0\0\0\0\0\0\0\0\0\0\0\0\0\0\0\0\0\0\0\0\0\0\0\0\0\0\0\0\0\0\0\0\0\0\0\0\0\0\0\0\0\0\0\0\0\0\0\0\0\0\0\0\0\0).<\0\\\kp\\֫\\Y\1\0%p;w=\\n>\2\f\0B\ѫ\ZԡR-8\)\.\0qqCo_o}\"k\w\+\\ޚL\х\	Қ\d_\azūÑ\eM\\$\\N/\r3ǾtiMSG(\^im^\\\r\lu\_\\0\0\0\0\0\06\m\\{\sFݩK1\h\\NJ1YrxHc-+nүRj뙶\r0c\Iַ~SZ{gO7zPP\\XIa`Fsn\\\m\כ\)\ɿbE1\v[zҔ8ΒY\y\\Hm\P\;\ZWwsa\X)j+םZsRNR\\#(q\0\0\0\0\0\0\0\0\0\0\0\0\0\0\0\0\0\0\0\0\0\0\0\0\0\0\0\0\0\0\0\0\0\0\0\0\0\0\0\0\0\0\0\0\0\0\0\0\0\0\0\0\0\0\0\0\0\0\0\0\0\0\0\0\0\0\0\0\0\0\0\0\0\0\0\0\0\0\0\0\0\0\0\0\0\0\0\0\0\0\0\0\0\0\0\0\0\0\0\0\0\0\0\0\0\0\0ʕIѫӓ\\]\n\{cYͼVMBI\6\R\07My\ҫܸZ]\lKr\E\-e?4r*#^-\\0\OMz\U|̤\"kk8_YUR*Q\\ѺthVs\k=\\ޚ\\\:?g\08.\\0\0\0\0\0o\Ql\nZ\\&7\Eoz($\ZW\r6\\}^3\\0S{6\*[?\X>U\ƍ\'9\F1\\oݺ\\\z[W5\Zt\ǚoL\4*\\}\=ռ\)ӒV\p+\}x79\巖\\0\0\0\0\0\0\0\0\0\0\0\0\0\0\0\0\0\0\0\0\0\0\0\0\0\0\0\0\0\0\0\0\0\0\0\0\0\0\0\0\0\0\0\0\0\0\0\0\0\0\0\0\0\0\0\0\0\0\0\0\0\0\0\0\0\0\0\0\0\0\0\0\0\0\0\0\0\0\0\0\0\0\0\0\0\0\0\0\0\0\0\0\0\0\0\0\0\0\0\0\0\0\0\0\0\0\0\0vt\\fk}EYoV5:\0\4\\\\J.Q\$Tm\ʳ\\f\t\;\'I,c?YibqmG㸇\jIB1R\\\ͲXgCVө\ZUŴ\z2W9?juv+?ʪiҵz\\Zkݓi&8z\;\\\0}\0\0d\\~5ӦӖ{w5i.\\N.\q\gyR\rUW3i\\\kM\\rތ(PJ	(\8Is\\\\\{<}\´\N\\Mݿg7EK;jvVp\k	\.K?\q{\gmG*r_I~+8\\\إUN\\T\\')6[\\"À\0(\0\0\0\0\0\0\0\0\0\0\0\0\0\0\0\0\0\0\0\0\0\0\0\0\0\0\0\0\0\0\0\0\0\0\0\0\0\0\0\0\0\0\0\0\0\0\0\0\0\0\0\0\0\0\0\0\0\0\0\0\0\0\0\0\0\0\0\0\0\0\0\0\0\0\0\0\0\0\0\0\0\0\0\0\0\0\0\0\0\0\0\0\0\0\0\0\0\0\0\0\0\0\0\0\0\0\0\0\0jmj\ޤΌ^mwN޷\-f\jEIލjCeNᇏ%e|]ib\\p\\JO}?ĊKG4ZƓRڤs\+\VKI\\Uiӓ_c5{Xm\=ӻ\p\v\Y~A\\\k\54\cem\mm\n00J+\G)ۿA\>^UjM\>&\[my2>?+\\¬\:R\s4..n\;Wb\K\z8P\\\C\\\\}\\*\\i\YFm<ߏH\Z\Ք\\'&Y\0\0\0\0\0\0\0\0\0\0\0\0\0\0\0\0\0\0\0\0\0\0\0\0\0\0\0\0\0\0\0\0\0\0\0\0\0\0\0\0\0\0\0\0\0\0\0\0\0\0\0\0\0\0\0\0\0\0\0\0\0\0\0\0\0\0\0\0\0\0\0\0\0\0\0\0\0\0\0\0\0\0\0\0\0\0\0\0\0\0\0\0\0\0\0\0\0\0\0\0\0\0\0\0\0\0\0\0\0\0\0\ں\},\ZXɤ\\JI\\\x\\=Cp\]7TnhF}]Q\>\o\\n\\m淤\IJK\m\\,[+1\\Vi/S\a%չy\r{z\߶\żbD\>9\IӤ\ή\miVp}-\g{Zޢĩ\\\\ӽf&-z_H\ZF.Jr\\\<#rd\݄-R?ZIl4\\rgT܍Mk_\\U+H[Ҋ]?33y4\\y\B2cݾȨ{\z\B5\q\M\X(\e-\6*\.Vr\3Q\U\\ZNYd!\2\0P\0\0\0\0\0\0\0\0\0\0\0\0\0\0\0\0\0\0\0\0\0\0\0\0\0\0\0\0\0\0\0\0\0\0\0\0\0\0\0\0\0\0\0\0\0\0\0\0\0\0\0\0\0\0\0\0\0\0\0\0\0\0\0\0\0\0\0\0\0\0\0\0\0\0\0\0\0\0\0\0\0\0\0\0\0\0\0\0\0\0\0\0\0\0\0\0\0\0\0\0\0\0\0\0\0\0\0\0\0\0\0\0\0\\\\[jomB\qI{Oz4Fо=*\\e\\~x\'\\]\R\9\թ\(\n-7\\\$\3\,\q\TW\\'h\7{Rjy9).ݗ\\ <E\!m\rG\\nR\_tjvi\g-Ϛֈ;SV\\\SYrϻ%\izMJzcp@n⾧qAF)Sm{L+\cN\Kw\g5_r0̚\\Tv\ٹ\*T9\/\\,庲zDokqѭM6ğFBGsV\j꺵\\yάܲ\N\0\0\0\0\0\0\0\0\0\0\0\0\0\0\0\0\0\0\0\0\0\0\0\0\0\0\0\0\0\0\0\0\0\0\0\0\0\0\0\0\0\0\0\0\0\0\0\0\0\0\0\0\0\0\0\0\0\0\0\0\0\0\0\0\0\0\0\0\0\0\0\0\0\0\0\0\0\0\0\0\0\0\0\0\0\0\0\0\0\0\0\0\0\0\0\0\0\0\0\0\0\0\0\0\0\0\0\0\0\0\0\0\0\0\0\0pvVڛ\ʲFH¢MNQ\oq	\\QꟵ)g^6\5 \ȳ;;e+Y(4\/IM<\^n(T8\32qoq\\%J\K~cM;wTZ\2mwi&q)\V\\w}2\4m\D\\gm\Zq\\Tpdx#i-iZyZ$V\Cc\\z\R\\\x\Zr}\\nr]\\mg(e磓2<p\0\0\0\0\0\0\0\0\0\0\0\0\0\0\0\0\0\0\0\0\0\0\0\0\0\0\0\0\0\0\0\0\0\0\0\0\0\0\0\0\0\0\0\0\0\0\0\0\0\0\0\0\0\0\0\0\0\0\0\0\0\0\0\0\0\0\0\0\0\0\0\0\0\0\0\0\0\0\0\0\0\0\0\0\0\0\0\0\0\0\0\0\0\0\0\0\0\0\0\0\0\0\0\0\0\0\0\0\0\0\0\0\0\0\0\00d&pO{T\۩PQ{龙J_s(\3˪g\M:V5!&Qy8Y\gZ9U)ӌfy\O\\[B\ҫhMa⏢\\n<\0ۘZYUQ\Zq\y\r\\4\0\kJRK\\\?V\r۞{z\^ST\,?\\Z@\0\0\0\0\0\0\0\0\0\0\0\0\0\0\0\0\0\0\0\0\0\0\0\0\0\0\0\0\0\0\0\0\0\0\0\0\0\0\0\0\0\0\0\0\0\0\0\0\0\0\0\0\0\0\0\0\0\0\0\0\0\0\0\0\0\0\0\0\0\0\0\0\0\0\0\0\0\0\0\0\0\0\0\0\0\0\0\0\0\0\0\0\0\0\0\0\0\0\0\0\0\0\0\0\0\0\0\0\0\0\0\0\0\0\0\0\0\0\0\0Mʦ\\W\.#\'\?\\\\\h]Y\h<T.e\ ~\JPR]S&\\jє\P/0}\\\n\\":\*2\{\Ǻ\\IӚDJqǽ\qgJoj\qe\>а%\')\[y\1$P\0\0\0\0\0\0\0\0\0\0\0\0\0\0\0\0\0\0\0\0\0\0\0\0\0\0\0\0\0\0\0\0\0\0\0\0\0\0\0\0\0\0\0\0\0\0\0\0\0\0\0\0\0\0\0\0\0\0\0\0\0\0\0\0\0\0\0\0\0\0\0\0\0\0\0\0\0\0\0\0\0\0\0\0\0\0\0\0\0\0\0\0\0\0\0\0\0\0\0\0\0\0\0\0\0\0\0\0\0\0\0\0\0\0\0\0\0\0\0\0\0m޳ܸQS\/<e(&\\\֕)\q|?\\rE\(k\ZM\V2xIkK\4vͺQBs<\(֡y[Q\+]\MԫZNrd\3\ŞFQԥ:9}TZ\,\0\0\0\0\0\0\0\0\0\0\0\0\0\0\0\0\0\0\0\0\0\0\0\0\0\0\0\0\0\0\0\0\0\0\0\0\0\0\0\0\0\0\0\0\0\0\0\0\0\0\0\0\0\0\0\0\0\0\0\0\0\0\0\0\0\0\0\0\0\0\0\0\0\0\0\0\0\0\0\0\0\0\0\0\0\0\0\0\0\0\0\0\0\0\0\0\0\0\0\0\0\0\0\0\0\0\0\0\0\0\0\0\0\0\0\0\0\0\0\0\0\0\0\02M4\TZF\Wm\\.3^\_Ryn^\6U3z\\\\6\h\\6E\d\');
/*!40000 ALTER TABLE `user_t` ENABLE KEYS */;
UNLOCK TABLES;
/*!40103 SET TIME_ZONE=@OLD_TIME_ZONE */;

/*!40101 SET SQL_MODE=@OLD_SQL_MODE */;
/*!40014 SET FOREIGN_KEY_CHECKS=@OLD_FOREIGN_KEY_CHECKS */;
/*!40014 SET UNIQUE_CHECKS=@OLD_UNIQUE_CHECKS */;
/*!40101 SET CHARACTER_SET_CLIENT=@OLD_CHARACTER_SET_CLIENT */;
/*!40101 SET CHARACTER_SET_RESULTS=@OLD_CHARACTER_SET_RESULTS */;
/*!40101 SET COLLATION_CONNECTION=@OLD_COLLATION_CONNECTION */;
/*!40111 SET SQL_NOTES=@OLD_SQL_NOTES */;

-- Dump completed on 2017-10-28 11:57:35
